sample,time_s,elapsed_s,experiment,command_x_mps,command_y_mps,command_yaw_radps,gait_mode,stair_collision_enabled,slope_collision_enabled,foot,contact,touchdown,grf_x_n,grf_y_n,grf_z_n,grf_norm_n,toe_vx_mps,toe_vy_mps,toe_vz_mps,toe_speed_mps,precontact_vx_mps,precontact_vy_mps,precontact_vz_mps,precontact_speed_mps
0,5.002,0,baseline — trained fixed gait,0.5,0,0,0,0,0,FL,0,0,0,0,0,0,-8.411766165e-09,2.881866993e-08,1.176608469e-08,3.224460103e-08,,,,
0,5.002,0,baseline — trained fixed gait,0.5,0,0,0,0,0,FR,0,0,0,0,0,0,3.549066132e-09,7.133094515e-09,-3.139543658e-09,8.563506417e-09,,,,
0,5.002,0,baseline — trained fixed gait,0.5,0,0,0,0,0,RL,0,0,0,0,0,0,6.826422453e-11,3.319672471e-09,1.271750527e-09,3.555592035e-09,,,,
0,5.002,0,baseline — trained fixed gait,0.5,0,0,0,0,0,RR,0,0,0,0,0,0,2.16717462e-10,-5.032442247e-10,1.86187476e-10,5.786942062e-10,,,,
1,5.004,0.002,baseline — trained fixed gait,0.5,0,0,0,0,0,FL,0,0,0,0,0,0,-8.423672866e-09,2.879874535e-08,-0.01961998824,0.01961998824,,,,
1,5.004,0.002,baseline — trained fixed gait,0.5,0,0,0,0,0,FR,0,0,0,0,0,0,3.555859558e-09,7.127474168e-09,-0.01962000314,0.01962000314,,,,
1,5.004,0.002,baseline — trained fixed gait,0.5,0,0,0,0,0,RL,0,0,0,0,0,0,6.612875698e-11,3.282164343e-09,-0.01961999874,0.01961999874,,,,
1,5.004,0.002,baseline — trained fixed gait,0.5,0,0,0,0,0,RR,0,0,0,0,0,0,2.10724293e-10,-4.84374393e-10,-0.01961999982,0.01961999982,,,,
2,5.006,0.004,baseline — trained fixed gait,0.5,0,0,0,0,0,FL,0,0,0,0,0,0,-0.2940682436,-0.06272085375,-0.2895079579,0.4174025576,,,,
2,5.006,0.004,baseline — trained fixed gait,0.5,0,0,0,0,0,FR,0,0,0,0,0,0,-0.07925271341,0.02442194508,-0.1394651219,0.1622588803,,,,
2,5.006,0.004,baseline — trained fixed gait,0.5,0,0,0,0,0,RL,0,0,0,0,0,0,-0.4082891749,0.01171430352,-0.4616164702,0.6163822198,,,,
2,5.006,0.004,baseline — trained fixed gait,0.5,0,0,0,0,0,RR,0,0,0,0,0,0,-0.3597301234,0.01564107068,-0.3973953461,0.5362587677,,,,
3,5.008,0.006,baseline — trained fixed gait,0.5,0,0,0,0,0,FL,0,0,0,0,0,0,-0.5346520333,-0.137019837,-0.4883630558,0.7369706281,,,,
3,5.008,0.006,baseline — trained fixed gait,0.5,0,0,0,0,0,FR,0,0,0,0,0,0,-0.137212853,0.05561466678,-0.2296481615,0.2732373259,,,,
3,5.008,0.006,baseline — trained fixed gait,0.5,0,0,0,0,0,RL,0,0,0,0,0,0,-0.7269218275,-0.001568737258,-0.7751813625,1.062696546,,,,
3,5.008,0.006,baseline — trained fixed gait,0.5,0,0,0,0,0,RR,0,0,0,0,0,0,-0.6449485616,0.05209423489,-0.6709996333,0.9321550109,,,,
4,5.01,0.008,baseline — trained fixed gait,0.5,0,0,0,0,0,FL,0,0,0,0,0,0,-0.731993453,-0.2186262778,-0.6311884765,0.9909645591,,,,
4,5.01,0.008,baseline — trained fixed gait,0.5,0,0,0,0,0,FR,0,0,0,0,0,0,-0.1782457889,0.09113610006,-0.2968371228,0.3580357908,,,,
4,5.01,0.008,baseline — trained fixed gait,0.5,0,0,0,0,0,RL,0,0,0,0,0,0,-0.9746279718,-0.03303838554,-0.9886047989,1.388643463,,,,
4,5.01,0.008,baseline — trained fixed gait,0.5,0,0,0,0,0,RR,0,0,0,0,0,0,-0.8707752776,0.1037661422,-0.8632112319,1.23050828,,,,
5,5.012,0.01,baseline — trained fixed gait,0.5,0,0,0,0,0,FL,0,0,0,0,0,0,-0.894145358,-0.3042486603,-0.7303500958,1.193932339,,,,
5,5.012,0.01,baseline — trained fixed gait,0.5,0,0,0,0,0,FR,0,0,0,0,0,0,-0.2058577815,0.1290884488,-0.346399388,0.4231238469,,,,
5,5.012,0.01,baseline — trained fixed gait,0.5,0,0,0,0,0,RL,0,0,0,0,0,0,-1.16573277,-0.07737009388,-1.125343228,1.622133288,,,,
5,5.012,0.01,baseline — trained fixed gait,0.5,0,0,0,0,0,RR,0,0,0,0,0,0,-1.049007387,0.1662354113,-0.9926844626,1.453778921,,,,
6,5.014,0.012,baseline — trained fixed gait,0.5,0,0,0,0,0,FL,0,0,0,0,0,0,-1.105883403,-0.3844681277,-0.915425502,1.48620244,,,,
6,5.014,0.012,baseline — trained fixed gait,0.5,0,0,0,0,0,FR,0,0,0,0,0,0,-0.2710613292,0.1575043525,-0.4507449972,0.5490472819,,,,
6,5.014,0.012,baseline — trained fixed gait,0.5,0,0,0,0,0,RL,0,0,0,0,0,0,-1.251436312,-0.1807239781,-1.161896745,1.717194819,,,,
6,5.014,0.012,baseline — trained fixed gait,0.5,0,0,0,0,0,RR,0,0,0,0,0,0,-1.28376116,0.2248010798,-1.224954342,1.788600397,,,,
7,5.016,0.014,baseline — trained fixed gait,0.5,0,0,0,0,0,FL,0,0,0,0,0,0,-1.269390607,-0.4728736773,-1.03649778,1.705663999,,,,
7,5.016,0.014,baseline — trained fixed gait,0.5,0,0,0,0,0,FR,0,0,0,0,0,0,-0.3140046748,0.1919522336,-0.523921735,0.6402644611,,,,
7,5.016,0.014,baseline — trained fixed gait,0.5,0,0,0,0,0,RL,0,0,0,0,0,0,-1.312570065,-0.2821994866,-1.172470307,1.782459914,,,,
7,5.016,0.014,baseline — trained fixed gait,0.5,0,0,0,0,0,RR,0,0,0,0,0,0,-1.456254473,0.3011926821,-1.371694141,2.023101317,,,,
8,5.018,0.016,baseline — trained fixed gait,0.5,0,0,0,0,0,FL,0,0,0,0,0,0,-1.394137756,-0.5656911744,-1.109069906,1.869134196,,,,
8,5.018,0.016,baseline — trained fixed gait,0.5,0,0,0,0,0,FR,0,0,0,0,0,0,-0.3396420357,0.2300662504,-0.5736503924,0.7052389415,,,,
8,5.018,0.016,baseline — trained fixed gait,0.5,0,0,0,0,0,RL,0,0,0,0,0,0,-1.354254065,-0.3807900097,-1.16507454,1.826582543,,,,
8,5.018,0.016,baseline — trained fixed gait,0.5,0,0,0,0,0,RR,0,0,0,0,0,0,-1.579228837,0.3897984058,-1.454579034,2.182133516,,,,
9,5.02,0.018,baseline — trained fixed gait,0.5,0,0,0,0,0,FL,0,0,0,0,0,0,-1.487750497,-0.6599915459,-1.14560195,1.990325151,,,,
9,5.02,0.018,baseline — trained fixed gait,0.5,0,0,0,0,0,FR,0,0,0,0,0,0,-0.3519392546,0.2700300983,-0.6060534076,0.7510514136,,,,
9,5.02,0.018,baseline — trained fixed gait,0.5,0,0,0,0,0,RL,0,0,0,0,0,0,-1.380629381,-0.4757678143,-1.145826212,1.85618162,,,,
9,5.02,0.018,baseline — trained fixed gait,0.5,0,0,0,0,0,RR,0,0,0,0,0,0,-1.662892865,0.4861590408,-1.490935012,2.285705691,,,,
10,5.022,0.02,baseline — trained fixed gait,0.5,0,0,0,0,0,FL,0,0,0,0,0,0,-1.556413736,-0.7535345902,-1.155976581,2.080028834,,,,
10,5.022,0.02,baseline — trained fixed gait,0.5,0,0,0,0,0,FR,0,0,0,0,0,0,-0.3540720694,0.3104723873,-0.6259393377,0.7833008286,,,,
10,5.022,0.02,baseline — trained fixed gait,0.5,0,0,0,0,0,RL,0,0,0,0,0,0,-1.395026729,-0.5666291834,-1.119317422,1.876176883,,,,
10,5.022,0.02,baseline — trained fixed gait,0.5,0,0,0,0,0,RR,0,0,0,0,0,0,-1.715536354,0.5867756371,-1.494344763,2.349561001,,,,
11,5.024,0.022,baseline — trained fixed gait,0.5,0,0,0,0,0,FL,0,0,0,0,0,0,-1.643894425,-0.7877273605,-1.285768808,2.230718427,,,,
11,5.024,0.022,baseline — trained fixed gait,0.5,0,0,0,0,0,FR,0,0,0,0,0,0,-0.3079659894,0.3260640242,-0.6454613924,0.78599059,,,,
11,5.024,0.022,baseline — trained fixed gait,0.5,0,0,0,0,0,RL,0,0,0,0,0,0,-1.207558525,-0.6729351245,-0.9272355631,1.664573538,,,,
11,5.024,0.022,baseline — trained fixed gait,0.5,0,0,0,0,0,RR,0,0,0,0,0,0,-1.746329013,0.6579579274,-1.541674008,2.420605792,,,,
12,5.026,0.024,baseline — trained fixed gait,0.5,0,0,0,0,0,FL,0,0,0,0,0,0,-1.684926356,-0.8327797497,-1.355705232,2.317420034,,,,
12,5.026,0.024,baseline — trained fixed gait,0.5,0,0,0,0,0,FR,0,0,0,0,0,0,-0.2557528266,0.3425967982,-0.6544441668,0.7817155761,,,,
12,5.026,0.024,baseline — trained fixed gait,0.5,0,0,0,0,0,RL,0,0,0,0,0,0,-1.053475164,-0.7607952864,-0.785759516,1.518564258,,,,
12,5.026,0.024,baseline — trained fixed gait,0.5,0,0,0,0,0,RR,0,0,0,0,0,0,-1.742506278,0.7376108689,-1.549084502,2.445416267,,,,
13,5.028,0.026,baseline — trained fixed gait,0.5,0,0,0,0,0,FL,0,0,0,0,0,0,-1.690106787,-0.8845182142,-1.382642869,2.355957285,,,,
13,5.028,0.026,baseline — trained fixed gait,0.5,0,0,0,0,0,FR,0,0,0,0,0,0,-0.1998962773,0.3593280038,-0.6565141838,0.7746521862,,,,
13,5.028,0.026,baseline — trained fixed gait,0.5,0,0,0,0,0,RL,0,0,0,0,0,0,-0.9266778237,-0.8338037382,-0.683650787,1.421737972,,,,
13,5.028,0.026,baseline — trained fixed gait,0.5,0,0,0,0,0,RR,0,0,0,0,0,0,-1.712549219,0.8218288466,-1.529421108,2.438720239,,,,
14,5.03,0.028,baseline — trained fixed gait,0.5,0,0,0,0,0,FL,0,0,0,0,0,0,-1.668059706,-0.9397559775,-1.379720615,2.359913866,,,,
14,5.03,0.028,baseline — trained fixed gait,0.5,0,0,0,0,0,FR,0,0,0,0,0,0,-0.1423148442,0.3757493927,-0.65439248,0.767900149,,,,
14,5.03,0.028,baseline — trained fixed gait,0.5,0,0,0,0,0,RL,0,0,0,0,0,0,-0.8219409232,-0.8948846517,-0.6120388119,1.36051348,,,,
14,5.03,0.028,baseline — trained fixed gait,0.5,0,0,0,0,0,RR,0,0,0,0,0,0,-1.663337632,0.907637247,-1.492381465,2.411990856,,,,
15,5.032,0.03,baseline — trained fixed gait,0.5,0,0,0,0,0,FL,0,0,0,0,0,0,-1.625795182,-0.9960986129,-1.357006964,2.340275694,,,,
15,5.032,0.03,baseline — trained fixed gait,0.5,0,0,0,0,0,FR,0,0,0,0,0,0,-0.08448258562,0.391530078,-0.6500869013,0.7635745467,,,,
15,5.032,0.03,baseline — trained fixed gait,0.5,0,0,0,0,0,RL,0,0,0,0,0,0,-0.7348857116,-0.9463909018,-0.5639338842,1.324286288,,,,
15,5.032,0.03,baseline — trained fixed gait,0.5,0,0,0,0,0,RR,0,0,0,0,0,0,-1.600406825,0.9928157245,-1.445146578,2.373906844,,,,
16,5.034,0.032,baseline — trained fixed gait,0.5,0,0,0,0,0,FL,0,0,0,0,0,0,-1.664839833,-0.9963246606,-1.475879365,2.437739609,,,,
16,5.034,0.032,baseline — trained fixed gait,0.5,0,0,0,0,0,FR,0,0,0,0,0,0,0.06595368072,0.402783002,-0.5785123536,0.7079975833,,,,
16,5.034,0.032,baseline — trained fixed gait,0.5,0,0,0,0,0,RL,0,0,0,0,0,0,-0.5465063303,-0.9797388096,-0.4062962382,1.193161321,,,,
16,5.034,0.032,baseline — trained fixed gait,0.5,0,0,0,0,0,RR,0,0,0,0,0,0,-1.599366023,1.02859166,-1.484704941,2.412534195,,,,
17,5.036,0.034,baseline — trained fixed gait,0.5,0,0,0,0,0,FL,0,0,0,0,0,0,-1.653542003,-1.010953162,-1.534044671,2.471744425,,,,
17,5.036,0.034,baseline — trained fixed gait,0.5,0,0,0,0,0,FR,0,0,0,0,0,0,0.1985529779,0.4081134891,-0.5258645376,0.6946318571,,,,
17,5.036,0.034,baseline — trained fixed gait,0.5,0,0,0,0,0,RL,0,0,0,0,0,0,-0.4011107885,-0.9969692355,-0.3011629147,1.116036121,,,,
17,5.036,0.034,baseline — trained fixed gait,0.5,0,0,0,0,0,RR,0,0,0,0,0,0,-1.565828797,1.072217251,-1.488535587,2.411888855,,,,
18,5.038,0.036,baseline — trained fixed gait,0.5,0,0,0,0,0,FL,0,0,0,0,0,0,-1.604593871,-1.03515867,-1.549713316,2.459245072,,,,
18,5.038,0.036,baseline — trained fixed gait,0.5,0,0,0,0,0,FR,0,0,0,0,0,0,0.3156374291,0.4089705447,-0.4885111676,0.7110042573,,,,
18,5.038,0.036,baseline — trained fixed gait,0.5,0,0,0,0,0,RL,0,0,0,0,0,0,-0.2893733831,-1.002356749,-0.2356644618,1.069576433,,,,
18,5.038,0.036,baseline — trained fixed gait,0.5,0,0,0,0,0,RR,0,0,0,0,0,0,-1.508562449,1.119989451,-1.468416881,2.38461426,,,,
19,5.04,0.038,baseline — trained fixed gait,0.5,0,0,0,0,0,FL,0,0,0,0,0,0,-1.528241634,-1.065281184,-1.536835576,2.414996911,,,,
19,5.04,0.038,baseline — trained fixed gait,0.5,0,0,0,0,0,FR,0,0,0,0,0,0,0.4192123861,0.4065456574,-0.4634744749,0.7455380507,,,,
19,5.04,0.038,baseline — trained fixed gait,0.5,0,0,0,0,0,RL,0,0,0,0,0,0,-0.2037603203,-0.9992192825,-0.1998694898,1.0391849,,,,
19,5.04,0.038,baseline — trained fixed gait,0.5,0,0,0,0,0,RR,0,0,0,0,0,0,-1.434509198,1.169142192,-1.433223309,2.340692025,,,,
20,5.042,0.04,baseline — trained fixed gait,0.5,0,0,0,0,0,FL,0,0,0,0,0,0,-1.43271825,-1.098598894,-1.505891507,2.351023255,,,,
20,5.042,0.04,baseline — trained fixed gait,0.5,0,0,0,0,0,FR,0,0,0,0,0,0,0.510993393,0.4018236299,-0.4483174183,0.7896613102,,,,
20,5.042,0.04,baseline — trained fixed gait,0.5,0,0,0,0,0,RL,0,0,0,0,0,0,-0.1382718134,-0.9900796917,-0.1861145533,1.016865535,,,,
20,5.042,0.04,baseline — trained fixed gait,0.5,0,0,0,0,0,RR,0,0,0,0,0,0,-1.349244759,1.217729072,-1.389370017,2.28772257,,,,
21,5.044,0.042,baseline — trained fixed gait,0.5,0,0,0,0,0,FL,0,0,0,0,0,0,-1.471858216,-1.10389322,-1.601037718,2.43890726,,,,
21,5.044,0.042,baseline — trained fixed gait,0.5,0,0,0,0,0,FR,0,0,0,0,0,0,0.6266265753,0.3962408755,-0.4192532027,0.8517282103,,,,
21,5.044,0.042,baseline — trained fixed gait,0.5,0,0,0,0,0,RL,0,0,0,0,0,0,-0.04005748102,-0.971426813,-0.1148636826,0.9790139532,,,,
21,5.044,0.042,baseline — trained fixed gait,0.5,0,0,0,0,0,RR,0,0,0,0,0,0,-1.35695499,1.206461747,-1.457060559,2.328068355,,,,
22,5.046,0.044,baseline — trained fixed gait,0.5,0,0,0,0,0,FL,0,0,0,0,0,0,-1.4611295,-1.121801836,-1.641849557,2.467591689,,,,
22,5.046,0.044,baseline — trained fixed gait,0.5,0,0,0,0,0,FR,0,0,0,0,0,0,0.7277999162,0.38790532,-0.4018801336,0.9174262352,,,,
22,5.046,0.044,baseline — trained fixed gait,0.5,0,0,0,0,0,RL,0,0,0,0,0,0,0.02843778852,-0.9435487775,-0.0778103364,0.94717868,,,,
22,5.046,0.044,baseline — trained fixed gait,0.5,0,0,0,0,0,RR,0,0,0,0,0,0,-1.324347097,1.206115312,-1.481210499,2.324348064,,,,
23,5.048,0.046,baseline — trained fixed gait,0.5,0,0,0,0,0,FL,0,0,0,0,0,0,-1.413729511,-1.147779468,-1.645290149,2.454181842,,,,
23,5.048,0.046,baseline — trained fixed gait,0.5,0,0,0,0,0,FR,0,0,0,0,0,0,0.8165123646,0.377786424,-0.39367953,0.9820379809,,,,
23,5.048,0.046,baseline — trained fixed gait,0.5,0,0,0,0,0,RL,0,0,0,0,0,0,0.07445616629,-0.9095967008,-0.06607216458,0.9150275459,,,,
23,5.048,0.046,baseline — trained fixed gait,0.5,0,0,0,0,0,RR,0,0,0,0,0,0,-1.262642029,1.21250183,-1.475736119,2.289590067,,,,
24,5.05,0.048,baseline — trained fixed gait,0.5,0,0,0,0,0,FL,0,0,0,0,0,0,-1.340165591,-1.178440638,-1.624200803,2.413046704,,,,
24,5.05,0.048,baseline — trained fixed gait,0.5,0,0,0,0,0,FR,0,0,0,0,0,0,0.8944295298,0.3666547756,-0.3926226613,1.043356345,,,,
24,5.05,0.048,baseline — trained fixed gait,0.5,0,0,0,0,0,RL,0,0,0,0,0,0,0.1036613128,-0.8719296628,-0.07279583221,0.8810824239,,,,
24,5.05,0.048,baseline — trained fixed gait,0.5,0,0,0,0,0,RR,0,0,0,0,0,0,-1.180678056,1.222555201,-1.451081461,2.234788423,,,,
25,5.052,0.05,baseline — trained fixed gait,0.5,0,0,0,0,0,FL,0,0,0,0,0,0,-1.24874994,-1.211303282,-1.588105316,2.355570112,,,,
25,5.052,0.05,baseline — trained fixed gait,0.5,0,0,0,0,0,FR,0,0,0,0,0,0,0.9629345647,0.3551136313,-0.3970808602,1.100464391,,,,
25,5.052,0.05,baseline — trained fixed gait,0.5,0,0,0,0,0,RL,0,0,0,0,0,0,0.1204428363,-0.832287003,-0.09270609026,0.8460511517,,,,
25,5.052,0.05,baseline — trained fixed gait,0.5,0,0,0,0,0,RR,0,0,0,0,0,0,-1.085368631,1.234072559,-1.414939209,2.168643149,,,,
26,5.054,0.052,baseline — trained fixed gait,0.5,0,0,0,0,0,FL,0,0,0,0,0,0,-1.270067615,-1.216723825,-1.652979149,2.413675347,,,,
26,5.054,0.052,baseline — trained fixed gait,0.5,0,0,0,0,0,FR,0,0,0,0,0,0,1.027864975,0.3477639599,-0.4138686472,1.161349833,,,,
26,5.054,0.052,baseline — trained fixed gait,0.5,0,0,0,0,0,RL,0,0,0,0,0,0,0.1542903149,-0.7849541055,-0.08903824009,0.8049138198,,,,
26,5.054,0.052,baseline — trained fixed gait,0.5,0,0,0,0,0,RR,0,0,0,0,0,0,-0.9860588229,1.20486694,-1.418321197,2.106098612,,,,
27,5.056,0.054,baseline — trained fixed gait,0.5,0,0,0,0,0,FL,0,0,0,0,0,0,-1.247407269,-1.231808811,-1.674223538,2.424129183,,,,
27,5.056,0.054,baseline — trained fixed gait,0.5,0,0,0,0,0,FR,0,0,0,0,0,0,1.086641827,0.3405437145,-0.4311692103,1.217648294,,,,
27,5.056,0.054,baseline — trained fixed gait,0.5,0,0,0,0,0,RL,0,0,0,0,0,0,0.173771641,-0.7354531155,-0.1010697852,0.7624322723,,,,
27,5.056,0.054,baseline — trained fixed gait,0.5,0,0,0,0,0,RR,0,0,0,0,0,0,-0.8680363713,1.181119098,-1.402373107,2.028590594,,,,
28,5.058,0.056,baseline — trained fixed gait,0.5,0,0,0,0,0,FL,0,0,0,0,0,0,-1.193217853,-1.252812847,-1.666214929,2.401995226,,,,
28,5.058,0.056,baseline — trained fixed gait,0.5,0,0,0,0,0,FR,0,0,0,0,0,0,1.139635406,0.3336872379,-0.4488187798,1.269470097,,,,
28,5.058,0.056,baseline — trained fixed gait,0.5,0,0,0,0,0,RL,0,0,0,0,0,0,0.1826599226,-0.6852485316,-0.1242472395,0.7199774815,,,,
28,5.058,0.056,baseline — trained fixed gait,0.5,0,0,0,0,0,RR,0,0,0,0,0,0,-0.7385447719,1.160596855,-1.374687105,1.944787412,,,,
29,5.06,0.058,baseline — trained fixed gait,0.5,0,0,0,0,0,FL,0,0,0,0,0,0,-1.117252678,-1.277004933,-1.639662429,2.359552506,,,,
29,5.06,0.058,baseline — trained fixed gait,0.5,0,0,0,0,0,FR,0,0,0,0,0,0,1.187181351,0.3273711537,-0.4666802137,1.316951728,,,,
29,5.06,0.058,baseline — trained fixed gait,0.5,0,0,0,0,0,RL,0,0,0,0,0,0,0.1838565468,-0.6353824449,-0.1550775333,0.6793843702,,,,
29,5.06,0.058,baseline — trained fixed gait,0.5,0,0,0,0,0,RR,0,0,0,0,0,0,-0.6031339125,1.141728008,-1.340710434,1.861402113,,,,
30,5.062,0.06,baseline — trained fixed gait,0.5,0,0,0,0,0,FL,0,0,0,0,0,0,-1.027085578,-1.30243101,-1.602374916,2.306260326,,,,
30,5.062,0.06,baseline — trained fixed gait,0.5,0,0,0,0,0,FR,0,0,0,0,0,0,1.229584786,0.3217229335,-0.484642556,1.360243654,,,,
30,5.062,0.06,baseline — trained fixed gait,0.5,0,0,0,0,0,RL,0,0,0,0,0,0,0.179576561,-0.5865742771,-0.1909010274,0.6424642605,,,,
30,5.062,0.06,baseline — trained fixed gait,0.5,0,0,0,0,0,RR,0,0,0,0,0,0,-0.4659923382,1.123437632,-1.304259059,1.78335433,,,,
31,5.064,0.062,baseline — trained fixed gait,0.5,0,0,0,0,0,FL,0,0,0,0,0,0,-1.078338924,-1.295523938,-1.679807544,2.379695463,,,,
31,5.064,0.062,baseline — trained fixed gait,0.5,0,0,0,0,0,FR,0,0,0,0,0,0,1.267667827,0.3253180266,-0.4846546641,1.395601549,,,,
31,5.064,0.062,baseline — trained fixed gait,0.5,0,0,0,0,0,RL,0,0,0,0,0,0,0.1864312207,-0.5323805514,-0.2184844735,0.6049141399,,,,
31,5.064,0.062,baseline — trained fixed gait,0.5,0,0,0,0,0,RR,0,0,0,0,0,0,-0.384883916,1.088835732,-1.325474017,1.758004622,,,,
32,5.066,0.064,baseline — trained fixed gait,0.5,0,0,0,0,0,FL,0,0,0,0,0,0,-1.079832863,-1.299283012,-1.710638755,2.404258786,,,,
32,5.066,0.064,baseline — trained fixed gait,0.5,0,0,0,0,0,FR,0,0,0,0,0,0,1.297557671,0.3270254896,-0.4903980428,1.425163788,,,,
32,5.066,0.064,baseline — trained fixed gait,0.5,0,0,0,0,0,RL,0,0,0,0,0,0,0.188008481,-0.4793069618,-0.2505430729,0.5725855254,,,,
32,5.066,0.064,baseline — trained fixed gait,0.5,0,0,0,0,0,RR,0,0,0,0,0,0,-0.2867372286,1.059222704,-1.327870621,1.72261759,,,,
33,5.068,0.066,baseline — trained fixed gait,0.5,0,0,0,0,0,FL,0,0,0,0,0,0,-1.045682487,-1.309764981,-1.71000416,2.394378916,,,,
33,5.068,0.066,baseline — trained fixed gait,0.5,0,0,0,0,0,FR,0,0,0,0,0,0,1.320469856,0.3274354003,-0.5005539467,1.449623688,,,,
33,5.068,0.066,baseline — trained fixed gait,0.5,0,0,0,0,0,RL,0,0,0,0,0,0,0.1857507792,-0.4279194332,-0.2853690236,0.5468581836,,,,
33,5.068,0.066,baseline — trained fixed gait,0.5,0,0,0,0,0,RR,0,0,0,0,0,0,-0.1783010356,1.032734395,-1.318156415,1.68400354,,,,
34,5.07,0.068,baseline — trained fixed gait,0.5,0,0,0,0,0,FL,0,0,0,0,0,0,-0.9868218565,-1.324111457,-1.689172889,2.362285668,,,,
34,5.07,0.068,baseline — trained fixed gait,0.5,0,0,0,0,0,FR,0,0,0,0,0,0,1.337403159,0.3270073603,-0.5140675561,1.469641615,,,,
34,5.07,0.068,baseline — trained fixed gait,0.5,0,0,0,0,0,RL,0,0,0,0,0,0,0.1807578534,-0.3785793694,-0.3216800688,0.5286528229,,,,
34,5.07,0.068,baseline — trained fixed gait,0.5,0,0,0,0,0,RR,0,0,0,0,0,0,-0.06468058456,1.0080606,-1.301195547,1.647264279,,,,
35,5.072,0.07,baseline — trained fixed gait,0.5,0,0,0,0,0,FL,0,0,0,0,0,0,-0.9116571529,-1.340282924,-1.656359725,2.317542798,,,,
35,5.072,0.07,baseline — trained fixed gait,0.5,0,0,0,0,0,FR,0,0,0,0,0,0,1.349178052,0.326094134,-0.5301008496,1.4858081,,,,
35,5.072,0.07,baseline — trained fixed gait,0.5,0,0,0,0,0,RL,0,0,0,0,0,0,0.1738616981,-0.3314953841,-0.3585292199,0.5183244942,,,,
35,5.072,0.07,baseline — trained fixed gait,0.5,0,0,0,0,0,RR,0,0,0,0,0,0,0.05031418556,0.9843051424,-1.280449621,1.615840141,,,,
36,5.074,0.072,baseline — trained fixed gait,0.5,0,0,0,0,0,FL,0,0,0,0,0,0,-0.9817043423,-1.336801702,-1.710152534,2.382310622,,,,
36,5.074,0.072,baseline — trained fixed gait,0.5,0,0,0,0,0,FR,0,0,0,0,0,0,1.353910631,0.3326120486,-0.515985754,1.486588736,,,,
36,5.074,0.072,baseline — trained fixed gait,0.5,0,0,0,0,0,RL,0,0,0,0,0,0,0.1655625819,-0.2828860367,-0.394439872,0.512853089,,,,
36,5.074,0.072,baseline — trained fixed gait,0.5,0,0,0,0,0,RR,0,0,0,0,0,0,0.0643504208,0.9612308478,-1.321815987,1.635635418,,,,
37,5.076,0.074,baseline — trained fixed gait,0.5,0,0,0,0,0,FL,0,0,0,0,0,0,-1.005583613,-1.341479418,-1.724926152,2.405438767,,,,
37,5.076,0.074,baseline — trained fixed gait,0.5,0,0,0,0,0,FR,0,0,0,0,0,0,1.349191274,0.335605901,-0.5133693536,1.4820582,,,,
37,5.076,0.074,baseline — trained fixed gait,0.5,0,0,0,0,0,RL,0,0,0,0,0,0,0.1562487945,-0.2364012225,-0.4301742573,0.5151204863,,,,
37,5.076,0.074,baseline — trained fixed gait,0.5,0,0,0,0,0,RR,0,0,0,0,0,0,0.09970346152,0.9426787293,-1.341488037,1.642611981,,,,
38,5.078,0.076,baseline — trained fixed gait,0.5,0,0,0,0,0,FL,0,0,0,0,0,0,-0.9965049597,-1.350983074,-1.713817138,2.399030342,,,,
38,5.078,0.076,baseline — trained fixed gait,0.5,0,0,0,0,0,FR,0,0,0,0,0,0,1.337081125,0.3360049879,-0.5195932901,1.473316828,,,,
38,5.078,0.076,baseline — trained fixed gait,0.5,0,0,0,0,0,RL,0,0,0,0,0,0,0.1463150507,-0.1921635738,-0.465353159,0.5242980982,,,,
38,5.078,0.076,baseline — trained fixed gait,0.5,0,0,0,0,0,RR,0,0,0,0,0,0,0.1492128392,0.926869711,-1.346478432,1.64144939,,,,
39,5.08,0.078,baseline — trained fixed gait,0.5,0,0,0,0,0,FL,1,1,-59.9476077,187.4938851,474.6711615,513.8680611,-0.9645854233,-1.362945645,-1.686516404,2.373264303,-0.9965049597,-1.350983074,-1.713817138,2.399030342
39,5.08,0.078,baseline — trained fixed gait,0.5,0,0,0,0,0,FR,0,0,0,0,0,0,1.319226602,0.3345280692,-0.5325327878,1.461457843,,,,
39,5.08,0.078,baseline — trained fixed gait,0.5,0,0,0,0,0,RL,0,0,0,0,0,0,0.1359969228,-0.1503155526,-0.499654796,0.5392076071,,,,
39,5.08,0.078,baseline — trained fixed gait,0.5,0,0,0,0,0,RR,0,0,0,0,0,0,0.2074764311,0.912541121,-1.341973994,1.636053779,,,,
40,5.082,0.08,baseline — trained fixed gait,0.5,0,0,0,0,0,FL,1,0,-25.42614652,105.6605285,483.5783338,495.6396283,-0.5563391662,-0.8454346431,-1.035899619,1.448226855,,,,
40,5.082,0.08,baseline — trained fixed gait,0.5,0,0,0,0,0,FR,0,0,0,0,0,0,1.294101769,0.3108499155,-0.5520136559,1.440849102,,,,
40,5.082,0.08,baseline — trained fixed gait,0.5,0,0,0,0,0,RL,0,0,0,0,0,0,0.1241600915,-0.1180704163,-0.5318714872,0.5587876434,,,,
40,5.082,0.08,baseline — trained fixed gait,0.5,0,0,0,0,0,RR,0,0,0,0,0,0,0.2713056352,0.9077574668,-1.329219338,1.63231566,,,,
41,5.084,0.082,baseline — trained fixed gait,0.5,0,0,0,0,0,FL,1,0,-3.871155805,50.62644288,435.6935981,438.642148,-0.3350196647,-0.5026396786,-0.5864408953,0.8419012685,,,,
41,5.084,0.082,baseline — trained fixed gait,0.5,0,0,0,0,0,FR,0,0,0,0,0,0,1.283488621,0.3067730065,-0.5090783556,1.414430447,,,,
41,5.084,0.082,baseline — trained fixed gait,0.5,0,0,0,0,0,RL,0,0,0,0,0,0,0.1106196661,-0.08395652068,-0.5698881938,0.5865645415,,,,
41,5.084,0.082,baseline — trained fixed gait,0.5,0,0,0,0,0,RR,0,0,0,0,0,0,0.1928837713,0.9063275505,-1.400494513,1.679291118,,,,
42,5.086,0.084,baseline — trained fixed gait,0.5,0,0,0,0,0,FL,1,0,12.67352044,17.1561577,403.0468603,403.6108564,-0.2094546846,-0.2960646643,-0.2989130453,0.4699729343,,,,
42,5.086,0.084,baseline — trained fixed gait,0.5,0,0,0,0,0,FR,0,0,0,0,0,0,1.260068475,0.3090762613,-0.4887513462,1.386426549,,,,
42,5.086,0.084,baseline — trained fixed gait,0.5,0,0,0,0,0,RL,0,0,0,0,0,0,0.1000036116,-0.05108750201,-0.6049541196,0.6152886656,,,,
42,5.086,0.084,baseline — trained fixed gait,0.5,0,0,0,0,0,RR,1,1,-174.8483107,-134.4497532,563.9554629,605.5529969,0.1471486541,0.9031248983,-1.443417509,1.709017675,0.1928837713,0.9063275505,-1.400494513,1.679291118
43,5.088,0.086,baseline — trained fixed gait,0.5,0,0,0,0,0,FL,1,0,24.35044687,-9.081988542,384.6234662,385.5005026,-0.1380435582,-0.1711255777,-0.1167339104,0.2489313021,,,,
43,5.088,0.086,baseline — trained fixed gait,0.5,0,0,0,0,0,FR,0,0,0,0,0,0,1.226914959,0.3155191073,-0.4847866122,1.356425702,,,,
43,5.088,0.086,baseline — trained fixed gait,0.5,0,0,0,0,0,RL,0,0,0,0,0,0,0.09059566512,-0.01436039867,-0.637616238,0.6441803028,,,,
43,5.088,0.086,baseline — trained fixed gait,0.5,0,0,0,0,0,RR,1,0,-112.5784115,-68.23198248,467.561906,485.740299,0.08908548504,0.5378981954,-0.8141262483,0.9798327615,,,,
44,5.09,0.088,baseline — trained fixed gait,0.5,0,0,0,0,0,FL,1,0,32.93324901,-25.75781787,374.1869499,376.515521,-0.09750406611,-0.09529951745,-0.004290721877,0.1364091318,,,,
44,5.09,0.088,baseline — trained fixed gait,0.5,0,0,0,0,0,FR,0,0,0,0,0,0,1.188313515,0.3242777775,-0.4927402056,1.326664236,,,,
44,5.09,0.088,baseline — trained fixed gait,0.5,0,0,0,0,0,RL,0,0,0,0,0,0,0.08502705361,0.007955991341,-0.667178135,0.6726214102,,,,
44,5.09,0.088,baseline — trained fixed gait,0.5,0,0,0,0,0,RR,1,0,-71.10243084,-28.22141023,407.7281017,414.84239,0.0471274274,0.3194341415,-0.4140052602,0.5250328758,,,,
45,5.092,0.09,baseline — trained fixed gait,0.5,0,0,0,0,0,FL,1,0,34.61936626,-44.0808329,429.6952049,433.3354237,-0.07448782253,-0.04921267417,0.06219512431,0.1088051308,,,,
45,5.092,0.09,baseline — trained fixed gait,0.5,0,0,0,0,0,FR,0,0,0,0,0,0,1.14611895,0.3341176682,-0.5086264586,1.297661026,,,,
45,5.092,0.09,baseline — trained fixed gait,0.5,0,0,0,0,0,RL,0,0,0,0,0,0,0.08323599237,0.02052831532,-0.6923862926,0.6976735772,,,,
45,5.092,0.09,baseline — trained fixed gait,0.5,0,0,0,0,0,RR,1,0,-10.09619708,-2.261823863,456.4367782,456.5540291,0.01923832365,0.1868727158,-0.1612503751,0.2475746523,,,,
46,5.094,0.092,baseline — trained fixed gait,0.5,0,0,0,0,0,FL,1,0,38.56552752,-50.90881437,429.0712335,433.7984909,-0.06057691109,-0.02016188432,0.09462871039,0.1141519013,,,,
46,5.094,0.092,baseline — trained fixed gait,0.5,0,0,0,0,0,FR,0,0,0,0,0,0,1.138874704,0.3406567049,-0.4335899422,1.265339013,,,,
46,5.094,0.092,baseline — trained fixed gait,0.5,0,0,0,0,0,RL,0,0,0,0,0,0,0.1952415354,0.02701637907,-0.6167809355,0.6475089685,,,,
46,5.094,0.092,baseline — trained fixed gait,0.5,0,0,0,0,0,RR,1,0,8.234731455,13.42377931,432.7497905,433.0362454,-0.003544647997,0.1058245063,-0.006132161496,0.106061275,,,,
47,5.096,0.094,baseline — trained fixed gait,0.5,0,0,0,0,0,FL,1,0,41.42097669,-55.46564289,430.7198734,436.2473429,-0.05252716251,-0.00251508935,0.1093855071,0.1213697559,,,,
47,5.096,0.094,baseline — trained fixed gait,0.5,0,0,0,0,0,FR,0,0,0,0,0,0,1.114827303,0.3425035002,-0.38887888,1.229380066,,,,
47,5.096,0.094,baseline — trained fixed gait,0.5,0,0,0,0,0,RL,0,0,0,0,0,0,0.2870468462,0.03296214584,-0.5643938559,0.6340526946,,,,
47,5.096,0.094,baseline — trained fixed gait,0.5,0,0,0,0,0,RR,1,0,20.50826239,23.5257656,418.6658527,419.8275202,-0.01815600701,0.05665698656,0.08644084522,0.1049365258,,,,
48,5.098,0.096,baseline — trained fixed gait,0.5,0,0,0,0,0,FL,1,0,43.50097659,-58.6034916,433.882704,439.9783007,-0.0478130018,0.008203553563,0.1129783852,0.1229532307,,,,
48,5.098,0.096,baseline — trained fixed gait,0.5,0,0,0,0,0,FR,0,0,0,0,0,0,1.07848153,0.3410043097,-0.3669175239,1.18913196,,,,
48,5.098,0.096,baseline — trained fixed gait,0.5,0,0,0,0,0,RL,0,0,0,0,0,0,0.3626992557,0.03846059914,-0.5293252392,0.642818152,,,,
48,5.098,0.096,baseline — trained fixed gait,0.5,0,0,0,0,0,RR,1,0,28.68448342,30.16800252,410.995808,413.0986107,-0.02731432412,0.0268215155,0.1378267775,0.1430443518,,,,
49,5.1,0.098,baseline — trained fixed gait,0.5,0,0,0,0,0,FL,1,0,45.03766116,-60.8585876,438.0286697,444.5236485,-0.04497137661,0.01471242814,0.1097626419,0.1195270589,,,,
49,5.1,0.098,baseline — trained fixed gait,0.5,0,0,0,0,0,FR,0,0,0,0,0,0,1.033370886,0.3372208801,-0.3617473454,1.145615316,,,,
49,5.1,0.098,baseline — trained fixed gait,0.5,0,0,0,0,0,RL,0,0,0,0,0,0,0.4254155009,0.04338413974,-0.50705558,0.6632992486,,,,
49,5.1,0.098,baseline — trained fixed gait,0.5,0,0,0,0,0,RR,1,0,34.10367381,34.64270817,407.5967529,410.4854331,-0.03291537425,0.008728656708,0.1624158694,0.1659473589,,,,
50,5.102,0.1,baseline — trained fixed gait,0.5,0,0,0,0,0,FL,1,0,34.61551163,-53.68902868,470.2156138,474.5350029,-0.04316449866,0.01866357682,0.1026253288,0.1128869397,,,,
50,5.102,0.1,baseline — trained fixed gait,0.5,0,0,0,0,0,FR,0,0,0,0,0,0,0.982242418,0.3319797403,-0.3686921244,1.100429279,,,,
50,5.102,0.1,baseline — trained fixed gait,0.5,0,0,0,0,0,RL,0,0,0,0,0,0,0.4777448549,0.0475789907,-0.4941231713,0.6889569038,,,,
50,5.102,0.1,baseline — trained fixed gait,0.5,0,0,0,0,0,RR,1,0,65.42915788,38.76055905,396.1636025,403.3967719,-0.03622628372,-0.002216595466,0.1699188254,0.1737517314,,,,
51,5.104,0.102,baseline — trained fixed gait,0.5,0,0,0,0,0,FL,1,0,34.96336461,-55.22773201,474.9631523,479.4398141,-0.04001992719,0.01990830111,0.09168589229,0.102001166,,,,
51,5.104,0.102,baseline — trained fixed gait,0.5,0,0,0,0,0,FR,0,0,0,0,0,0,0.9412111937,0.3202078058,-0.358075354,1.056706917,,,,
51,5.104,0.102,baseline — trained fixed gait,0.5,0,0,0,0,0,RL,0,0,0,0,0,0,0.5783816581,0.04202223336,-0.4069669008,0.7084583749,,,,
51,5.104,0.102,baseline — trained fixed gait,0.5,0,0,0,0,0,RR,1,0,68.27133419,40.50082809,398.2354304,406.0698834,-0.04205524002,-0.00897477103,0.1676490995,0.1730763135,,,,
52,5.106,0.104,baseline — trained fixed gait,0.5,0,0,0,0,0,FL,1,0,35.28125046,-56.59694303,479.6970019,484.3110511,-0.03787009533,0.02070657237,0.08071567926,0.09153101735,,,,
52,5.106,0.104,baseline — trained fixed gait,0.5,0,0,0,0,0,FR,0,0,0,0,0,0,0.8941768464,0.3082218903,-0.3600779248,1.012032153,,,,
52,5.106,0.104,baseline — trained fixed gait,0.5,0,0,0,0,0,RL,0,0,0,0,0,0,0.6538919721,0.04164050634,-0.3492839447,0.7425011226,,,,
52,5.106,0.104,baseline — trained fixed gait,0.5,0,0,0,0,0,RR,1,0,70.13822771,41.77672131,401.6399899,409.8528356,-0.0453595519,-0.01301854438,0.1588714596,0.1657320492,,,,
53,5.108,0.106,baseline — trained fixed gait,0.5,0,0,0,0,0,FL,1,0,35.58203231,-57.84948006,484.3621399,489.1005274,-0.03630383059,0.02122560991,0.07021000597,0.08184094067,,,,
53,5.108,0.106,baseline — trained fixed gait,0.5,0,0,0,0,0,FR,0,0,0,0,0,0,0.8432411009,0.2965658377,-0.3710217519,0.9678140269,,,,
53,5.108,0.106,baseline — trained fixed gait,0.5,0,0,0,0,0,RL,0,0,0,0,0,0,0.7098586317,0.04483171601,-0.3136476895,0.777357082,,,,
53,5.108,0.106,baseline — trained fixed gait,0.5,0,0,0,0,0,RR,1,0,71.37173556,42.7726846,405.8617803,414.303285,-0.04709624175,-0.0154047794,0.1465648108,0.1547145985,,,,
54,5.11,0.108,baseline — trained fixed gait,0.5,0,0,0,0,0,FL,1,0,35.87499727,-59.02026394,488.9201791,493.7745928,-0.03507841478,0.02157216533,0.06044365137,0.07313883026,,,,
54,5.11,0.108,baseline — trained fixed gait,0.5,0,0,0,0,0,FR,0,0,0,0,0,0,0.7900221963,0.2856030795,-0.3880221998,0.9253461067,,,,
54,5.11,0.108,baseline — trained fixed gait,0.5,0,0,0,0,0,RL,0,0,0,0,0,0,0.7507207511,0.05034084727,-0.2942674214,0.8079041789,,,,
54,5.11,0.108,baseline — trained fixed gait,0.5,0,0,0,0,0,RR,1,0,72.20218098,43.60454357,410.557703,419.1326027,-0.04787746937,-0.01678538602,0.1326551342,0.1420260042,,,,
55,5.112,0.11,baseline — trained fixed gait,0.5,0,0,0,0,0,FL,1,0,32.10552424,-55.62184174,501.9462767,506.0381592,-0.03405383012,0.02181292709,0.05154764461,0.06551814099,,,,
55,5.112,0.11,baseline — trained fixed gait,0.5,0,0,0,0,0,FR,0,0,0,0,0,0,0.7357543574,0.2755595702,-0.408834739,0.8856711551,,,,
55,5.112,0.11,baseline — trained fixed gait,0.5,0,0,0,0,0,RL,0,0,0,0,0,0,0.7799791641,0.05720115507,-0.286639342,0.8329475259,,,,
55,5.112,0.11,baseline — trained fixed gait,0.5,0,0,0,0,0,RR,1,0,95.68249398,38.35842678,366.3956263,380.6208921,-0.04807641686,-0.01755776215,0.1183667354,0.128958524,,,,
56,5.114,0.112,baseline — trained fixed gait,0.5,0,0,0,0,0,FL,1,0,32.0720467,-56.75799291,505.7684273,509.9527311,-0.03230268239,0.02140935627,0.04304104111,0.05791679416,,,,
56,5.114,0.112,baseline — trained fixed gait,0.5,0,0,0,0,0,FR,0,0,0,0,0,0,0.682238452,0.2754980812,-0.438674785,0.8566119688,,,,
56,5.114,0.112,baseline — trained fixed gait,0.5,0,0,0,0,0,RL,0,0,0,0,0,0,0.8287183657,0.06261205319,-0.2252373526,0.8610611266,,,,
56,5.114,0.112,baseline — trained fixed gait,0.5,0,0,0,0,0,RR,1,0,96.75803627,38.96011469,372.5288957,386.8562863,-0.05148377893,-0.01724660117,0.1077415711,0.1206493716,,,,
57,5.116,0.114,baseline — trained fixed gait,0.5,0,0,0,0,0,FL,1,0,32.09635947,-57.87429688,509.3561615,513.6373329,-0.03087812938,0.0212094162,0.03567549967,0.05173045028,,,,
57,5.116,0.114,baseline — trained fixed gait,0.5,0,0,0,0,0,FR,0,0,0,0,0,0,0.6308160055,0.276319246,-0.4666924311,0.8319152504,,,,
57,5.116,0.114,baseline — trained fixed gait,0.5,0,0,0,0,0,RL,0,0,0,0,0,0,0.8568691552,0.07198315065,-0.1903491262,0.8807037601,,,,
57,5.116,0.114,baseline — trained fixed gait,0.5,0,0,0,0,0,RR,1,0,97.50353432,39.60122288,378.9422645,393.2841668,-0.05330843987,-0.0171119557,0.09644245586,0.1115157212,,,,
58,5.118,0.116,baseline — trained fixed gait,0.5,0,0,0,0,0,FL,1,0,32.16292318,-58.96429067,512.7270684,517.1076173,-0.02965895515,0.02112865332,0.02932663498,0.04675601706,,,,
58,5.118,0.116,baseline — trained fixed gait,0.5,0,0,0,0,0,FR,0,0,0,0,0,0,0.5816755345,0.2780057139,-0.4924717779,0.8112718758,,,,
58,5.118,0.116,baseline — trained fixed gait,0.5,0,0,0,0,0,RL,0,0,0,0,0,0,0.8696992583,0.08381925492,-0.1750016014,0.8910825034,,,,
58,5.118,0.116,baseline — trained fixed gait,0.5,0,0,0,0,0,RR,1,0,98.04501377,40.2730467,385.4650815,399.7725254,-0.05417410507,-0.01707111537,0.08520847521,0.1024047894,,,,
59,5.12,0.118,baseline — trained fixed gait,0.5,0,0,0,0,0,FL,1,0,32.26058339,-60.02503654,515.8943598,520.3755766,-0.02857080265,0.02111807524,0.02387618576,0.04280579531,,,,
59,5.12,0.118,baseline — trained fixed gait,0.5,0,0,0,0,0,FR,0,0,0,0,0,0,0.5349282171,0.2805013538,-0.5157530456,0.7942483308,,,,
59,5.12,0.118,baseline — trained fixed gait,0.5,0,0,0,0,0,RL,0,0,0,0,0,0,0.871330843,0.09699110321,-0.1737455667,0.893762963,,,,
59,5.12,0.118,baseline — trained fixed gait,0.5,0,0,0,0,0,RR,1,0,98.46493951,40.96974681,391.9869293,406.2359132,-0.05446753675,-0.0170817279,0.07447572893,0.09383566586,,,,
60,5.122,0.12,baseline — trained fixed gait,0.5,0,0,0,0,0,FL,1,0,30.47108502,-60.67933636,518.9317291,523.3551455,-0.02756895437,0.02114878343,0.0192145338,0.03970537236,,,,
60,5.122,0.12,baseline — trained fixed gait,0.5,0,0,0,0,0,FR,0,0,0,0,0,0,0.490627136,0.2837250529,-0.5363965565,0.7803436153,,,,
60,5.122,0.12,baseline — trained fixed gait,0.5,0,0,0,0,0,RL,0,0,0,0,0,0,0.8649608185,0.110660558,-0.1823413102,0.8908711075,,,,
60,5.122,0.12,baseline — trained fixed gait,0.5,0,0,0,0,0,RR,1,0,115.183007,36.49444706,370.9166681,390.1001723,-0.0544193244,-0.01711989888,0.06448688504,0.08609943175,,,,
61,5.124,0.122,baseline — trained fixed gait,0.5,0,0,0,0,0,FL,1,0,30.64220806,-61.8008831,521.3049314,525.848957,-0.02630528813,0.02116602754,0.01674043729,0.03768568888,,,,
61,5.124,0.122,baseline — trained fixed gait,0.5,0,0,0,0,0,FR,0,0,0,0,0,0,0.4468088636,0.2955600509,-0.571060205,0.7830093627,,,,
61,5.124,0.122,baseline — trained fixed gait,0.5,0,0,0,0,0,RL,0,0,0,0,0,0,0.887175373,0.1163184734,-0.1409879685,0.9058077815,,,,
61,5.124,0.122,baseline — trained fixed gait,0.5,0,0,0,0,0,RR,1,0,116.0909819,37.20983112,377.4275794,396.6273633,-0.05674961547,-0.01678948473,0.05883300234,0.08344895337,,,,
62,5.126,0.124,baseline — trained fixed gait,0.5,0,0,0,0,0,FL,1,0,30.79479474,-62.86458131,523.5523715,528.2114734,-0.0251894675,0.02120768158,0.01426016349,0.03588352398,,,,
62,5.126,0.124,baseline — trained fixed gait,0.5,0,0,0,0,0,FR,0,0,0,0,0,0,0.4079038843,0.3079566955,-0.5977640741,0.7864761874,,,,
62,5.126,0.124,baseline — trained fixed gait,0.5,0,0,0,0,0,RL,0,0,0,0,0,0,0.8932304854,0.1246944032,-0.1223595436,0.9101545211,,,,
62,5.126,0.124,baseline — trained fixed gait,0.5,0,0,0,0,0,RR,1,0,116.7951729,37.96697597,384.0435627,403.2022591,-0.05801246856,-0.01668976783,0.05260823476,0.0800725997,,,,
63,5.128,0.126,baseline — trained fixed gait,0.5,0,0,0,0,0,FL,1,0,30.9363991,-63.87522112,525.661708,530.4312735,-0.024174346,0.021254735,0.01189789778,0.03431796521,,,,
63,5.128,0.126,baseline — trained fixed gait,0.5,0,0,0,0,0,FR,0,0,0,0,0,0,0.3732874979,0.3207159656,-0.6177483438,0.7898197914,,,,
63,5.128,0.126,baseline — trained fixed gait,0.5,0,0,0,0,0,RL,0,0,0,0,0,0,0.8876226748,0.1345970438,-0.1202493288,0.9057871042,,,,
63,5.128,0.126,baseline — trained fixed gait,0.5,0,0,0,0,0,RR,1,0,117.3632107,38.74353066,390.6546463,409.7392305,-0.05856856828,-0.0167015707,0.04632554778,0.07651977543,,,,
64,5.13,0.128,baseline — trained fixed gait,0.5,0,0,0,0,0,FL,1,0,31.0707716,-64.83819987,527.625652,532.5018438,-0.02322432321,0.02130063197,0.009724055638,0.03297943858,,,,
64,5.13,0.128,baseline — trained fixed gait,0.5,0,0,0,0,0,FR,0,0,0,0,0,0,0.3424370977,0.3336612112,-0.6320666066,0.7925283369,,,,
64,5.13,0.128,baseline — trained fixed gait,0.5,0,0,0,0,0,RL,0,0,0,0,0,0,0.8738423807,0.1451438887,-0.1298061169,0.8952747527,,,,
64,5.13,0.128,baseline — trained fixed gait,0.5,0,0,0,0,0,RR,1,0,117.8493654,39.53161891,397.1907437,416.1871078,-0.05869991362,-0.01677313812,0.04026588463,0.07313247901,,,,
65,5.132,0.13,baseline — trained fixed gait,0.5,0,0,0,0,0,FL,1,0,15.21573215,-62.34408933,504.2875203,508.354411,-0.02231851116,0.02134261092,0.007771555919,0.03184368168,,,,
65,5.132,0.13,baseline — trained fixed gait,0.5,0,0,0,0,0,FR,0,0,0,0,0,0,0.3149137148,0.3466371316,-0.6416113567,0.7943507297,,,,
65,5.132,0.13,baseline — trained fixed gait,0.5,0,0,0,0,0,RL,0,0,0,0,0,0,0.854573215,0.1556941337,-0.1472604329,0.8810344364,,,,
65,5.132,0.13,baseline — trained fixed gait,0.5,0,0,0,0,0,RR,1,0,119.2818137,38.88463512,401.1687857,420.3291099,-0.05857521497,-0.01687443127,0.03458962779,0.07008740679,,,,
66,5.134,0.132,baseline — trained fixed gait,0.5,0,0,0,0,0,FL,1,0,-83.48137749,-63.99476638,738.7226323,746.173973,-0.0196223481,0.02095759764,0.007698537694,0.02972414719,,,,
66,5.134,0.132,baseline — trained fixed gait,0.5,0,0,0,0,0,FR,0,0,0,0,0,0,0.2893610446,0.3613482755,-0.6550058039,0.8020816626,,,,
66,5.134,0.132,baseline — trained fixed gait,0.5,0,0,0,0,0,RL,0,0,0,0,0,0,0.871123038,0.1583060912,-0.1189479465,0.893344715,,,,
66,5.134,0.132,baseline — trained fixed gait,0.5,0,0,0,0,0,RR,1,0,119.6506666,40.6956653,407.9011289,427.0313222,-0.05836922279,-0.01678211807,0.02953048838,0.06753262471,,,,
67,5.136,0.134,baseline — trained fixed gait,0.5,0,0,0,0,0,FL,1,0,-80.40628223,-72.23737941,728.5802087,736.5544988,-0.003555537628,0.02075513253,-0.008245320578,0.02261421424,,,,
67,5.136,0.134,baseline — trained fixed gait,0.5,0,0,0,0,0,FR,0,0,0,0,0,0,0.2664424824,0.3697422109,-0.6640054826,0.8053596587,,,,
67,5.136,0.134,baseline — trained fixed gait,0.5,0,0,0,0,0,RL,0,0,0,0,0,0,0.8806284542,0.1339468991,-0.1055310943,0.8969866543,,,,
67,5.136,0.134,baseline — trained fixed gait,0.5,0,0,0,0,0,RR,1,0,120.1032381,39.12879398,413.9514944,432.7952057,-0.05840047224,-0.0170800761,0.02490610001,0.06574692369,,,,
68,5.138,0.136,baseline — trained fixed gait,0.5,0,0,0,0,0,FL,1,0,-78.7492878,-79.89082892,723.0357108,731.6861581,0.00557491955,0.02148418038,-0.01673314405,0.02779654375,,,,
68,5.138,0.136,baseline — trained fixed gait,0.5,0,0,0,0,0,FR,0,0,0,0,0,0,0.2460826051,0.3847422116,-0.6691879235,0.8101825071,,,,
68,5.138,0.136,baseline — trained fixed gait,0.5,0,0,0,0,0,RL,0,0,0,0,0,0,0.8822770953,0.1195710276,-0.1012438568,0.896080589,,,,
68,5.138,0.136,baseline — trained fixed gait,0.5,0,0,0,0,0,RR,1,0,120.534804,38.00095442,419.6390489,438.2575075,-0.05824831844,-0.01702441367,0.0207726588,0.0641420347,,,,
69,5.14,0.138,baseline — trained fixed gait,0.5,0,0,0,0,0,FL,1,0,-77.03212906,-91.41103223,718.6632218,728.5374061,0.01088608829,0.02269011225,-0.02080456315,0.03265238062,,,,
69,5.14,0.138,baseline — trained fixed gait,0.5,0,0,0,0,0,FR,0,0,0,0,0,0,0.2280535893,0.4045584475,-0.6710675735,0.8160929268,,,,
69,5.14,0.138,baseline — trained fixed gait,0.5,0,0,0,0,0,RL,0,0,0,0,0,0,0.8781452251,0.1121285175,-0.1033266448,0.8912845989,,,,
69,5.14,0.138,baseline — trained fixed gait,0.5,0,0,0,0,0,RR,1,0,120.921459,36.86891148,424.9251838,443.3313972,-0.05797242776,-0.01681434116,0.01709872732,0.06273667926,,,,
70,5.142,0.14,baseline — trained fixed gait,0.5,0,0,0,0,0,FL,1,0,-94.7897757,-90.61238525,685.4810342,697.9111363,0.01397931083,0.0247019629,-0.02219144012,0.03602871239,,,,
70,5.142,0.14,baseline — trained fixed gait,0.5,0,0,0,0,0,FR,0,0,0,0,0,0,0.2123776879,0.4288027487,-0.6699631027,0.8233022765,,,,
70,5.142,0.14,baseline — trained fixed gait,0.5,0,0,0,0,0,RL,0,0,0,0,0,0,0.8696235857,0.110630569,-0.1097147172,0.883471348,,,,
70,5.142,0.14,baseline — trained fixed gait,0.5,0,0,0,0,0,RR,1,0,121.2557375,35.1743869,429.6047627,447.7727588,-0.05757631512,-0.01650493823,0.01385304921,0.06147643468,,,,
71,5.144,0.142,baseline — trained fixed gait,0.5,0,0,0,0,0,FL,1,0,-98.35177761,-101.7913924,694.7197713,708.9923275,0.01804941454,0.02562822577,-0.02004386822,0.03720677323,,,,
71,5.144,0.142,baseline — trained fixed gait,0.5,0,0,0,0,0,FR,0,0,0,0,0,0,0.1857156125,0.4568448532,-0.6920983519,0.849822121,,,,
71,5.144,0.142,baseline — trained fixed gait,0.5,0,0,0,0,0,RL,0,0,0,0,0,0,0.8795645137,0.1133939256,-0.08875124691,0.8912736392,,,,
71,5.144,0.142,baseline — trained fixed gait,0.5,0,0,0,0,0,RR,1,0,121.6532415,34.64973683,433.813032,451.8781497,-0.05704421165,-0.01606938955,0.01101351095,0.06027905761,,,,
72,5.146,0.144,baseline — trained fixed gait,0.5,0,0,0,0,0,FL,1,0,-104.4720501,-114.2234521,709.9990054,726.6773658,0.02114917786,0.02750756801,-0.01868394646,0.03940867769,,,,
72,5.146,0.144,baseline — trained fixed gait,0.5,0,0,0,0,0,FR,0,0,0,0,0,0,0.1642863608,0.4872765219,-0.7045264621,0.8722304472,,,,
72,5.146,0.144,baseline — trained fixed gait,0.5,0,0,0,0,0,RL,0,0,0,0,0,0,0.8815839598,0.1184900068,-0.07754364096,0.8928847496,,,,
72,5.146,0.144,baseline — trained fixed gait,0.5,0,0,0,0,0,RR,1,0,122.0394554,34.22587146,437.6255673,455.6107726,-0.05647613775,-0.01573435891,0.00854118222,0.0592458942,,,,
73,5.148,0.146,baseline — trained fixed gait,0.5,0,0,0,0,0,FL,1,0,-111.417731,-126.6338962,726.9719474,746.2829669,0.02401252348,0.03009161553,-0.0182440811,0.04260226642,,,,
73,5.148,0.146,baseline — trained fixed gait,0.5,0,0,0,0,0,FR,0,0,0,0,0,0,0.1473014855,0.5193731767,-0.7089758591,0.8911189556,,,,
73,5.148,0.146,baseline — trained fixed gait,0.5,0,0,0,0,0,RL,0,0,0,0,0,0,0.8776840368,0.1243772516,-0.07323370518,0.8894729589,,,,
73,5.148,0.146,baseline — trained fixed gait,0.5,0,0,0,0,0,RR,1,0,122.4252597,33.92561114,441.0368745,458.9688617,-0.05587941795,-0.01547572975,0.006405211458,0.05833553201,,,,
74,5.15,0.148,baseline — trained fixed gait,0.5,0,0,0,0,0,FL,1,0,-118.1592232,-138.0730669,743.0906409,764.9898524,0.02685042406,0.03308163849,-0.0184648345,0.0464358718,,,,
74,5.15,0.148,baseline — trained fixed gait,0.5,0,0,0,0,0,FR,0,0,0,0,0,0,0.1340896212,0.5524249698,-0.7068430191,0.9070724489,,,,
74,5.15,0.148,baseline — trained fixed gait,0.5,0,0,0,0,0,RL,0,0,0,0,0,0,0.869410054,0.1300640185,-0.07357147746,0.8821582926,,,,
74,5.15,0.148,baseline — trained fixed gait,0.5,0,0,0,0,0,RR,1,0,122.8184894,33.7720263,444.0566371,461.9645312,-0.05526316454,-0.0152803408,0.004575551045,0.05751905629,,,,
75,5.152,0.15,baseline — trained fixed gait,0.5,0,0,0,0,0,FL,1,0,-135.662353,-133.7401155,715.3329876,740.264801,0.02964221132,0.03618174695,-0.01899961337,0.05048529303,,,,
75,5.152,0.15,baseline — trained fixed gait,0.5,0,0,0,0,0,FR,0,0,0,0,0,0,0.1240691387,0.5857177595,-0.6992753192,0.9205674429,,,,
75,5.152,0.15,baseline — trained fixed gait,0.5,0,0,0,0,0,RL,0,0,0,0,0,0,0.8579475677,0.1348788096,-0.07682047242,0.8718759701,,,,
75,5.152,0.15,baseline — trained fixed gait,0.5,0,0,0,0,0,RR,1,0,123.2181102,33.0566747,446.5171852,464.3845853,-0.05463672971,-0.01514210235,0.003023430099,0.0567767261,,,,
76,5.154,0.152,baseline — trained fixed gait,0.5,0,0,0,0,0,FL,1,0,-140.9083886,-141.7190642,727.8316927,754.7704552,0.03350628825,0.03732606776,-0.0168044486,0.05289892418,,,,
76,5.154,0.152,baseline — trained fixed gait,0.5,0,0,0,0,0,FR,0,0,0,0,0,0,0.1066982497,0.617970893,-0.7055082159,0.9439355824,,,,
76,5.154,0.152,baseline — trained fixed gait,0.5,0,0,0,0,0,RL,0,0,0,0,0,0,0.8386862009,0.1387469118,-0.08602622282,0.8544271532,,,,
76,5.154,0.152,baseline — trained fixed gait,0.5,0,0,0,0,0,RR,1,0,123.6718888,33.21886778,448.6115409,466.5303247,-0.05396705497,-0.01496667378,0.001733655183,0.05603079427,,,,
77,5.156,0.154,baseline — trained fixed gait,0.5,0,0,0,0,0,FL,1,0,-144.6276153,-147.9298281,736.3757753,764.8853925,0.03666546979,0.03894582697,-0.01574414014,0.0557585156,,,,
77,5.156,0.154,baseline — trained fixed gait,0.5,0,0,0,0,0,FR,0,0,0,0,0,0,0.09365789735,0.6496451031,-0.7034474327,0.9621064661,,,,
77,5.156,0.154,baseline — trained fixed gait,0.5,0,0,0,0,0,RL,0,0,0,0,0,0,0.8186930133,0.1404909511,-0.09440378565,0.8360071962,,,,
77,5.156,0.154,baseline — trained fixed gait,0.5,0,0,0,0,0,RR,1,0,124.1409142,33.4908532,450.3887259,468.3829718,-0.05331807106,-0.01489133039,0.000669731184,0.05536259534,,,,
78,5.158,0.156,baseline — trained fixed gait,0.5,0,0,0,0,0,FL,1,0,-146.7383194,-152.2847055,740.8439056,770.4365375,0.03918199767,0.04060032444,-0.01513456105,0.0584180642,,,,
78,5.158,0.156,baseline — trained fixed gait,0.5,0,0,0,0,0,FR,0,0,0,0,0,0,0.08411103293,0.6801572028,-0.6948243196,0.9759453476,,,,
78,5.158,0.156,baseline — trained fixed gait,0.5,0,0,0,0,0,RL,0,0,0,0,0,0,0.7982708154,0.1402139582,-0.1015522798,0.8168286934,,,,
78,5.158,0.156,baseline — trained fixed gait,0.5,0,0,0,0,0,RR,1,0,124.623314,33.86061082,451.8780922,469.96949,-0.05268857402,-0.01488554708,-0.0001934061237,0.05475128081,,,,
79,5.16,0.158,baseline — trained fixed gait,0.5,0,0,0,0,0,FL,1,0,-147.322103,-154.9049023,741.4928537,771.6935809,0.04110590572,0.0420346728,-0.014541354,0.06056451253,,,,
79,5.16,0.158,baseline — trained fixed gait,0.5,0,0,0,0,0,FR,0,0,0,0,0,0,0.07735178481,0.7090054962,-0.6810757521,0.9861725368,,,,
79,5.16,0.158,baseline — trained fixed gait,0.5,0,0,0,0,0,RL,0,0,0,0,0,0,0.7776238886,0.1380719079,-0.1072378245,0.7970336974,,,,
79,5.16,0.158,baseline — trained fixed gait,0.5,0,0,0,0,0,RR,1,0,125.1158298,34.30738229,453.1086206,471.3155943,-0.05207780894,-0.01492965197,-0.000879386159,0.05418270953,,,,
80,5.162,0.16,baseline — trained fixed gait,0.5,0,0,0,0,0,FL,1,0,-150.8486164,-143.6119819,699.1142677,729.4795855,0.04247802471,0.04311832961,-0.01372848129,0.06206483812,,,,
80,5.162,0.16,baseline — trained fixed gait,0.5,0,0,0,0,0,FR,0,0,0,0,0,0,0.07278735882,0.7357911588,-0.6633927239,0.9933662643,,,,
80,5.162,0.16,baseline — trained fixed gait,0.5,0,0,0,0,0,RL,0,0,0,0,0,0,0.7568846472,0.1342588727,-0.1113519015,0.7767232841,,,,
80,5.162,0.16,baseline — trained fixed gait,0.5,0,0,0,0,0,RR,1,0,125.6194309,34.31633233,453.9632839,472.271654,-0.05148469212,-0.01500933418,-0.001410305303,0.05364645931,,,,
81,5.164,0.162,baseline — trained fixed gait,0.5,0,0,0,0,0,FL,1,0,-149.8019244,-144.3205344,696.3334567,726.7388225,0.04367087848,0.04222348726,-0.009987856305,0.06156074867,,,,
81,5.164,0.162,baseline — trained fixed gait,0.5,0,0,0,0,0,FR,0,0,0,0,0,0,0.05180842291,0.7563311333,-0.6779607496,1.017030813,,,,
81,5.164,0.162,baseline — trained fixed gait,0.5,0,0,0,0,0,RL,0,0,0,0,0,0,0.7157180938,0.1286162511,-0.1415947585,0.7408397975,,,,
81,5.164,0.162,baseline — trained fixed gait,0.5,0,0,0,0,0,RR,1,0,126.1458817,34.83075047,454.599858,473.0613021,-0.05087728679,-0.01504489638,-0.001797181622,0.05308556376,,,,
82,5.166,0.164,baseline — trained fixed gait,0.5,0,0,0,0,0,FL,1,0,-148.5725607,-144.8544434,693.0204544,723.4182509,0.04438357944,0.04173516177,-0.007303374308,0.06136012654,,,,
82,5.166,0.164,baseline — trained fixed gait,0.5,0,0,0,0,0,FR,0,0,0,0,0,0,0.03673519491,0.7756854335,-0.680179033,1.032318208,,,,
82,5.166,0.164,baseline — trained fixed gait,0.5,0,0,0,0,0,RL,0,0,0,0,0,0,0.6794010706,0.1204220423,-0.16231006,0.7088242649,,,,
82,5.166,0.164,baseline — trained fixed gait,0.5,0,0,0,0,0,RR,1,0,126.6644918,35.29831377,455.0402141,473.6575354,-0.05029261738,-0.01512259644,-0.002065765702,0.05255766046,,,,
83,5.168,0.166,baseline — trained fixed gait,0.5,0,0,0,0,0,FL,1,0,-147.1772969,-145.1844677,689.2262317,719.5640937,0.0447803821,0.04145361491,-0.005315179928,0.06125304848,,,,
83,5.168,0.166,baseline — trained fixed gait,0.5,0,0,0,0,0,FR,0,0,0,0,0,0,0.02627977343,0.7935269878,-0.672967006,1.040797914,,,,
83,5.168,0.166,baseline — trained fixed gait,0.5,0,0,0,0,0,RL,0,0,0,0,0,0,0.6469464544,0.110219876,-0.1753026647,0.6792784114,,,,
83,5.168,0.166,baseline — trained fixed gait,0.5,0,0,0,0,0,RR,1,0,127.173842,35.72133606,455.2903282,474.0659056,-0.04972262271,-0.01521554703,-0.002233142873,0.05204650812,,,,
84,5.17,0.168,baseline — trained fixed gait,0.5,0,0,0,0,0,FL,1,0,-145.6277913,-145.3013428,684.9827005,715.2071265,0.04497325129,0.04126597389,-0.003782297427,0.06115373829,,,,
84,5.17,0.168,baseline — trained fixed gait,0.5,0,0,0,0,0,FR,0,0,0,0,0,0,0.01939637788,0.8096114989,-0.6586733419,1.043885803,,,,
84,5.17,0.168,baseline — trained fixed gait,0.5,0,0,0,0,0,RL,0,0,0,0,0,0,0.6175515262,0.09845480675,-0.1820798864,0.6513189092,,,,
84,5.17,0.168,baseline — trained fixed gait,0.5,0,0,0,0,0,RR,1,0,127.6728874,36.1019875,455.356066,474.2919634,-0.04916221482,-0.01530906219,-0.002314209929,0.05154266503,,,,
85,5.172,0.17,baseline — trained fixed gait,0.5,0,0,0,0,0,FL,1,0,-143.5424188,-134.6189088,644.617296,673.9867469,0.04502806631,0.04110605214,-0.002547815559,0.06102233724,,,,
85,5.172,0.17,baseline — trained fixed gait,0.5,0,0,0,0,0,FR,0,0,0,0,0,0,0.0152376347,0.823765044,-0.6391750327,1.042768314,,,,
85,5.172,0.17,baseline — trained fixed gait,0.5,0,0,0,0,0,RL,0,0,0,0,0,0,0.590565097,0.08549500846,-0.1838947761,0.6244147812,,,,
85,5.172,0.17,baseline — trained fixed gait,0.5,0,0,0,0,0,RR,1,0,128.1674918,36.08397214,455.1329112,474.2097909,-0.04860816976,-0.01539543036,-0.002321951497,0.05104081604,,,,
86,5.174,0.172,baseline — trained fixed gait,0.5,0,0,0,0,0,FL,1,0,-141.6847889,-134.4300347,640.0438202,669.1801741,0.0447489104,0.0395902321,0.0008421734256,0.05975416903,,,,
86,5.174,0.172,baseline — trained fixed gait,0.5,0,0,0,0,0,FR,0,0,0,0,0,0,-0.0120140995,0.8314286453,-0.6643780395,1.064338344,,,,
86,5.174,0.172,baseline — trained fixed gait,0.5,0,0,0,0,0,RL,0,0,0,0,0,0,0.5390858494,0.07135044479,-0.2215465811,0.5871859387,,,,
86,5.174,0.172,baseline — trained fixed gait,0.5,0,0,0,0,0,RR,1,0,128.6729395,36.43490109,454.7349747,473.9916925,-0.04803474928,-0.0154167192,-0.002260527847,0.05049873618,,,,
87,5.176,0.174,baseline — trained fixed gait,0.5,0,0,0,0,0,FL,1,0,-139.7787171,-134.0967486,635.2368819,664.1128849,0.04447636697,0.0386354184,0.002985722905,0.05898946783,,,,
87,5.176,0.174,baseline — trained fixed gait,0.5,0,0,0,0,0,FR,0,0,0,0,0,0,-0.03120251192,0.8385215916,-0.672519732,1.075348709,,,,
87,5.176,0.174,baseline — trained fixed gait,0.5,0,0,0,0,0,RL,0,0,0,0,0,0,0.4956245615,0.05485061945,-0.2446602162,0.5554375913,,,,
87,5.176,0.174,baseline — trained fixed gait,0.5,0,0,0,0,0,RR,1,0,129.1648265,36.73106653,454.1789781,473.6151051,-0.04747298403,-0.01545065259,-0.002145211705,0.04997007916,,,,
88,5.178,0.176,baseline — trained fixed gait,0.5,0,0,0,0,0,FL,1,0,-137.798362,-133.5726917,630.164201,658.7389261,0.0441930415,0.0379841629,0.004329128957,0.0584342614,,,,
88,5.178,0.176,baseline — trained fixed gait,0.5,0,0,0,0,0,FR,0,0,0,0,0,0,-0.04414803934,0.8445940623,-0.6677965275,1.07760864,,,,
88,5.178,0.176,baseline — trained fixed gait,0.5,0,0,0,0,0,RL,0,0,0,0,0,0,0.4584679929,0.03670671259,-0.2564229261,0.5265861756,,,,
88,5.178,0.176,baseline — trained fixed gait,0.5,0,0,0,0,0,RR,1,0,129.6428958,36.97886028,453.4687594,473.0841704,-0.04691814798,-0.0154834021,-0.001985559072,0.04944684818,,,,
89,5.18,0.178,baseline — trained fixed gait,0.5,0,0,0,0,0,FL,1,0,-135.7552966,-132.8947735,624.8749355,653.1150025,0.04389319033,0.03748507533,0.005170300257,0.05795235142,,,,
89,5.18,0.178,baseline — trained fixed gait,0.5,0,0,0,0,0,FR,0,0,0,0,0,0,-0.05232243445,0.8493170121,-0.6535724402,1.072955711,,,,
89,5.18,0.178,baseline — trained fixed gait,0.5,0,0,0,0,0,RL,0,0,0,0,0,0,0.4262404892,0.01748414357,-0.2594314688,0.499290834,,,,
89,5.18,0.178,baseline — trained fixed gait,0.5,0,0,0,0,0,RR,1,0,130.1063702,37.17928136,452.6085221,472.4028374,-0.04636749046,-0.01550836049,-0.001789584902,0.04892500415,,,,
90,5.182,0.18,baseline — trained fixed gait,0.5,0,0,0,0,0,FL,1,0,-132.1455569,-122.9778492,589.3438646,616.3701731,0.04357479266,0.03705561177,0.005699793919,0.05748363741,,,,
90,5.182,0.18,baseline — trained fixed gait,0.5,0,0,0,0,0,FR,0,0,0,0,0,0,-0.05691151036,0.8524705138,-0.6325212149,1.063027744,,,,
90,5.182,0.18,baseline — trained fixed gait,0.5,0,0,0,0,0,RL,0,0,0,0,0,0,0.3978393887,-0.002362567463,-0.2557877291,0.4729789882,,,,
90,5.182,0.18,baseline — trained fixed gait,0.5,0,0,0,0,0,RR,1,0,130.5480721,36.91750102,451.5039246,471.446174,-0.04581939006,-0.01552234914,-0.001564198489,0.04840254689,,,,
91,5.184,0.182,baseline — trained fixed gait,0.5,0,0,0,0,0,FL,1,0,-129.8925992,-122.0572966,583.8822292,610.4822099,0.04289545022,0.03549692243,0.008020232406,0.0562527802,,,,
91,5.184,0.182,baseline — trained fixed gait,0.5,0,0,0,0,0,FR,0,0,0,0,0,0,-0.09360559883,0.8520308387,-0.6694335403,1.087593593,,,,
91,5.184,0.182,baseline — trained fixed gait,0.5,0,0,0,0,0,RL,0,0,0,0,0,0,0.3402374231,-0.02053883616,-0.2996620312,0.4538509456,,,,
91,5.184,0.182,baseline — trained fixed gait,0.5,0,0,0,0,0,RR,1,0,131.0102147,37.13530034,450.2531133,470.3940613,-0.04524705187,-0.015468879,-0.001306709236,0.04783606808,,,,
92,5.186,0.184,baseline — trained fixed gait,0.5,0,0,0,0,0,FL,1,0,-127.6380221,-121.023407,578.3303836,604.4866933,0.04231684011,0.0344316432,0.009301941972,0.055342381,,,,
92,5.186,0.184,baseline — trained fixed gait,0.5,0,0,0,0,0,FR,0,0,0,0,0,0,-0.119680624,0.851278213,-0.6842361667,1.098716151,,,,
92,5.186,0.184,baseline — trained fixed gait,0.5,0,0,0,0,0,RL,0,0,0,0,0,0,0.2933438978,-0.04119913814,-0.324436914,0.4393259866,,,,
92,5.186,0.184,baseline — trained fixed gait,0.5,0,0,0,0,0,RR,1,0,131.4548776,37.28977612,448.8799305,469.216479,-0.04468492457,-0.01543679919,-0.001029100618,0.04728737993,,,,
93,5.188,0.186,baseline — trained fixed gait,0.5,0,0,0,0,0,FL,1,0,-125.3598379,-119.8584849,572.6652473,598.3532659,0.04179001829,0.03363689316,0.009932237115,0.05455726849,,,,
93,5.188,0.186,baseline — trained fixed gait,0.5,0,0,0,0,0,FR,0,0,0,0,0,0,-0.1375404735,0.8497090377,-0.6825054646,1.098515607,,,,
93,5.188,0.186,baseline — trained fixed gait,0.5,0,0,0,0,0,RL,0,0,0,0,0,0,0.2548406888,-0.06344100517,-0.3345666913,0.4253274135,,,,
93,5.188,0.186,baseline — trained fixed gait,0.5,0,0,0,0,0,RR,1,0,131.8821213,37.38777841,447.3862623,467.9158125,-0.04412872846,-0.01540850919,-0.0007369287701,0.04674729826,,,,
94,5.19,0.188,baseline — trained fixed gait,0.5,0,0,0,0,0,FL,1,0,-123.0419676,-118.5590438,566.8659165,592.0578857,0.04128898338,0.03298372279,0.01016676418,0.05381513924,,,,
94,5.19,0.188,baseline — trained fixed gait,0.5,0,0,0,0,0,FR,0,0,0,0,0,0,-0.1491226692,0.8469728739,-0.6686952923,1.0893824,,,,
94,5.19,0.188,baseline — trained fixed gait,0.5,0,0,0,0,0,RL,0,0,0,0,0,0,0.222867889,-0.08655410855,-0.3336468275,0.4104654859,,,,
94,5.19,0.188,baseline — trained fixed gait,0.5,0,0,0,0,0,RR,1,0,132.2921743,37.43544381,445.7746018,466.4950455,-0.04357621689,-0.01537538144,-0.0004346580971,0.04621123197,,,,
95,5.192,0.19,baseline — trained fixed gait,0.5,0,0,0,0,0,FL,1,0,-118.9373217,-109.5192747,536.6144779,560.4423752,0.04079556012,0.0323968618,0.0101714236,0.05307817101,,,,
95,5.192,0.19,baseline — trained fixed gait,0.5,0,0,0,0,0,FR,0,0,0,0,0,0,-0.1559862426,0.8428386251,-0.6463306559,1.073523159,,,,
95,5.192,0.19,baseline — trained fixed gait,0.5,0,0,0,0,0,RL,0,0,0,0,0,0,0.1959357718,-0.109980864,-0.3245565727,0.3947449632,,,,
95,5.192,0.19,baseline — trained fixed gait,0.5,0,0,0,0,0,RR,1,0,132.6610656,36.99051153,443.9671766,464.8377246,-0.04302606404,-0.01533369098,-0.0001256986641,0.04567690955,,,,
96,5.194,0.192,baseline — trained fixed gait,0.5,0,0,0,0,0,FL,1,0,-116.4742776,-108.0144219,530.7352332,553.9975275,0.03996026866,0.0308706079,0.01165552474,0.05182343833,,,,
96,5.194,0.192,baseline — trained fixed gait,0.5,0,0,0,0,0,FR,0,0,0,0,0,0,-0.1983064008,0.8376185061,-0.6883919785,1.102185876,,,,
96,5.194,0.192,baseline — trained fixed gait,0.5,0,0,0,0,0,RL,0,0,0,0,0,0,0.1331522639,-0.1292721664,-0.3736545313,0.4172032205,,,,
96,5.194,0.192,baseline — trained fixed gait,0.5,0,0,0,0,0,RR,1,0,133.0652514,37.09934505,442.0279658,463.1106187,-0.04244953026,-0.01522767192,0.0001957219442,0.04509859109,,,,
97,5.196,0.194,baseline — trained fixed gait,0.5,0,0,0,0,0,FL,1,0,-114.0253325,-106.4380122,524.8368123,547.5258044,0.03924331915,0.02975783471,0.01232961322,0.05076993389,,,,
97,5.196,0.194,baseline — trained fixed gait,0.5,0,0,0,0,0,FR,0,0,0,0,0,0,-0.2280982167,0.8319856465,-0.7050822465,1.1141678,,,,
97,5.196,0.194,baseline — trained fixed gait,0.5,0,0,0,0,0,RL,0,0,0,0,0,0,0.08358625389,-0.1513210068,-0.3994756473,0.435276351,,,,
97,5.196,0.194,baseline — trained fixed gait,0.5,0,0,0,0,0,RR,1,0,133.4328918,37.1210674,439.9181993,461.2053039,-0.04188517271,-0.01515058166,0.0005203184507,0.04454411913,,,,
98,5.198,0.196,baseline — trained fixed gait,0.5,0,0,0,0,0,FL,1,0,-109.0471582,-115.7130175,515.2298479,539.2055093,0.03859208152,0.02887624865,0.01250686381,0.04979566382,,,,
98,5.198,0.196,baseline — trained fixed gait,0.5,0,0,0,0,0,FR,1,1,-39.8342107,-110.6968139,125.4425205,171.9778326,-0.2482122228,0.8254844265,-0.7029919265,1.112309082,-0.2280982167,0.8319856465,-0.7050822465,1.1141678
98,5.198,0.196,baseline — trained fixed gait,0.5,0,0,0,0,0,RL,0,0,0,0,0,0,0.04438037511,-0.1750186395,-0.407650848,0.4458479065,,,,
98,5.198,0.196,baseline — trained fixed gait,0.5,0,0,0,0,0,RR,1,0,133.7932678,36.18841909,437.4463452,458.8785733,-0.04132714384,-0.01507956116,0.0008494297065,0.04400053993,,,,
99,5.2,0.198,baseline — trained fixed gait,0.5,0,0,0,0,0,FL,1,0,-109.1860644,-109.7187237,516.0358233,538.7511169,0.03726661629,0.02941818335,0.01258328104,0.04911791082,,,,
99,5.2,0.198,baseline — trained fixed gait,0.5,0,0,0,0,0,FR,1,0,-34.20000578,-83.04972371,97.70810791,132.7168842,-0.1027280625,0.5465114509,-0.3452005764,0.6545160493,,,,
99,5.2,0.198,baseline — trained fixed gait,0.5,0,0,0,0,0,RL,0,0,0,0,0,0,0.01341167109,-0.2056165002,-0.4020552903,0.4517814456,,,,
99,5.2,0.198,baseline — trained fixed gait,0.5,0,0,0,0,0,RR,1,0,134.2189381,35.86361293,434.8169137,456.4719822,-0.04076444646,-0.01476837943,0.001157334021,0.04337262441,,,,
100,5.202,0.2,baseline — trained fixed gait,0.5,0,0,0,0,0,FL,1,0,-107.4208093,-95.5992527,506.6995926,526.7095258,0.03662613167,0.02903756373,0.01198719614,0.04825294292,,,,
100,5.202,0.2,baseline — trained fixed gait,0.5,0,0,0,0,0,FR,1,0,-24.82746394,-54.96188435,128.9409755,142.3481186,-0.04586134314,0.3427237332,-0.1565961969,0.379585549,,,,
100,5.202,0.2,baseline — trained fixed gait,0.5,0,0,0,0,0,RL,0,0,0,0,0,0,-0.01156267848,-0.2330477994,-0.3866601659,0.4516094067,,,,
100,5.202,0.2,baseline — trained fixed gait,0.5,0,0,0,0,0,RR,1,0,134.5625421,35.53374894,432.2056846,454.061096,-0.04016214639,-0.01449830148,0.001513643973,0.0427257518,,,,
101,5.204,0.202,baseline — trained fixed gait,0.5,0,0,0,0,0,FL,1,0,-106.9835593,-88.50529332,504.7166412,523.4668631,0.03618852033,0.02701053879,0.01170273389,0.04664903203,,,,
101,5.204,0.202,baseline — trained fixed gait,0.5,0,0,0,0,0,FR,1,0,-16.70418071,-31.03555499,119.9646092,125.0349663,-0.02607150128,0.2019317102,-0.06158728641,0.2127184351,,,,
101,5.204,0.202,baseline — trained fixed gait,0.5,0,0,0,0,0,RL,0,0,0,0,0,0,-0.06902701319,-0.2527257442,-0.4231307946,0.4976692674,,,,
101,5.204,0.202,baseline — trained fixed gait,0.5,0,0,0,0,0,RR,1,0,134.8716154,35.77206187,429.6712549,451.7603129,-0.03958075958,-0.01428972125,0.00186547331,0.04212259076,,,,
102,5.206,0.204,baseline — trained fixed gait,0.5,0,0,0,0,0,FL,1,0,-105.8128405,-82.44635847,500.6014736,518.2620906,0.0360554834,0.02491524785,0.01111422482,0.0452138635,,,,
102,5.206,0.204,baseline — trained fixed gait,0.5,0,0,0,0,0,FR,1,0,-11.02235982,-16.03712592,113.7028203,115.3560278,-0.01548804342,0.1165436188,-0.004048818867,0.117637951,,,,
102,5.206,0.204,baseline — trained fixed gait,0.5,0,0,0,0,0,RL,0,0,0,0,0,0,-0.1136946322,-0.2730670238,-0.4382123247,0.5286985062,,,,
102,5.206,0.204,baseline — trained fixed gait,0.5,0,0,0,0,0,RR,1,0,135.1248408,36.00364602,427.1848345,449.4906761,-0.03902805537,-0.0141808454,0.002194034654,0.04158243944,,,,
103,5.208,0.206,baseline — trained fixed gait,0.5,0,0,0,0,0,FL,1,0,-103.9874123,-77.17488704,494.908856,511.5702502,0.0360013378,0.02290882166,0.01051523417,0.04394861298,,,,
103,5.208,0.206,baseline — trained fixed gait,0.5,0,0,0,0,0,FR,1,0,-7.025058021,-6.760261654,109.1179826,109.5526664,-0.009747946463,0.06520705717,0.02971113466,0.07231690181,,,,
103,5.208,0.206,baseline — trained fixed gait,0.5,0,0,0,0,0,RL,0,0,0,0,0,0,-0.148284429,-0.2939552108,-0.437511412,0.5475528956,,,,
103,5.208,0.206,baseline — trained fixed gait,0.5,0,0,0,0,0,RR,1,0,135.3334767,36.19571655,424.7162607,447.2238611,-0.03849362425,-0.01412734228,0.002495441366,0.04108002112,,,,
104,5.21,0.208,baseline — trained fixed gait,0.5,0,0,0,0,0,FL,1,0,-101.6667586,-72.42763438,487.9378283,503.6518801,0.03590416341,0.02105623601,0.01004065823,0.04281692239,,,,
104,5.21,0.208,baseline — trained fixed gait,0.5,0,0,0,0,0,FR,1,0,-4.205083068,-0.9756353182,105.6509133,105.7390659,-0.006521083655,0.03439553106,0.04820869219,0.05957898196,,,,
104,5.21,0.208,baseline — trained fixed gait,0.5,0,0,0,0,0,RL,0,0,0,0,0,0,-0.174979807,-0.3150860899,-0.4254244467,0.5575689525,,,,
104,5.21,0.208,baseline — trained fixed gait,0.5,0,0,0,0,0,RR,1,0,135.5053928,36.33222123,422.245814,444.9418718,-0.03797201269,-0.01410128361,0.002770399496,0.04060043177,,,,
105,5.212,0.21,baseline — trained fixed gait,0.5,0,0,0,0,0,FL,1,0,-97.13561581,-62.01067478,471.5056532,485.3846234,0.03571313436,0.01936315084,0.009744418046,0.04177694651,,,,
105,5.212,0.21,baseline — trained fixed gait,0.5,0,0,0,0,0,FR,1,0,2.073175923,4.474649122,146.7523089,146.8351481,-0.004561098469,0.01595192555,0.05701845156,0.0593832583,,,,
105,5.212,0.21,baseline — trained fixed gait,0.5,0,0,0,0,0,RL,0,0,0,0,0,0,-0.1955320835,-0.3360887292,-0.4053789292,0.56171212,,,,
105,5.212,0.21,baseline — trained fixed gait,0.5,0,0,0,0,0,RR,1,0,135.61613,36.1222898,419.759274,442.5995963,-0.03746025305,-0.01408575836,0.003021620573,0.04013488929,,,,
106,5.214,0.212,baseline — trained fixed gait,0.5,0,0,0,0,0,FL,1,0,-94.15253786,-57.1305218,462.383505,475.3178963,0.0352441289,0.01703539228,0.01021080611,0.04045508341,,,,
106,5.214,0.212,baseline — trained fixed gait,0.5,0,0,0,0,0,FR,1,0,3.380011395,6.771008567,144.2686964,144.4670474,-0.003388196289,0.00489148386,0.05671468397,0.05702597536,,,,
106,5.214,0.212,baseline — trained fixed gait,0.5,0,0,0,0,0,RL,0,0,0,0,0,0,-0.2620177587,-0.3512856979,-0.4599136152,0.6352759093,,,,
106,5.214,0.212,baseline — trained fixed gait,0.5,0,0,0,0,0,RR,1,0,135.7058016,36.46549653,417.3336057,440.355692,-0.03693913191,-0.01406228668,0.003258316884,0.03965934949,,,,
107,5.216,0.214,baseline — trained fixed gait,0.5,0,0,0,0,0,FL,1,0,-90.92028076,-52.48140243,452.562016,464.5784901,0.03478594705,0.01506219536,0.01060754329,0.03936307681,,,,
107,5.216,0.214,baseline — trained fixed gait,0.5,0,0,0,0,0,FR,1,0,4.420457118,8.245519969,141.838462,142.146679,-0.002310036043,-0.00159904226,0.05415518304,0.05422800986,,,,
107,5.216,0.214,baseline — trained fixed gait,0.5,0,0,0,0,0,RL,0,0,0,0,0,0,-0.3117309673,-0.369817353,-0.4871733128,0.6864975654,,,,
107,5.216,0.214,baseline — trained fixed gait,0.5,0,0,0,0,0,RR,1,0,135.76489,36.7090272,414.9170335,438.1047851,-0.03643401481,-0.01407861863,0.003468573594,0.0392132113,,,,
108,5.218,0.216,baseline — trained fixed gait,0.5,0,0,0,0,0,FL,1,0,-87.48593415,-47.97517809,442.1718431,453.2894717,0.0342979196,0.01332838825,0.01099813667,0.03840510685,,,,
108,5.218,0.216,baseline — trained fixed gait,0.5,0,0,0,0,0,FR,1,0,5.217099893,9.24232951,139.6276119,140.0303853,-0.001283865886,-0.005330230664,0.05036548023,0.05066301678,,,,
108,5.218,0.216,baseline — trained fixed gait,0.5,0,0,0,0,0,RL,0,0,0,0,0,0,-0.34815873,-0.3903754746,-0.4940839794,0.7195321335,,,,
108,5.218,0.216,baseline — trained fixed gait,0.5,0,0,0,0,0,RR,1,0,135.7959911,36.86220335,412.5029569,435.8417863,-0.03594181367,-0.01410672981,0.003656088294,0.03878376951,,,,
109,5.22,0.218,baseline — trained fixed gait,0.5,0,0,0,0,0,FL,1,0,-83.88931063,-43.56072994,431.3206856,441.5568904,0.0337613284,0.01175528711,0.01141081307,0.03752626714,,,,
109,5.22,0.218,baseline — trained fixed gait,0.5,0,0,0,0,0,FR,1,0,5.881857223,9.929450452,137.4529258,137.9365689,-0.0002776430226,-0.007403432079,0.04599613634,0.04658897348,,,,
109,5.22,0.218,baseline — trained fixed gait,0.5,0,0,0,0,0,RL,0,0,0,0,0,0,-0.3740516727,-0.4119067209,-0.4862017599,0.738900502,,,,
109,5.22,0.218,baseline — trained fixed gait,0.5,0,0,0,0,0,RR,1,0,135.8030358,36.94720636,410.0866482,433.565012,-0.03546032324,-0.01413221735,0.003824240223,0.03836377073,,,,
110,5.222,0.22,baseline — trained fixed gait,0.5,0,0,0,0,0,FL,1,0,-77.77398913,-36.3824515,408.6190758,417.5428424,0.03317021122,0.01029046924,0.01185382554,0.03669700056,,,,
110,5.222,0.22,baseline — trained fixed gait,0.5,0,0,0,0,0,FR,1,0,12.71997663,11.43860894,156.0784693,157.0131464,0.0007106189681,-0.008478843469,0.04146116508,0.04232521678,,,,
110,5.222,0.22,baseline — trained fixed gait,0.5,0,0,0,0,0,RL,0,0,0,0,0,0,-0.391746843,-0.4336486161,-0.4678117116,0.7485749854,,,,
110,5.222,0.22,baseline — trained fixed gait,0.5,0,0,0,0,0,RR,1,0,135.7820795,36.63193951,407.6041577,431.1842083,-0.03498848157,-0.01414984742,0.003975902617,0.03795022828,,,,
111,5.224,0.222,baseline — trained fixed gait,0.5,0,0,0,0,0,FL,1,0,-73.89550129,-31.8235566,396.8114437,404.8859169,0.03223329212,0.008537288454,0.01308959646,0.03582189206,,,,
111,5.224,0.222,baseline — trained fixed gait,0.5,0,0,0,0,0,FR,1,0,13.2496638,11.71888667,153.7684491,154.7824985,0.00101574289,-0.009004388019,0.03554980076,0.03668649712,,,,
111,5.224,0.222,baseline — trained fixed gait,0.5,0,0,0,0,0,RL,0,0,0,0,0,0,-0.4516902468,-0.4538096583,-0.5172788173,0.8231310101,,,,
111,5.224,0.222,baseline — trained fixed gait,0.5,0,0,0,0,0,RR,1,0,135.743005,36.81667756,405.1884679,428.9047979,-0.03450270108,-0.01413509907,0.004122269173,0.03751307119,,,,
112,5.226,0.224,baseline — trained fixed gait,0.5,0,0,0,0,0,FL,1,0,-70.01761105,-27.27477595,384.8908647,392.1573115,0.03138564806,0.006958544034,0.01401466932,0.03506980461,,,,
112,5.226,0.224,baseline — trained fixed gait,0.5,0,0,0,0,0,FR,1,0,13.77394185,11.92633487,151.323526,152.4164311,0.001601260146,-0.009121291232,0.03051179442,0.03188622879,,,,
112,5.226,0.224,baseline — trained fixed gait,0.5,0,0,0,0,0,RL,0,0,0,0,0,0,-0.4940055523,-0.4766126253,-0.5394710784,0.873057916,,,,
112,5.226,0.224,baseline — trained fixed gait,0.5,0,0,0,0,0,RR,1,0,135.6816546,36.930338,402.7920801,426.6319503,-0.03403315603,-0.01414433139,0.004251806595,0.03709980699,,,,
113,5.228,0.226,baseline — trained fixed gait,0.5,0,0,0,0,0,FL,1,0,-66.13073482,-22.74184049,372.8546324,379.3560891,0.03058548613,0.005485632386,0.01473380815,0.03438966744,,,,
113,5.228,0.226,baseline — trained fixed gait,0.5,0,0,0,0,0,FR,1,0,14.29497992,12.08713983,148.7647677,149.9379922,0.002309957247,-0.009011608356,0.02604802861,0.02765944291,,,,
113,5.228,0.226,baseline — trained fixed gait,0.5,0,0,0,0,0,RL,0,0,0,0,0,0,-0.5224386268,-0.500833177,-0.5415050659,0.9038825844,,,,
113,5.228,0.226,baseline — trained fixed gait,0.5,0,0,0,0,0,RR,1,0,135.6000195,36.98022503,400.4119527,424.3637994,-0.03357731636,-0.01415983378,0.004365334051,0.03670140607,,,,
114,5.23,0.228,baseline — trained fixed gait,0.5,0,0,0,0,0,FL,1,0,-62.23481398,-18.22758744,360.7175385,366.5004224,0.02980574962,0.004079153877,0.01531600041,0.03375799276,,,,
114,5.23,0.228,baseline — trained fixed gait,0.5,0,0,0,0,0,FR,1,0,14.80411791,12.22013382,146.131371,147.386808,0.003046451341,-0.008786633071,0.02197417544,0.02386105976,,,,
114,5.23,0.228,baseline — trained fixed gait,0.5,0,0,0,0,0,RL,0,0,0,0,0,0,-0.5399745385,-0.5255042414,-0.5290631471,0.9206709638,,,,
114,5.23,0.228,baseline — trained fixed gait,0.5,0,0,0,0,0,RR,1,0,135.5003507,36.9763955,398.0456983,422.0994868,-0.03313343517,-0.01417288454,0.00446423892,0.03631287115,,,,
115,5.232,0.23,baseline — trained fixed gait,0.5,0,0,0,0,0,FL,1,0,-53.42016128,-16.11949293,334.8872582,339.5040904,0.02902995209,0.002716528897,0.01580569614,0.03316530835,,,,
115,5.232,0.23,baseline — trained fixed gait,0.5,0,0,0,0,0,FR,1,0,19.32134605,13.81613687,152.8697886,154.7041445,0.003760794422,-0.008506416224,0.01822325773,0.02045946758,,,,
115,5.232,0.23,baseline — trained fixed gait,0.5,0,0,0,0,0,RL,0,0,0,0,0,0,-0.5490258188,-0.5498901917,-0.5065909572,0.9276006525,,,,
115,5.232,0.23,baseline — trained fixed gait,0.5,0,0,0,0,0,RR,1,0,133.7420949,43.95096409,399.8926972,423.9490588,-0.03270042031,-0.01418011345,0.00455009662,0.03593183108,,,,
116,5.234,0.232,baseline — trained fixed gait,0.5,0,0,0,0,0,FL,1,0,-48.79929999,-11.59579727,320.9093359,324.8055357,0.02760947674,0.001694635614,0.01712397754,0.03253283883,,,,
116,5.234,0.232,baseline — trained fixed gait,0.5,0,0,0,0,0,FR,1,0,19.80309639,13.74523763,150.2161383,152.1380373,0.003839301982,-0.008435581138,0.01409021657,0.01686515555,,,,
116,5.234,0.232,baseline — trained fixed gait,0.5,0,0,0,0,0,RL,0,0,0,0,0,0,-0.5975664216,-0.5754528388,-0.5491477143,0.9948843199,,,,
116,5.234,0.232,baseline — trained fixed gait,0.5,0,0,0,0,0,RR,1,0,133.6021198,44.05941539,397.4488067,421.6115659,-0.03201234584,-0.01507796961,0.004335776703,0.03565016709,,,,
117,5.236,0.234,baseline — trained fixed gait,0.5,0,0,0,0,0,FL,1,0,-44.18940955,-6.774282379,306.8524159,310.0919218,0.02635993479,0.0005581864834,0.01809419995,0.03197745777,,,,
117,5.236,0.234,baseline — trained fixed gait,0.5,0,0,0,0,0,FR,1,0,20.25922105,13.72821401,147.5387842,149.554648,0.004094585932,-0.008256236943,0.01059466381,0.01404200782,,,,
117,5.236,0.234,baseline — trained fixed gait,0.5,0,0,0,0,0,RL,0,0,0,0,0,0,-0.6284729342,-0.6026446803,-0.5654109792,1.038194787,,,,
117,5.236,0.234,baseline — trained fixed gait,0.5,0,0,0,0,0,RR,1,0,133.459886,44.09158103,395.0221083,419.28281,-0.03143298631,-0.01559639461,0.004248193694,0.03534582441,,,,
118,5.238,0.236,baseline — trained fixed gait,0.5,0,0,0,0,0,FL,1,0,-39.59746523,-1.784852331,292.7598781,295.4310261,0.02520622243,-0.0006794764755,0.01883325879,0.03147232076,,,,
118,5.238,0.236,baseline — trained fixed gait,0.5,0,0,0,0,0,FR,1,0,20.69761913,13.74992224,144.8461333,146.9620839,0.004429913209,-0.008018734363,0.007638943908,0.01192802146,,,,
118,5.238,0.236,baseline — trained fixed gait,0.5,0,0,0,0,0,RL,0,0,0,0,0,0,-0.6455504356,-0.6303592923,-0.5625359974,1.063266171,,,,
118,5.238,0.236,baseline — trained fixed gait,0.5,0,0,0,0,0,RR,1,0,133.3118034,44.06497729,392.6178792,416.968294,-0.03092444383,-0.01588640833,0.004234900223,0.03502332902,,,,
119,5.24,0.238,baseline — trained fixed gait,0.5,0,0,0,0,0,FL,1,0,-34.91544838,2.606450777,278.4649789,280.6574898,0.02410217638,-0.001994779317,0.01941410819,0.0310129271,,,,
119,5.24,0.238,baseline — trained fixed gait,0.5,0,0,0,0,0,FR,1,0,21.1179576,13.73357705,142.1283892,144.3435426,0.004793955548,-0.007750281227,0.005154018934,0.01046961222,,,,
119,5.24,0.238,baseline — trained fixed gait,0.5,0,0,0,0,0,RL,0,0,0,0,0,0,-0.6518770236,-0.6577446535,-0.5461429394,1.07510176,,,,
119,5.24,0.238,baseline — trained fixed gait,0.5,0,0,0,0,0,RR,1,0,133.1485444,43.93996257,390.2343553,414.6590253,-0.03046294225,-0.0160382332,0.004262725904,0.03468986317,,,,
120,5.242,0.24,baseline — trained fixed gait,0.5,0,0,0,0,0,FL,1,0,-27.89767204,4.136326304,254.5591786,256.1167013,0.02300200156,-0.003273431805,0.01989459774,0.03058761924,,,,
120,5.242,0.24,baseline — trained fixed gait,0.5,0,0,0,0,0,FR,1,0,24.96601767,14.84481023,143.6189919,146.5267391,0.005165065737,-0.007455053266,0.003079546717,0.00957806511,,,,
120,5.242,0.24,baseline — trained fixed gait,0.5,0,0,0,0,0,RL,0,0,0,0,0,0,-0.6499657635,-0.6839957901,-0.5206192011,1.077659541,,,,
120,5.242,0.24,baseline — trained fixed gait,0.5,0,0,0,0,0,RR,1,0,129.6538842,55.20415382,396.079598,420.400614,-0.03002905349,-0.01609840069,0.004311143702,0.03434368237,,,,
121,5.244,0.242,baseline — trained fixed gait,0.5,0,0,0,0,0,FL,1,0,-22.88098952,7.807718578,239.8729105,241.0881858,0.02160790795,-0.00405212751,0.02196706506,0.03107850336,,,,
121,5.244,0.242,baseline — trained fixed gait,0.5,0,0,0,0,0,FR,1,0,25.38826169,14.57178111,141.0107279,144.0171032,0.004860458934,-0.007388374111,0.001051549835,0.008906059179,,,,
121,5.244,0.242,baseline — trained fixed gait,0.5,0,0,0,0,0,RL,0,0,0,0,0,0,-0.6923683686,-0.7120533005,-0.5643807343,1.14233072,,,,
121,5.244,0.242,baseline — trained fixed gait,0.5,0,0,0,0,0,RR,1,0,129.4384335,55.18157084,393.5882564,417.9844846,-0.02911444066,-0.01755833229,0.003805933424,0.0342115597,,,,
122,5.246,0.244,baseline — trained fixed gait,0.5,0,0,0,0,0,FL,1,0,-18.23924839,11.02023896,226.0580549,227.0602564,0.02028892216,-0.004922768379,0.0233593653,0.03132944236,,,,
122,5.246,0.244,baseline — trained fixed gait,0.5,0,0,0,0,0,FR,1,0,25.78050213,14.3342551,138.3881131,141.4969081,0.004787906231,-0.007199471147,-0.0005160288772,0.008661565486,,,,
122,5.246,0.244,baseline — trained fixed gait,0.5,0,0,0,0,0,RL,0,0,0,0,0,0,-0.7159560324,-0.7410761783,-0.5808548361,1.18286909,,,,
122,5.246,0.244,baseline — trained fixed gait,0.5,0,0,0,0,0,RR,1,0,129.2323631,55.03062724,391.0901187,415.5488594,-0.02840435232,-0.0183638262,0.003566151499,0.03401109789,,,,
123,5.248,0.246,baseline — trained fixed gait,0.5,0,0,0,0,0,FL,1,0,-14.07958181,14.23556336,213.3365144,214.2740167,0.01905035789,-0.005786219852,0.0242433317,0.03137093572,,,,
123,5.248,0.246,baseline — trained fixed gait,0.5,0,0,0,0,0,FR,1,0,26.15823819,14.17802132,135.7576873,138.9799243,0.004850460336,-0.006938990551,-0.001727785801,0.008640705938,,,,
123,5.248,0.246,baseline — trained fixed gait,0.5,0,0,0,0,0,RL,0,0,0,0,0,0,-0.7249315902,-0.7699559891,-0.5776156404,1.20498874,,,,
123,5.248,0.246,baseline — trained fixed gait,0.5,0,0,0,0,0,RR,1,0,129.0333353,54.83532673,388.5885554,413.1072259,-0.02781867802,-0.01877347074,0.003487211904,0.03374140924,,,,
124,5.25,0.248,baseline — trained fixed gait,0.5,0,0,0,0,0,FL,1,0,-10.34511884,17.3745608,201.5886208,202.6002687,0.01791488411,-0.006645145497,0.02472717377,0.03124954647,,,,
124,5.25,0.248,baseline — trained fixed gait,0.5,0,0,0,0,0,FR,1,0,26.52520204,14.08073546,133.1222917,136.4675712,0.004985579746,-0.006645669952,-0.002665076046,0.008724881938,,,,
124,5.25,0.248,baseline — trained fixed gait,0.5,0,0,0,0,0,RL,0,0,0,0,0,0,-0.722672659,-0.7980197115,-0.5605808973,1.213813072,,,,
124,5.25,0.248,baseline — trained fixed gait,0.5,0,0,0,0,0,RR,1,0,128.8356995,54.60881604,386.089423,410.6650737,-0.02731086319,-0.01894892977,0.003502846672,0.0334247681,,,,
125,5.252,0.25,baseline — trained fixed gait,0.5,0,0,0,0,0,FL,1,0,-3.617777698,17.11408996,182.0072851,182.8459248,0.01688751028,-0.007490749727,0.02489773637,0.03100317099,,,,
125,5.252,0.25,baseline — trained fixed gait,0.5,0,0,0,0,0,FR,1,0,30.24294559,14.33917287,133.979213,138.0966226,0.005154478703,-0.00633983613,-0.003394286775,0.008847788173,,,,
125,5.252,0.25,baseline — trained fixed gait,0.5,0,0,0,0,0,RL,0,0,0,0,0,0,-0.7118933719,-0.8247748303,-0.5343147971,1.213481766,,,,
125,5.252,0.25,baseline — trained fixed gait,0.5,0,0,0,0,0,RR,1,0,124.5531344,67.81360777,393.7407463,418.5020239,-0.02685290183,-0.01898629055,0.003570567127,0.03308030404,,,,
126,5.254,0.252,baseline — trained fixed gait,0.5,0,0,0,0,0,FL,1,0,-0.0584634415,19.39758561,170.6298974,171.7289482,0.01554684162,-0.007894921015,0.02540336804,0.03081176999,,,,
126,5.254,0.252,baseline — trained fixed gait,0.5,0,0,0,0,0,FR,1,0,30.60823447,13.91532394,131.5305798,135.7600592,0.004607227799,-0.006167382098,-0.004211098761,0.008774765108,,,,
126,5.254,0.252,baseline — trained fixed gait,0.5,0,0,0,0,0,RL,0,0,0,0,0,0,-0.752997396,-0.8527585395,-0.5872207341,1.280246225,,,,
126,5.254,0.252,baseline — trained fixed gait,0.5,0,0,0,0,0,RR,1,0,124.3067544,67.69483227,391.0725554,415.899631,-0.02581347482,-0.0206616253,0.002971554725,0.03319741526,,,,
127,5.256,0.254,baseline — trained fixed gait,0.5,0,0,0,0,0,FL,1,0,2.933790851,21.64489165,160.5494159,162.0284648,0.01442031881,-0.008363305475,0.02553055531,0.0304909778,,,,
127,5.256,0.254,baseline — trained fixed gait,0.5,0,0,0,0,0,FR,1,0,30.9415828,13.59597834,129.0972147,133.4478288,0.004328587174,-0.005917125977,-0.0047838261,0.008754086983,,,,
127,5.256,0.254,baseline — trained fixed gait,0.5,0,0,0,0,0,RL,0,0,0,0,0,0,-0.7723218593,-0.8819800637,-0.6090277706,1.321092242,,,,
127,5.256,0.254,baseline — trained fixed gait,0.5,0,0,0,0,0,RR,1,0,124.0847228,67.47247647,388.3851156,413.2705549,-0.02502898682,-0.02155142939,0.002709506409,0.03313994138,,,,
128,5.258,0.256,baseline — trained fixed gait,0.5,0,0,0,0,0,FL,1,0,5.412904075,23.79070665,151.649452,153.5996534,0.01348773794,-0.00888547839,0.02526623678,0.02998755612,,,,
128,5.258,0.256,baseline — trained fixed gait,0.5,0,0,0,0,0,FR,1,0,31.25316966,13.35617363,126.67926,131.1593798,0.00420496376,-0.005635186529,-0.005191316393,0.008739954995,,,,
128,5.258,0.256,baseline — trained fixed gait,0.5,0,0,0,0,0,RL,0,0,0,0,0,0,-0.7748377489,-0.9113469638,-0.6083495441,1.342019371,,,,
128,5.258,0.256,baseline — trained fixed gait,0.5,0,0,0,0,0,RR,1,0,123.8753723,67.18197182,385.6891188,410.6271077,-0.02440348749,-0.02197366685,0.002650003359,0.03294532978,,,,
129,5.26,0.258,baseline — trained fixed gait,0.5,0,0,0,0,0,FL,1,0,7.414297108,25.81193534,143.8623452,146.347539,0.0127193529,-0.009456510217,0.02463161777,0.02929034171,,,,
129,5.26,0.258,baseline — trained fixed gait,0.5,0,0,0,0,0,FR,1,0,31.54801165,13.17723486,124.2797144,128.8967183,0.004167516347,-0.00534583673,-0.005489184459,0.008722230728,,,,
129,5.26,0.258,baseline — trained fixed gait,0.5,0,0,0,0,0,RL,0,0,0,0,0,0,-0.7645430017,-0.9400514012,-0.5918990918,1.348542611,,,,
129,5.26,0.258,baseline — trained fixed gait,0.5,0,0,0,0,0,RR,1,0,123.6715321,66.84656672,382.9910499,407.9770283,-0.02387708141,-0.02211763798,0.002707627955,0.03265939644,,,,
130,5.262,0.26,baseline — trained fixed gait,0.5,0,0,0,0,0,FL,1,0,8.018790335,26.06617275,124.2734508,127.2306446,0.0120883959,-0.01007372918,0.02367992972,0.0284314686,,,,
130,5.262,0.26,baseline — trained fixed gait,0.5,0,0,0,0,0,FR,1,0,34.3395615,13.01490342,129.8431222,134.9363909,0.004174126408,-0.005060864758,-0.005716534511,0.00870140507,,,,
130,5.262,0.26,baseline — trained fixed gait,0.5,0,0,0,0,0,RL,0,0,0,0,0,0,-0.7446431608,-0.9675180339,-0.5648423859,1.345225447,,,,
130,5.262,0.26,baseline — trained fixed gait,0.5,0,0,0,0,0,RR,1,0,115.711741,78.11698533,375.3614763,400.4843421,-0.02341381902,-0.02209683824,0.002828006788,0.03231833541,,,,
131,5.264,0.262,baseline — trained fixed gait,0.5,0,0,0,0,0,FL,1,0,9.654363772,27.04964222,117.2871508,120.7524974,0.0117015334,-0.01051977374,0.02338253031,0.02818393598,,,,
131,5.264,0.262,baseline — trained fixed gait,0.5,0,0,0,0,0,FR,1,0,34.54464211,12.432674,127.7817476,132.9514149,0.003601092974,-0.004840205662,-0.006554866732,0.008908520603,,,,
131,5.264,0.262,baseline — trained fixed gait,0.5,0,0,0,0,0,RL,0,0,0,0,0,0,-0.7901927491,-0.9940990143,-0.6305279826,1.417816267,,,,
131,5.264,0.262,baseline — trained fixed gait,0.5,0,0,0,0,0,RR,1,0,115.503054,77.91053685,372.5244174,397.7253434,-0.02199078584,-0.02349561992,0.003272293271,0.03234728305,,,,
132,5.266,0.264,baseline — trained fixed gait,0.5,0,0,0,0,0,FL,1,0,10.47647622,27.46996835,112.3037472,116.0882739,0.0113048808,-0.01097635836,0.02259726724,0.02754845294,,,,
132,5.266,0.264,baseline — trained fixed gait,0.5,0,0,0,0,0,FR,1,0,34.73308745,11.92895942,125.7251839,130.9790414,0.00326558787,-0.004560715463,-0.007042604568,0.009003469819,,,,
132,5.266,0.264,baseline — trained fixed gait,0.5,0,0,0,0,0,RL,0,0,0,0,0,0,-0.8092565277,-1.022471089,-0.6594155556,1.46122282,,,,
132,5.266,0.264,baseline — trained fixed gait,0.5,0,0,0,0,0,RR,1,0,115.2979658,77.55659119,369.7105609,394.961447,-0.02100972727,-0.02419332741,0.003593984125,0.03224348699,,,,
133,5.268,0.266,baseline — trained fixed gait,0.5,0,0,0,0,0,FL,1,0,10.90059854,27.51807025,108.3320064,112.3026752,0.01099606817,-0.01138294384,0.02140730328,0.026622501,,,,
133,5.268,0.266,baseline — trained fixed gait,0.5,0,0,0,0,0,FR,1,0,34.91374454,11.4941933,123.6712497,129.0180764,0.003072964224,-0.004256168586,-0.007304563738,0.008995261617,,,,
133,5.268,0.266,baseline — trained fixed gait,0.5,0,0,0,0,0,RL,0,0,0,0,0,0,-0.808049493,-1.051312281,-0.6616516393,1.481885417,,,,
133,5.268,0.266,baseline — trained fixed gait,0.5,0,0,0,0,0,RR,1,0,115.091827,77.10746929,366.9107496,392.1927952,-0.02029755521,-0.02446891942,0.003820643336,0.03202055716,,,,
134,5.27,0.268,baseline — trained fixed gait,0.5,0,0,0,0,0,FL,1,0,11.03919302,27.66844845,105.0843409,109.225114,0.01077888984,-0.01171756057,0.01996001507,0.02553209536,,,,
134,5.27,0.268,baseline — trained fixed gait,0.5,0,0,0,0,0,FR,1,0,35.09216713,11.1563901,121.6297131,127.0815185,0.002966051353,-0.003946768552,-0.007426330299,0.008917669221,,,,
134,5.27,0.268,baseline — trained fixed gait,0.5,0,0,0,0,0,RL,0,0,0,0,0,0,-0.7915325729,-1.079585732,-0.6452025423,1.486040204,,,,
134,5.27,0.268,baseline — trained fixed gait,0.5,0,0,0,0,0,RR,1,0,114.8853696,76.63139155,364.1190229,389.4273759,-0.01974217623,-0.024488737,0.003979159048,0.03170623707,,,,
135,5.272,0.27,baseline — trained fixed gait,0.5,0,0,0,0,0,FL,1,0,-6.045830533,28.24332678,93.12246349,97.49887579,0.01064632744,-0.01203238695,0.01838324619,0.02441447038,,,,
135,5.272,0.27,baseline — trained fixed gait,0.5,0,0,0,0,0,FR,1,0,40.05678123,6.446082836,130.4643202,136.6273638,0.002904551569,-0.003649846074,-0.007467835317,0.00880490548,,,,
135,5.272,0.27,baseline — trained fixed gait,0.5,0,0,0,0,0,RL,1,1,5.655841755,165.7278636,142.8197544,218.84971,-0.7636738233,-1.106634916,-0.6161861481,1.47902803,-0.7915325729,-1.079585732,-0.6452025423,1.486040204
135,5.272,0.27,baseline — trained fixed gait,0.5,0,0,0,0,0,RR,1,0,98.70238316,88.22902819,325.3015583,351.2088064,-0.01928107383,-0.02435927048,0.004088080212,0.03133442622,,,,
136,5.274,0.272,baseline — trained fixed gait,0.5,0,0,0,0,0,FL,1,0,-2.872042142,28.08834528,82.48828738,87.18670381,0.01325835497,-0.01236799553,0.01746315532,0.02517365853,,,,
136,5.274,0.272,baseline — trained fixed gait,0.5,0,0,0,0,0,FR,1,0,40.18720816,8.988970265,129.0869688,135.4963424,0.002097420353,-0.002164321649,-0.008711792167,0.009218393737,,,,
136,5.274,0.272,baseline — trained fixed gait,0.5,0,0,0,0,0,RL,1,0,5.640131349,114.0481645,114.5282605,161.7266749,-0.4523776768,-0.7017129811,-0.3212687722,0.8945726881,,,,
136,5.274,0.272,baseline — trained fixed gait,0.5,0,0,0,0,0,RR,1,0,98.17501666,85.75775526,324.5530702,349.7533729,-0.01757973548,-0.02596394962,0.00658787754,0.0320401921,,,,
137,5.276,0.274,baseline — trained fixed gait,0.5,0,0,0,0,0,FL,1,0,0.07828290711,27.65383859,72.50914912,77.60359285,0.01429475921,-0.01268028812,0.01700081658,0.02557650508,,,,
137,5.276,0.274,baseline — trained fixed gait,0.5,0,0,0,0,0,FR,1,0,40.22300389,10.51488771,127.8873194,134.4753486,0.001509273413,-0.001688081197,-0.009285220057,0.009557344604,,,,
137,5.276,0.274,baseline — trained fixed gait,0.5,0,0,0,0,0,RL,1,0,0.8912919256,77.40055219,103.8672644,129.5378265,-0.2590991482,-0.4367245001,-0.155540133,0.5310869896,,,,
137,5.276,0.274,baseline — trained fixed gait,0.5,0,0,0,0,0,RR,1,0,95.62268863,84.24771629,322.6026419,346.862856,-0.01646554477,-0.02667157741,0.007767310855,0.03229269769,,,,
138,5.278,0.276,baseline — trained fixed gait,0.5,0,0,0,0,0,FL,1,0,2.438552491,26.94866524,64.11244971,69.58867224,0.01442225665,-0.01291295433,0.01682599529,0.02564878153,,,,
138,5.278,0.276,baseline — trained fixed gait,0.5,0,0,0,0,0,FR,1,0,40.26730633,11.21516144,126.7234695,133.4394002,0.001029116752,-0.001669006924,-0.009486014295,0.009686543894,,,,
138,5.278,0.276,baseline — trained fixed gait,0.5,0,0,0,0,0,RL,1,0,-1.026136182,54.22657352,95.482514,109.811132,-0.1460316003,-0.271397986,-0.05648029735,0.3133243034,,,,
138,5.278,0.276,baseline — trained fixed gait,0.5,0,0,0,0,0,RR,1,0,95.38296816,82.51070458,320.7187764,344.6251014,-0.01556327297,-0.02706106373,0.009256547532,0.03256071725,,,,
139,5.28,0.278,baseline — trained fixed gait,0.5,0,0,0,0,0,FL,1,0,3.749525936,26.41203515,58.37320216,64.18010031,0.01408259494,-0.01341392243,0.01688636092,0.02575659101,,,,
139,5.28,0.278,baseline — trained fixed gait,0.5,0,0,0,0,0,FR,1,0,40.28803051,11.45749147,125.6502441,132.4476627,0.0006187540124,-0.0017776504,-0.009467329518,0.009652627915,,,,
139,5.28,0.278,baseline — trained fixed gait,0.5,0,0,0,0,0,RL,1,0,-1.591278832,39.64330923,88.72835337,97.19488066,-0.07995564849,-0.1684327538,0.001514483759,0.1864531897,,,,
139,5.28,0.278,baseline — trained fixed gait,0.5,0,0,0,0,0,RR,1,0,95.18507256,81.07105405,318.5990594,342.2544003,-0.01491492432,-0.02700599274,0.009945249069,0.03241429608,,,,
140,5.282,0.28,baseline — trained fixed gait,0.5,0,0,0,0,0,FL,1,0,-15.81039281,16.55942979,26.97485216,35.38115155,0.01364585344,-0.01426588803,0.01693442228,0.02600960467,,,,
140,5.282,0.28,baseline — trained fixed gait,0.5,0,0,0,0,0,FR,1,0,46.69583494,8.541769521,144.593165,152.186222,0.0002556009591,-0.001880959427,-0.009331388225,0.00952250736,,,,
140,5.282,0.28,baseline — trained fixed gait,0.5,0,0,0,0,0,RL,1,0,15.42013437,28.4483086,152.4604137,155.8565512,-0.04131568555,-0.1044242369,0.03415397383,0.1173793042,,,,
140,5.282,0.28,baseline — trained fixed gait,0.5,0,0,0,0,0,RR,1,0,69.45460051,76.42320228,283.7786558,301.9847229,-0.01441817068,-0.02671830431,0.01015863756,0.03201483012,,,,
141,5.284,0.282,baseline — trained fixed gait,0.5,0,0,0,0,0,FL,1,0,-14.59470569,15.2162233,24.84244083,32.58351964,0.03851094432,-0.03476383607,0.04551245318,0.06901449504,,,,
141,5.284,0.282,baseline — trained fixed gait,0.5,0,0,0,0,0,FR,1,0,46.6665051,7.968943845,144.0712961,151.6502724,-0.001361317382,-0.001469785856,-0.01096538697,0.01114689046,,,,
141,5.284,0.282,baseline — trained fixed gait,0.5,0,0,0,0,0,RL,1,0,15.59135052,22.40023009,147.9070793,150.4040046,-0.02051626791,-0.06506748922,0.04679556937,0.0827316186,,,,
141,5.284,0.282,baseline — trained fixed gait,0.5,0,0,0,0,0,RR,1,0,69.21921118,75.02996252,280.7215939,298.7062232,-0.01066565172,-0.02584518576,0.01219985496,0.0305051834,,,,
142,5.286,0.284,baseline — trained fixed gait,0.5,0,0,0,0,0,FL,1,0,-13.08548657,13.25474776,21.95019527,28.78766002,0.05807299798,-0.05199023488,0.06669869305,0.1025873933,,,,
142,5.286,0.284,baseline — trained fixed gait,0.5,0,0,0,0,0,FR,1,0,46.62166247,7.24510852,143.5667923,151.1207956,-0.002419995609,-0.001161934671,-0.01166478699,0.01196970035,,,,
142,5.286,0.284,baseline — trained fixed gait,0.5,0,0,0,0,0,RL,1,0,15.89977943,18.57790462,143.8029062,145.8671223,-0.008180960387,-0.04143452754,0.05228446313,0.06721170486,,,,
142,5.286,0.284,baseline — trained fixed gait,0.5,0,0,0,0,0,RR,1,0,69.03054532,73.72634281,277.5547232,295.3598046,-0.008279534634,-0.02505525895,0.01318248797,0.02949736741,,,,
143,5.288,0.286,baseline — trained fixed gait,0.5,0,0,0,0,0,FL,1,0,-11.48490934,10.96947768,18.71198918,24.54325004,0.07365436039,-0.06615238368,0.08176929108,0.128402958,,,,
143,5.288,0.286,baseline — trained fixed gait,0.5,0,0,0,0,0,FR,1,0,46.57897751,6.566341293,143.0903914,150.6239625,-0.003121658778,-0.0008829497827,-0.01177062856,0.01220950657,,,,
143,5.288,0.286,baseline — trained fixed gait,0.5,0,0,0,0,0,RL,1,0,16.22699498,16.12965432,140.0790587,141.9352803,-0.0007829901467,-0.02719969868,0.05338854295,0.05992306067,,,,
143,5.288,0.286,baseline — trained fixed gait,0.5,0,0,0,0,0,RR,1,0,68.86624721,72.5031093,274.3002855,291.9587428,-0.006721435393,-0.0243357354,0.01349957515,0.02862942962,,,,
144,5.29,0.288,baseline — trained fixed gait,0.5,0,0,0,0,0,FL,0,0,0,0,0,0,0.08596992528,-0.0773460327,0.09196839795,0.1477546042,,,,
144,5.29,0.288,baseline — trained fixed gait,0.5,0,0,0,0,0,FR,1,0,46.52186521,5.14739506,142.401335,149.8963636,-0.00359437895,-0.0006291472791,-0.01152258158,0.01208657406,,,,
144,5.29,0.288,baseline — trained fixed gait,0.5,0,0,0,0,0,RL,1,0,16.574454,13.80499993,136.8208736,138.5108011,0.003718868104,-0.01858826617,0.05188100413,0.05523578739,,,,
144,5.29,0.288,baseline — trained fixed gait,0.5,0,0,0,0,0,RR,1,0,68.67904679,71.2194049,270.9505224,288.4496502,-0.0056404492,-0.02366724508,0.01342533022,0.02778835455,,,,
145,5.292,0.29,baseline — trained fixed gait,0.5,0,0,0,0,0,FL,0,0,0,0,0,0,0.1171711251,-0.09816658623,0.09822452688,0.181697025,,,,
145,5.292,0.29,baseline — trained fixed gait,0.5,0,0,0,0,0,FR,1,0,58.80940826,3.98185636,161.440211,171.8643168,-0.003847461589,-0.0002545211198,-0.01109637567,0.01174722498,,,,
145,5.292,0.29,baseline — trained fixed gait,0.5,0,0,0,0,0,RL,1,0,33.81004595,6.040852817,198.7100277,201.6563567,0.006445798255,-0.01322961802,0.04890252412,0.05106885522,,,,
145,5.292,0.29,baseline — trained fixed gait,0.5,0,0,0,0,0,RR,1,0,26.70348328,60.86355412,186.8584345,198.3268081,-0.004803728939,-0.02300804929,0.01313570196,0.02692569052,,,,
146,5.294,0.292,baseline — trained fixed gait,0.5,0,0,0,0,0,FL,0,0,0,0,0,0,0.440724753,-0.1104011968,0.2511888361,0.5191556255,,,,
146,5.294,0.292,baseline — trained fixed gait,0.5,0,0,0,0,0,FR,1,0,58.87924691,2.912406872,161.3718762,171.802591,-0.006499853767,0.000117421673,-0.01228832328,0.01390197021,,,,
146,5.294,0.292,baseline — trained fixed gait,0.5,0,0,0,0,0,RL,1,0,33.9695532,5.180327951,195.8743494,198.8656006,0.006238638424,-0.009166703899,0.04084583739,0.04232412435,,,,
146,5.294,0.292,baseline — trained fixed gait,0.5,0,0,0,0,0,RR,1,0,26.56675077,60.10746319,183.0932581,194.5297934,0.0009910109871,-0.02126949548,0.01796014692,0.0278557071,,,,
147,5.296,0.294,baseline — trained fixed gait,0.5,0,0,0,0,0,FL,0,0,0,0,0,0,0.6850254266,-0.1065832605,0.3587606679,0.7805953134,,,,
147,5.296,0.294,baseline — trained fixed gait,0.5,0,0,0,0,0,FR,1,0,58.89224157,2.067177846,161.3455644,171.7700803,-0.00810802615,0.0004489812794,-0.0125798978,0.01497315935,,,,
147,5.296,0.294,baseline — trained fixed gait,0.5,0,0,0,0,0,RL,1,0,34.10592895,4.629512355,193.1731826,196.2155072,0.006254028612,-0.006665039519,0.03449340256,0.03568375605,,,,
147,5.296,0.294,baseline — trained fixed gait,0.5,0,0,0,0,0,RR,1,0,26.44834666,59.49185827,179.4368908,190.8831947,0.004531153919,-0.02007748025,0.02033001814,0.02893002258,,,,
148,5.298,0.296,baseline — trained fixed gait,0.5,0,0,0,0,0,FL,0,0,0,0,0,0,0.8643438796,-0.09220372835,0.4326690955,0.970976012,,,,
148,5.298,0.296,baseline — trained fixed gait,0.5,0,0,0,0,0,FR,1,0,58.87582742,1.351534726,161.3429103,171.7548381,-0.009080224834,0.0007120763788,-0.01233187868,0.01533077844,,,,
148,5.298,0.296,baseline — trained fixed gait,0.5,0,0,0,0,0,RL,1,0,34.21814591,4.28739983,190.6001832,193.6948454,0.006391343828,-0.005101292669,0.02940166167,0.03051770259,,,,
148,5.298,0.296,baseline — trained fixed gait,0.5,0,0,0,0,0,RR,1,0,26.32772434,58.97249297,175.9011553,187.3822842,0.006688784046,-0.01927353428,0.02108324482,0.02933789645,,,,
149,5.3,0.298,baseline — trained fixed gait,0.5,0,0,0,0,0,FL,0,0,0,0,0,0,0.9906228184,-0.07151108783,0.4811832091,1.103623434,,,,
149,5.3,0.298,baseline — trained fixed gait,0.5,0,0,0,0,0,FR,1,0,58.84262053,0.7747533612,161.3727747,171.7679442,-0.009666337327,0.0009085297089,-0.01178574624,0.01526981722,,,,
149,5.3,0.298,baseline — trained fixed gait,0.5,0,0,0,0,0,RL,1,0,34.30542755,4.09690133,188.147547,191.2933517,0.00657961787,-0.004105012955,0.02524264079,0.02640707134,,,,
149,5.3,0.298,baseline — trained fixed gait,0.5,0,0,0,0,0,RR,1,0,26.1866341,58.51141971,172.4973257,184.0235132,0.008020559013,-0.01875332096,0.02078715307,0.02912253674,,,,
150,5.302,0.3,baseline — trained fixed gait,0.5,0,0,0,0,0,FL,0,0,0,0,0,0,1.074148771,-0.04748420766,0.5098983776,1.1899776,,,,
150,5.302,0.3,baseline — trained fixed gait,0.5,0,0,0,0,0,FR,1,0,65.95395519,1.646067031,169.2157035,181.6221023,-0.01002358603,0.001040260662,-0.0111052771,0.01499605277,,,,
150,5.302,0.3,baseline — trained fixed gait,0.5,0,0,0,0,0,RL,1,0,48.23385973,-10.05449292,238.9567519,243.9834571,0.006778907105,-0.003455457916,0.02177730396,0.02306826259,,,,
150,5.302,0.3,baseline — trained fixed gait,0.5,0,0,0,0,0,RR,1,0,-12.47953706,28.92441399,41.8498955,52.38104927,0.008849540887,-0.01844872905,0.01982077082,0.02848741711,,,,
151,5.304,0.302,baseline — trained fixed gait,0.5,0,0,0,0,0,FL,0,0,0,0,0,0,1.387190754,-0.0310488417,0.6689390637,1.540370633,,,,
151,5.304,0.302,baseline — trained fixed gait,0.5,0,0,0,0,0,FR,1,0,65.85670787,0.5439921795,169.615739,181.9530181,-0.01167048131,0.0009902552152,-0.0110239426,0.01608440393,,,,
151,5.304,0.302,baseline — trained fixed gait,0.5,0,0,0,0,0,RL,1,0,48.20621114,-10.82503161,237.3520288,242.4396949,0.00511472945,-0.001288578051,0.01516099583,0.01605231091,,,,
151,5.304,0.302,baseline — trained fixed gait,0.5,0,0,0,0,0,RR,1,0,-12.28899944,28.4932628,38.88218582,49.74645622,0.01446909215,-0.01732716591,0.02859541208,0.03643189397,,,,
152,5.306,0.304,baseline — trained fixed gait,0.5,0,0,0,0,0,FL,0,0,0,0,0,0,1.605269137,-0.001097679652,0.778575772,1.784116151,,,,
152,5.306,0.304,baseline — trained fixed gait,0.5,0,0,0,0,0,FR,1,0,65.71211729,-0.3677131684,170.0446804,182.3003316,-0.01264521656,0.001078438292,-0.01065407728,0.01657027138,,,,
152,5.306,0.304,baseline — trained fixed gait,0.5,0,0,0,0,0,RL,1,0,48.15569602,-11.40282415,235.9215548,241.0559592,0.004036599876,9.819891427e-05,0.01040818723,0.01116396627,,,,
152,5.306,0.304,baseline — trained fixed gait,0.5,0,0,0,0,0,RR,1,0,-12.23453335,28.15754119,36.4889124,47.68617892,0.01813596566,-0.01724879733,0.03292503944,0.04135810056,,,,
153,5.308,0.306,baseline — trained fixed gait,0.5,0,0,0,0,0,FL,0,0,0,0,0,0,1.746924979,0.03632764245,0.8507872477,1.943426232,,,,
153,5.308,0.306,baseline — trained fixed gait,0.5,0,0,0,0,0,FR,1,0,65.53817401,-1.104865596,170.5082208,182.6732776,-0.01321345873,0.001209713526,-0.01014658538,0.01670365509,,,,
153,5.308,0.306,baseline — trained fixed gait,0.5,0,0,0,0,0,RL,1,0,48.07499928,-11.82290262,234.6727002,239.8379928,0.003294885954,0.001017119882,0.006930638477,0.007741095272,,,,
153,5.308,0.306,baseline — trained fixed gait,0.5,0,0,0,0,0,RR,1,0,-12.29396595,27.81200965,34.69568888,46.13502256,0.02076399951,-0.01794424458,0.03446872642,0.04405942226,,,,
154,5.31,0.308,baseline — trained fixed gait,0.5,0,0,0,0,0,FL,0,0,0,0,0,0,1.82845905,0.07737632324,0.8929693476,2.036330977,,,,
154,5.31,0.308,baseline — trained fixed gait,0.5,0,0,0,0,0,FR,1,0,65.33442893,-1.709450649,171.0144924,183.0777606,-0.01353688794,0.001334830724,-0.009593975701,0.01664552426,,,,
154,5.31,0.308,baseline — trained fixed gait,0.5,0,0,0,0,0,RL,1,0,46.34373198,-12.54227181,233.1713571,238.0628737,0.00274619971,0.001644985776,0.004345419023,0.005397245366,,,,
154,5.31,0.308,baseline — trained fixed gait,0.5,0,0,0,0,0,RR,1,0,-12.44470734,27.41702008,33.24991059,44.85666378,0.02303368811,-0.01938597938,0.03451300962,0.04579863336,,,,
155,5.312,0.31,baseline — trained fixed gait,0.5,0,0,0,0,0,FL,0,0,0,0,0,0,1.866759063,0.1237358447,0.9071488254,2.079187089,,,,
155,5.312,0.31,baseline — trained fixed gait,0.5,0,0,0,0,0,FR,1,0,65.03016691,-2.85514387,173.5012073,185.3098578,-0.01371594974,0.001435347297,-0.00905260033,0.01649657758,,,,
155,5.312,0.31,baseline — trained fixed gait,0.5,0,0,0,0,0,RL,1,0,54.79757883,-19.85060527,251.8543147,258.509994,0.002424495004,0.002283873555,0.003625016671,0.004922905677,,,,
155,5.312,0.31,baseline — trained fixed gait,0.5,0,0,0,0,0,RR,1,0,-41.89963736,0,34.91636446,54.54110485,0.0251454907,-0.0213314572,0.03363153384,0.04709996643,,,,
156,5.314,0.312,baseline — trained fixed gait,0.5,0,0,0,0,0,FL,0,0,0,0,0,0,2.015115152,0.1587206199,0.9982036135,2.25439388,,,,
156,5.314,0.312,baseline — trained fixed gait,0.5,0,0,0,0,0,FR,1,0,64.64049296,-3.308685881,174.3764805,186.0013379,-0.01385177569,0.001729586093,-0.008708278596,0.01645288041,,,,
156,5.314,0.312,baseline — trained fixed gait,0.5,0,0,0,0,0,RL,1,0,54.70173933,-19.49597135,251.3899639,258.0102462,0.000861605302,0.003620912141,0.001539984709,0.004028017047,,,,
156,5.314,0.312,baseline — trained fixed gait,0.5,0,0,0,0,0,RR,1,0,-36.87693916,0,30.73078263,48.00301702,0.1940816854,-0.02786390003,0.235715075,0.3066034802,,,,
157,5.316,0.314,baseline — trained fixed gait,0.5,0,0,0,0,0,FL,0,0,0,0,0,0,2.103129514,0.2052100031,1.04562754,2.357668732,,,,
157,5.316,0.314,baseline — trained fixed gait,0.5,0,0,0,0,0,FR,1,0,64.22139939,-3.677481958,175.2904132,186.7207567,-0.01391169076,0.00188398929,-0.008353754798,0.01633614933,,,,
157,5.316,0.314,baseline — trained fixed gait,0.5,0,0,0,0,0,RL,1,0,54.54245346,-19.26728315,251.1020866,257.6788026,-0.0001784779684,0.004367013616,0.0001597158425,0.004373576507,,,,
157,5.316,0.314,baseline — trained fixed gait,0.5,0,0,0,0,0,RR,0,0,0,0,0,0,0.320792126,-0.04713189323,0.3753296239,0.4959852115,,,,
158,5.318,0.316,baseline — trained fixed gait,0.5,0,0,0,0,0,FL,0,0,0,0,0,0,2.146435216,0.2590111543,1.060500404,2.408097178,,,,
158,5.318,0.316,baseline — trained fixed gait,0.5,0,0,0,0,0,FR,1,0,63.94688419,-4.024521677,176.1321785,187.424505,-0.01393373586,0.001913570613,-0.008002604866,0.01618185503,,,,
158,5.318,0.316,baseline — trained fixed gait,0.5,0,0,0,0,0,RL,1,0,54.42932054,-19.14225568,250.8337861,257.384081,-0.000912261874,0.004809420185,-0.0007192606957,0.004947734854,,,,
158,5.318,0.316,baseline — trained fixed gait,0.5,0,0,0,0,0,RR,0,0,0,0,0,0,0.5470367814,-0.0875821448,0.4719141753,0.7277519228,,,,
159,5.32,0.318,baseline — trained fixed gait,0.5,0,0,0,0,0,FL,0,0,0,0,0,0,2.157118572,0.3160871742,1.051499676,2.420479953,,,,
159,5.32,0.318,baseline — trained fixed gait,0.5,0,0,0,0,0,FR,1,0,63.70553833,-4.303774603,176.8670573,188.0395545,-0.01393602238,0.001892197597,-0.007680221873,0.01602432338,,,,
159,5.32,0.318,baseline — trained fixed gait,0.5,0,0,0,0,0,RL,1,0,54.31249292,-19.07985435,250.6563782,257.1818572,-0.001449586599,0.005081273636,-0.001253110228,0.005430555065,,,,
159,5.32,0.318,baseline — trained fixed gait,0.5,0,0,0,0,0,RR,0,0,0,0,0,0,0.724295431,-0.1322410811,0.5282917266,0.9061918799,,,,
160,5.322,0.32,baseline — trained fixed gait,0.5,0,0,0,0,0,FL,0,0,0,0,0,0,2.144510153,0.3732988367,1.025361743,2.4061676,,,,
160,5.322,0.32,baseline — trained fixed gait,0.5,0,0,0,0,0,FR,1,0,65.3329973,-4.887730474,184.219547,195.5227146,-0.01392701553,0.001834986381,-0.007384138761,0.01586992255,,,,
160,5.322,0.32,baseline — trained fixed gait,0.5,0,0,0,0,0,RL,1,0,61.64637939,-20.13457343,254.3474383,262.4848501,-0.001864314172,0.005263084669,-0.001555234261,0.005796074635,,,,
160,5.322,0.32,baseline — trained fixed gait,0.5,0,0,0,0,0,RR,0,0,0,0,0,0,0.8633722997,-0.1789639962,0.5552203884,1.041973857,,,,
161,5.324,0.322,baseline — trained fixed gait,0.5,0,0,0,0,0,FL,0,0,0,0,0,0,2.185883877,0.3974837505,1.02397771,2.446346665,,,,
161,5.324,0.322,baseline — trained fixed gait,0.5,0,0,0,0,0,FR,1,0,65.05344857,-5.233963512,184.9255305,196.1040473,-0.01413132262,0.001972615816,-0.007733389865,0.01622931949,,,,
161,5.324,0.322,baseline — trained fixed gait,0.5,0,0,0,0,0,RL,1,0,61.6249865,-19.86718307,254.0817246,262.2019579,-0.003204144547,0.005461113547,-0.001997982423,0.00663944555,,,,
161,5.324,0.322,baseline — trained fixed gait,0.5,0,0,0,0,0,RR,0,0,0,0,0,0,1.108382681,-0.193797143,0.6752758053,1.312275471,,,,
162,5.326,0.324,baseline — trained fixed gait,0.5,0,0,0,0,0,FL,0,0,0,0,0,0,2.201871279,0.4233379192,1.002906699,2.456272373,,,,
162,5.326,0.324,baseline — trained fixed gait,0.5,0,0,0,0,0,FR,1,0,64.80980908,-5.560154818,185.5756309,196.6457257,-0.01419053526,0.002055102585,-0.00782621115,0.01633537017,,,,
162,5.326,0.324,baseline — trained fixed gait,0.5,0,0,0,0,0,RL,1,0,61.5744178,-19.76700246,253.8991998,262.0056239,-0.004064213264,0.005546518651,-0.002197531612,0.007218784093,,,,
162,5.326,0.324,baseline — trained fixed gait,0.5,0,0,0,0,0,RR,0,0,0,0,0,0,1.289078054,-0.2159798322,0.7421761438,1.503061857,,,,
163,5.328,0.326,baseline — trained fixed gait,0.5,0,0,0,0,0,FL,0,0,0,0,0,0,2.199526619,0.4490061836,0.9683252222,2.444826709,,,,
163,5.328,0.326,baseline — trained fixed gait,0.5,0,0,0,0,0,FR,1,0,64.59338853,-5.860071657,186.1816406,197.1553945,-0.01415995826,0.002104903023,-0.00776220359,0.0162845583,,,,
163,5.328,0.326,baseline — trained fixed gait,0.5,0,0,0,0,0,RL,1,0,61.50575697,-19.793884,253.8052725,261.9005008,-0.0046338011,0.005595018468,-0.002243752655,0.007603339415,,,,
163,5.328,0.326,baseline — trained fixed gait,0.5,0,0,0,0,0,RR,0,0,0,0,0,0,1.420716348,-0.2423259852,0.7702216728,1.634135321,,,,
164,5.33,0.328,baseline — trained fixed gait,0.5,0,0,0,0,0,FL,0,0,0,0,0,0,2.1841576,0.473229952,0.9249514169,2.418682727,,,,
164,5.33,0.328,baseline — trained fixed gait,0.5,0,0,0,0,0,FR,1,0,64.39679727,-6.134615545,186.7518192,197.6381112,-0.0140725797,0.002135164134,-0.007611404799,0.01614093889,,,,
164,5.33,0.328,baseline — trained fixed gait,0.5,0,0,0,0,0,RL,1,0,61.42499174,-19.92109374,253.8089675,261.8947719,-0.005031968801,0.005641766321,-0.002204143166,0.007874546611,,,,
164,5.33,0.328,baseline — trained fixed gait,0.5,0,0,0,0,0,RR,0,0,0,0,0,0,1.51523735,-0.2705017025,0.7700893523,1.721090645,,,,
165,5.332,0.33,baseline — trained fixed gait,0.5,0,0,0,0,0,FL,0,0,0,0,0,0,2.159732114,0.4951838347,0.8763651829,2.382785297,,,,
165,5.332,0.33,baseline — trained fixed gait,0.5,0,0,0,0,0,FR,1,0,64.55635123,-8.114148207,191.3647847,202.1233353,-0.01394849187,0.002154891607,-0.007422571441,0.01594674105,,,,
165,5.332,0.33,baseline — trained fixed gait,0.5,0,0,0,0,0,RL,1,0,66.94066098,-19.6542047,246.8269327,256.4973188,-0.00532979448,0.005702437345,-0.002123876443,0.008089212076,,,,
165,5.332,0.33,baseline — trained fixed gait,0.5,0,0,0,0,0,RR,0,0,0,0,0,0,1.581815888,-0.2987786656,0.7499332921,1.775896995,,,,
166,5.334,0.332,baseline — trained fixed gait,0.5,0,0,0,0,0,FL,0,0,0,0,0,0,2.171703314,0.5044795747,0.8618797565,2.390320405,,,,
166,5.334,0.332,baseline — trained fixed gait,0.5,0,0,0,0,0,FR,1,0,64.40588985,-8.275697452,191.7466161,202.4434998,-0.01372683179,0.002367652623,-0.006597845093,0.01541308697,,,,
166,5.334,0.332,baseline — trained fixed gait,0.5,0,0,0,0,0,RL,1,0,66.95073347,-19.62169332,247.0797198,256.7407243,-0.006446611464,0.005707930165,-0.00153091692,0.008745454405,,,,
166,5.334,0.332,baseline — trained fixed gait,0.5,0,0,0,0,0,RR,0,0,0,0,0,0,1.694033694,-0.3099984842,0.7708451975,1.886809883,,,,
167,5.336,0.334,baseline — trained fixed gait,0.5,0,0,0,0,0,FL,0,0,0,0,0,0,2.168627341,0.5133283139,0.8357040437,2.380094904,,,,
167,5.336,0.334,baseline — trained fixed gait,0.5,0,0,0,0,0,FR,1,0,64.26156623,-8.415268338,192.0915083,202.7301487,-0.01347066543,0.002482113718,-0.005940446301,0.01493012451,,,,
167,5.336,0.334,baseline — trained fixed gait,0.5,0,0,0,0,0,RL,1,0,66.90235277,-19.6917152,247.4923855,257.1306465,-0.007199442047,0.005728003127,-0.001194063604,0.009277271878,,,,
167,5.336,0.334,baseline — trained fixed gait,0.5,0,0,0,0,0,RR,0,0,0,0,0,0,1.771884452,-0.323579588,0.7650411164,1.956927737,,,,
168,5.338,0.336,baseline — trained fixed gait,0.5,0,0,0,0,0,FL,0,0,0,0,0,0,2.154683445,0.5208592437,0.8017858599,2.357289899,,,,
168,5.338,0.336,baseline — trained fixed gait,0.5,0,0,0,0,0,FR,1,0,64.11973267,-8.53593763,192.4062245,202.9885651,-0.01320029225,0.002541811687,-0.005431877746,0.0144987523,,,,
168,5.338,0.336,baseline — trained fixed gait,0.5,0,0,0,0,0,RL,1,0,66.81468369,-19.843182,248.0535874,257.6597292,-0.007730565677,0.005773846835,-0.001034182213,0.009704044817,,,,
168,5.338,0.336,baseline — trained fixed gait,0.5,0,0,0,0,0,RR,0,0,0,0,0,0,1.823985481,-0.3378530584,0.7402663305,1.997263619,,,,
169,5.34,0.338,baseline — trained fixed gait,0.5,0,0,0,0,0,FL,0,0,0,0,0,0,2.13303191,0.5265230507,0.7631328126,2.325816705,,,,
169,5.34,0.338,baseline — trained fixed gait,0.5,0,0,0,0,0,FR,1,0,63.97942672,-8.647657433,192.6099842,203.142204,-0.01292628097,0.002572488748,-0.005052273318,0.0141149532,,,,
169,5.34,0.338,baseline — trained fixed gait,0.5,0,0,0,0,0,RL,1,0,66.70033694,-20.0562588,248.7560939,258.3230201,-0.008127679689,0.005846394754,-0.0009961812993,0.01006140576,,,,
169,5.34,0.338,baseline — trained fixed gait,0.5,0,0,0,0,0,RR,0,0,0,0,0,0,1.85692511,-0.3516311413,0.7024141838,2.016234363,,,,
170,5.342,0.34,baseline — trained fixed gait,0.5,0,0,0,0,0,FL,0,0,0,0,0,0,2.1060446,0.5300179484,0.7220119052,2.288589975,,,,
170,5.342,0.34,baseline — trained fixed gait,0.5,0,0,0,0,0,FR,1,0,63.90863624,-10.31672128,192.2442359,202.8511641,-0.01265419956,0.00259006337,-0.004774194131,0.01377062542,,,,
170,5.342,0.34,baseline — trained fixed gait,0.5,0,0,0,0,0,RL,1,0,69.29882247,-19.46813591,242.0203932,252.4979323,-0.008441925468,0.005942465767,-0.00103945526,0.01037590826,,,,
170,5.342,0.34,baseline — trained fixed gait,0.5,0,0,0,0,0,RR,0,0,0,0,0,0,1.875712012,-0.3640989199,0.655956408,2.02018375,,,,
171,5.344,0.342,baseline — trained fixed gait,0.5,0,0,0,0,0,FL,0,0,0,0,0,0,2.114443365,0.5287180613,0.715514,2.293986446,,,,
171,5.344,0.342,baseline — trained fixed gait,0.5,0,0,0,0,0,FR,1,0,62.61498176,-9.941292551,191.8386715,202.043414,-0.01238325234,0.002860687615,-0.004542738512,0.01349684946,,,,
171,5.344,0.342,baseline — trained fixed gait,0.5,0,0,0,0,0,RL,1,0,69.23197568,-19.52613812,243.0130163,253.435717,-0.009171021923,0.005942769512,-0.0005958206128,0.01094436635,,,,
171,5.344,0.342,baseline — trained fixed gait,0.5,0,0,0,0,0,RR,0,0,0,0,0,0,1.932892883,-0.3675725138,0.6457027266,2.070776777,,,,
172,5.346,0.344,baseline — trained fixed gait,0.5,0,0,0,0,0,FL,0,0,0,0,0,0,2.110967337,0.5270061688,0.6991299549,2.285323017,,,,
172,5.346,0.344,baseline — trained fixed gait,0.5,0,0,0,0,0,FR,1,0,62.50497102,-9.928678857,192.0284614,202.1889712,-0.01202754627,0.002828149892,-0.003551344659,0.01285582942,,,,
172,5.346,0.344,baseline — trained fixed gait,0.5,0,0,0,0,0,RL,1,0,69.12619917,-19.68396154,244.1614549,254.520541,-0.009699294968,0.005979318387,-0.0004468352043,0.01140299228,,,,
172,5.346,0.344,baseline — trained fixed gait,0.5,0,0,0,0,0,RR,0,0,0,0,0,0,1.969643404,-0.3717269259,0.6201436227,2.098154942,,,,
173,5.348,0.346,baseline — trained fixed gait,0.5,0,0,0,0,0,FL,0,0,0,0,0,0,2.098719766,0.5242128074,0.6760218869,2.266369193,,,,
173,5.348,0.346,baseline — trained fixed gait,0.5,0,0,0,0,0,FR,1,0,62.37965228,-9.912329381,192.2123907,202.3241915,-0.01170290534,0.002790671712,-0.002911266636,0.01237825979,,,,
173,5.348,0.346,baseline — trained fixed gait,0.5,0,0,0,0,0,RL,1,0,68.99164821,-19.90524896,245.4585692,255.7459201,-0.01010244776,0.006051407079,-0.0004855246828,0.01178620858,,,,
173,5.348,0.346,baseline — trained fixed gait,0.5,0,0,0,0,0,RR,0,0,0,0,0,0,1.991121114,-0.3756021866,0.5840866411,2.108743109,,,,
174,5.35,0.348,baseline — trained fixed gait,0.5,0,0,0,0,0,FL,0,0,0,0,0,0,2.080081315,0.5200063984,0.6486140692,2.240054718,,,,
174,5.35,0.348,baseline — trained fixed gait,0.5,0,0,0,0,0,FR,1,0,62.24050775,-9.889612591,192.391902,202.4508069,-0.01139975574,0.002754688928,-0.002523306701,0.01199624186,,,,
174,5.35,0.348,baseline — trained fixed gait,0.5,0,0,0,0,0,RL,1,0,68.84861826,-20.19165577,246.9813391,257.1917904,-0.01042474027,0.006151686879,-0.0006385203646,0.01212131055,,,,
174,5.35,0.348,baseline — trained fixed gait,0.5,0,0,0,0,0,RR,0,0,0,0,0,0,2.001263998,-0.3785497966,0.5411888443,2.107425658,,,,
175,5.352,0.35,baseline — trained fixed gait,0.5,0,0,0,0,0,FL,0,0,0,0,0,0,2.056864742,0.5142163131,0.6187475266,2.208610307,,,,
175,5.352,0.35,baseline — trained fixed gait,0.5,0,0,0,0,0,FR,1,0,57.61543431,-10.51144974,194.6528292,203.272607,-0.01111233728,0.002722803039,-0.002314521326,0.01167281908,,,,
175,5.352,0.35,baseline — trained fixed gait,0.5,0,0,0,0,0,RL,1,0,69.13725251,-19.73312289,243.1582278,253.5651387,-0.01069228199,0.006275296936,-0.0008610056049,0.01242761347,,,,
175,5.352,0.35,baseline — trained fixed gait,0.5,0,0,0,0,0,RR,0,0,0,0,0,0,2.003062372,-0.3801358246,0.4942156451,2.097858721,,,,
176,5.354,0.352,baseline — trained fixed gait,0.5,0,0,0,0,0,FL,0,0,0,0,0,0,2.059771327,0.5061500422,0.617798157,2.209189976,,,,
176,5.354,0.352,baseline — trained fixed gait,0.5,0,0,0,0,0,FR,1,0,57.33211112,-10.46668418,194.9480348,203.4729926,-0.01015251227,0.002793776292,-0.002386848081,0.01079702437,,,,
176,5.354,0.352,baseline — trained fixed gait,0.5,0,0,0,0,0,RL,1,0,69.01139116,-19.89959159,244.8390108,255.1562405,-0.01104285191,0.006312378625,-0.0007228790919,0.012740222,,,,
176,5.354,0.352,baseline — trained fixed gait,0.5,0,0,0,0,0,RR,0,0,0,0,0,0,2.038157614,-0.3772490526,0.4816500358,2.128001425,,,,
177,5.356,0.354,baseline — trained fixed gait,0.5,0,0,0,0,0,FL,0,0,0,0,0,0,2.053176493,0.497851434,0.6081828151,2.19847131,,,,
177,5.356,0.354,baseline — trained fixed gait,0.5,0,0,0,0,0,FR,1,0,57.08922028,-10.41043457,195.1993255,203.6426598,-0.009467800766,0.002819433547,-0.002467544016,0.01018220165,,,,
177,5.356,0.354,baseline — trained fixed gait,0.5,0,0,0,0,0,RL,1,0,68.86738209,-20.1331664,246.6475507,256.8717092,-0.01132788854,0.006384614175,-0.0007743156649,0.01302627812,,,,
177,5.356,0.354,baseline — trained fixed gait,0.5,0,0,0,0,0,RR,0,0,0,0,0,0,2.058678206,-0.3746748577,0.4580365922,2.142039851,,,,
178,5.358,0.356,baseline — trained fixed gait,0.5,0,0,0,0,0,FL,0,0,0,0,0,0,2.039458737,0.4889247298,0.592513215,2.17933734,,,,
178,5.358,0.356,baseline — trained fixed gait,0.5,0,0,0,0,0,FR,1,0,56.86934036,-10.34642846,195.4228238,203.7921748,-0.008951408682,0.002818895194,-0.002552389823,0.009725666111,,,,
178,5.358,0.356,baseline — trained fixed gait,0.5,0,0,0,0,0,RL,1,0,68.71265005,-20.42203418,248.5751938,258.7046863,-0.011566085,0.006485026123,-0.0009384706805,0.01329325443,,,,
178,5.358,0.356,baseline — trained fixed gait,0.5,0,0,0,0,0,RR,0,0,0,0,0,0,2.068204615,-0.371772952,0.4268947172,2.144277165,,,,
179,5.36,0.358,baseline — trained fixed gait,0.5,0,0,0,0,0,FL,0,0,0,0,0,0,2.020460517,0.479131379,0.5728084965,2.154051335,,,,
179,5.36,0.358,baseline — trained fixed gait,0.5,0,0,0,0,0,FR,1,0,56.66136458,-10.27697032,195.6287417,203.9282495,-0.008535510419,0.002803576578,-0.002635875713,0.009362842545,,,,
179,5.36,0.358,baseline — trained fixed gait,0.5,0,0,0,0,0,RL,1,0,68.55252478,-20.75652884,250.6142321,260.6487588,-0.01176790405,0.006607150626,-0.001162506816,0.01354582693,,,,
179,5.36,0.358,baseline — trained fixed gait,0.5,0,0,0,0,0,RR,0,0,0,0,0,0,2.069485177,-0.3681069541,0.3909101201,2.138008969,,,,
180,5.362,0.36,baseline — trained fixed gait,0.5,0,0,0,0,0,FL,0,0,0,0,0,0,1.997600907,0.4683503294,0.5506152299,2.124367799,,,,
180,5.362,0.36,baseline — trained fixed gait,0.5,0,0,0,0,0,FR,1,0,48.18768091,-11.08515418,200.7466749,206.7466099,-0.008178835803,0.002780256447,-0.002715130992,0.009055115532,,,,
180,5.362,0.36,baseline — trained fixed gait,0.5,0,0,0,0,0,RL,1,0,67.27472266,-20.88663918,251.6007772,261.2758908,-0.01193900905,0.006745476776,-0.001410941265,0.01378521488,,,,
180,5.362,0.36,baseline — trained fixed gait,0.5,0,0,0,0,0,RR,0,0,0,0,0,0,2.064618868,-0.363395773,0.3521145639,2.125721577,,,,
181,5.364,0.362,baseline — trained fixed gait,0.5,0,0,0,0,0,FL,0,0,0,0,0,0,1.982551981,0.4577475264,0.537659075,2.104548036,,,,
181,5.364,0.362,baseline — trained fixed gait,0.5,0,0,0,0,0,FR,1,0,47.77476998,-10.99560134,201.1402179,207.0283052,-0.0065790254,0.002879465543,-0.003161785689,0.007846769129,,,,
181,5.364,0.362,baseline — trained fixed gait,0.5,0,0,0,0,0,RL,1,0,67.11941782,-21.12808232,253.8040787,263.3779081,-0.01194965658,0.006863159773,-0.001578032541,0.01387038,,,,
181,5.364,0.362,baseline — trained fixed gait,0.5,0,0,0,0,0,RR,0,0,0,0,0,0,2.08450605,-0.3550506527,0.3430683489,2.142177007,,,,
182,5.366,0.364,baseline — trained fixed gait,0.5,0,0,0,0,0,FL,0,0,0,0,0,0,1.963091376,0.446418878,0.5212771511,2.07960271,,,,
182,5.366,0.364,baseline — trained fixed gait,0.5,0,0,0,0,0,FR,1,0,47.44975667,-10.89187459,201.4632961,207.2620854,-0.005506295725,0.002913684504,-0.003427230424,0.007110186944,,,,
182,5.366,0.364,baseline — trained fixed gait,0.5,0,0,0,0,0,RL,1,0,66.97291816,-21.4245584,256.0835176,265.5619541,-0.01199532115,0.006983225573,-0.001769964781,0.01399235306,,,,
182,5.366,0.364,baseline — trained fixed gait,0.5,0,0,0,0,0,RR,0,0,0,0,0,0,2.093289442,-0.3470205773,0.3251003592,2.146619252,,,,
183,5.368,0.366,baseline — trained fixed gait,0.5,0,0,0,0,0,FL,0,0,0,0,0,0,1.940350389,0.4342793127,0.5027350861,2.050926796,,,,
183,5.368,0.366,baseline — trained fixed gait,0.5,0,0,0,0,0,FR,1,0,47.17822294,-10.780552,201.7439263,207.4671464,-0.004754875042,0.002908160724,-0.003570190822,0.006619100994,,,,
183,5.368,0.366,baseline — trained fixed gait,0.5,0,0,0,0,0,RL,1,0,66.83470529,-21.76674151,258.4369204,267.8251495,-0.01205439671,0.007109704662,-0.001966543604,0.01413236265,,,,
183,5.368,0.366,baseline — trained fixed gait,0.5,0,0,0,0,0,RR,0,0,0,0,0,0,2.093621316,-0.338834435,0.300987916,2.142114076,,,,
184,5.37,0.368,baseline — trained fixed gait,0.5,0,0,0,0,0,FL,0,0,0,0,0,0,1.915203338,0.4213127785,0.4829942524,2.019601874,,,,
184,5.37,0.368,baseline — trained fixed gait,0.5,0,0,0,0,0,FR,1,0,46.93825515,-10.66567829,201.9996285,207.6554994,-0.004197670541,0.002878911712,-0.003631617547,0.006252776713,,,,
184,5.37,0.368,baseline — trained fixed gait,0.5,0,0,0,0,0,RL,1,0,66.70471356,-22.14695721,260.8606914,270.1634817,-0.01211329844,0.007243569093,-0.002155043779,0.01427744746,,,,
184,5.37,0.368,baseline — trained fixed gait,0.5,0,0,0,0,0,RR,0,0,0,0,0,0,2.087551182,-0.3301709806,0.2728607936,2.131041019,,,,
185,5.372,0.37,baseline — trained fixed gait,0.5,0,0,0,0,0,FL,0,0,0,0,0,0,1.888322419,0.407552666,0.4627738093,1.986459245,,,,
185,5.372,0.37,baseline — trained fixed gait,0.5,0,0,0,0,0,FR,1,0,36.30588948,-9.162371638,211.711535,214.9973039,-0.003758810557,0.002836107408,-0.003643071452,0.005953497429,,,,
185,5.372,0.37,baseline — trained fixed gait,0.5,0,0,0,0,0,RL,1,0,64.12092427,-22.3991226,263.8119706,272.4150684,-0.01216424661,0.007384090616,-0.002328653256,0.01441930358,,,,
185,5.372,0.37,baseline — trained fixed gait,0.5,0,0,0,0,0,RR,0,0,0,0,0,0,2.076655346,-0.3208231374,0.2423373166,2.115219205,,,,
186,5.374,0.372,baseline — trained fixed gait,0.5,0,0,0,0,0,FL,0,0,0,0,0,0,1.86009826,0.3942116607,0.4412173208,1.951932657,,,,
186,5.374,0.372,baseline — trained fixed gait,0.5,0,0,0,0,0,FR,1,0,35.81375211,-9.032654297,212.2129051,215.4031819,-0.001774121118,0.00257254518,-0.004354995046,0.005360175025,,,,
186,5.374,0.372,baseline — trained fixed gait,0.5,0,0,0,0,0,RL,1,0,63.98278748,-22.74811944,266.3048548,274.8263992,-0.01185797692,0.007505740501,-0.002518273483,0.01425796123,,,,
186,5.374,0.372,baseline — trained fixed gait,0.5,0,0,0,0,0,RR,0,0,0,0,0,0,2.076005301,-0.3093771717,0.2298177373,2.111475417,,,,
187,5.376,0.374,baseline — trained fixed gait,0.5,0,0,0,0,0,FL,0,0,0,0,0,0,1.831246749,0.380053296,0.4205703177,1.916972758,,,,
187,5.376,0.374,baseline — trained fixed gait,0.5,0,0,0,0,0,FR,1,0,35.4406549,-8.905418438,212.6247673,215.742064,-0.0004743809476,0.002389713937,-0.004706758318,0.005299938099,,,,
187,5.376,0.374,baseline — trained fixed gait,0.5,0,0,0,0,0,RL,1,0,63.87101768,-23.13371946,268.827999,277.2781436,-0.0116781407,0.007629438592,-0.00266984046,0.01420265298,,,,
187,5.376,0.374,baseline — trained fixed gait,0.5,0,0,0,0,0,RR,0,0,0,0,0,0,2.06843031,-0.2979252049,0.2116638009,2.100467791,,,,
188,5.378,0.376,baseline — trained fixed gait,0.5,0,0,0,0,0,FL,0,0,0,0,0,0,1.801988181,0.3651982521,0.4009703282,1.881836436,,,,
188,5.378,0.376,baseline — trained fixed gait,0.5,0,0,0,0,0,FR,1,0,35.14222938,-8.780391628,212.9830319,216.0413003,0.00040581241,0.002253156988,-0.004824949373,0.00534055583,,,,
188,5.378,0.376,baseline — trained fixed gait,0.5,0,0,0,0,0,RL,1,0,63.779484,-23.54916836,271.3840164,279.7707459,-0.01156882178,0.007756412093,-0.002791131015,0.01420527994,,,,
188,5.378,0.376,baseline — trained fixed gait,0.5,0,0,0,0,0,RR,0,0,0,0,0,0,2.055597217,-0.2862126079,0.1897164683,2.084080112,,,,
189,5.38,0.378,baseline — trained fixed gait,0.5,0,0,0,0,0,FL,0,0,0,0,0,0,1.772487141,0.3497717313,0.3824879297,1.846712741,,,,
189,5.38,0.378,baseline — trained fixed gait,0.5,0,0,0,0,0,FR,1,0,34.8898335,-8.657732486,213.3104613,216.3183065,0.001030499027,0.002143591291,-0.004798015781,0.005355172015,,,,
189,5.38,0.378,baseline — trained fixed gait,0.5,0,0,0,0,0,RL,1,0,63.70440935,-23.98912988,273.9724546,282.302384,-0.01149552905,0.007886806671,-0.002888109931,0.01423692687,,,,
189,5.38,0.378,baseline — trained fixed gait,0.5,0,0,0,0,0,RR,0,0,0,0,0,0,2.038796113,-0.2740745737,0.1653849132,2.063772912,,,,
190,5.382,0.38,baseline — trained fixed gait,0.5,0,0,0,0,0,FL,0,0,0,0,0,0,1.742866081,0.3338991176,0.3651437451,1.811739703,,,,
190,5.382,0.38,baseline — trained fixed gait,0.5,0,0,0,0,0,FR,1,0,25.35182531,-6.686790249,224.4765261,226.0025198,0.001497959565,0.002050371854,-0.004690353872,0.00533360357,,,,
190,5.382,0.38,baseline — trained fixed gait,0.5,0,0,0,0,0,RL,1,0,61.43103457,-24.60022787,278.3949474,286.1515157,-0.0114381185,0.00801986664,-0.002966337792,0.01428103553,,,,
190,5.382,0.38,baseline — trained fixed gait,0.5,0,0,0,0,0,RR,0,0,0,0,0,0,2.019021101,-0.2614138617,0.1397357216,2.040663982,,,,
191,5.384,0.382,baseline — trained fixed gait,0.5,0,0,0,0,0,FL,0,0,0,0,0,0,1.700999976,0.3194764602,0.3322016376,1.762334831,,,,
191,5.384,0.382,baseline — trained fixed gait,0.5,0,0,0,0,0,FR,1,0,24.88444032,-6.538053108,225.0071209,226.473367,0.003318934222,0.001695059538,-0.00537557731,0.006541053632,,,,
191,5.384,0.382,baseline — trained fixed gait,0.5,0,0,0,0,0,RL,1,0,61.34729123,-25.01670475,281.0051036,288.7095321,-0.01107077894,0.008169607064,-0.003159013617,0.01411679825,,,,
191,5.384,0.382,baseline — trained fixed gait,0.5,0,0,0,0,0,RR,0,0,0,0,0,0,2.005913105,-0.2463949854,0.1299275645,2.025161487,,,,
192,5.386,0.384,baseline — trained fixed gait,0.5,0,0,0,0,0,FL,0,0,0,0,0,0,1.662268635,0.3039911252,0.3052348877,1.717182563,,,,
192,5.386,0.384,baseline — trained fixed gait,0.5,0,0,0,0,0,FR,1,0,24.53248209,-6.39983825,225.4537847,226.8748766,0.004507253156,0.001456819216,-0.00565208709,0.007374533322,,,,
192,5.386,0.384,baseline — trained fixed gait,0.5,0,0,0,0,0,RL,1,0,61.29439054,-25.45443881,283.6109781,291.2732698,-0.01082624735,0.008304151557,-0.003278059918,0.01403254224,,,,
192,5.386,0.384,baseline — trained fixed gait,0.5,0,0,0,0,0,RR,0,0,0,0,0,0,1.987903101,-0.2314826095,0.1154314166,2.004661405,,,,
193,5.388,0.386,baseline — trained fixed gait,0.5,0,0,0,0,0,FL,0,0,0,0,0,0,1.626032729,0.2877743353,0.2831141632,1.675395515,,,,
193,5.388,0.386,baseline — trained fixed gait,0.5,0,0,0,0,0,FR,1,0,24.25431566,-6.269258065,225.8513378,227.2364456,0.005304558129,0.001287136959,-0.005674334977,0.007873571992,,,,
193,5.388,0.386,baseline — trained fixed gait,0.5,0,0,0,0,0,RL,1,0,61.26530774,-25.90928031,286.2161945,293.8442423,-0.01065175233,0.008430080301,-0.003348329655,0.01399061804,,,,
193,5.388,0.386,baseline — trained fixed gait,0.5,0,0,0,0,0,RR,0,0,0,0,0,0,1.966217886,-0.2165051525,0.09772402959,1.980514388,,,,
194,5.39,0.388,baseline — trained fixed gait,0.5,0,0,0,0,0,FL,0,0,0,0,0,0,1.591781391,0.2711009648,0.2649005559,1.636287271,,,,
194,5.39,0.388,baseline — trained fixed gait,0.5,0,0,0,0,0,FR,1,0,24.02255258,-6.14483729,226.2221415,227.5770186,0.005862196874,0.001157993658,-0.005547601968,0.008153661086,,,,
194,5.39,0.388,baseline — trained fixed gait,0.5,0,0,0,0,0,RL,1,0,61.25552782,-26.37789856,288.8214172,296.4217338,-0.01051490806,0.008551037839,-0.003387192686,0.01396984659,,,,
194,5.39,0.388,baseline — trained fixed gait,0.5,0,0,0,0,0,RR,0,0,0,0,0,0,1.941810784,-0.2013532704,0.07794353901,1.953777739,,,,
195,5.392,0.39,baseline — trained fixed gait,0.5,0,0,0,0,0,FL,0,0,0,0,0,0,1.559108543,0.2541989157,0.2498166312,1.599326386,,,,
195,5.392,0.39,baseline — trained fixed gait,0.5,0,0,0,0,0,FR,1,0,14.83618712,-4.181426643,237.7761062,238.2752053,0.006271542437,0.001053325874,-0.005345910905,0.008307857927,,,,
195,5.392,0.39,baseline — trained fixed gait,0.5,0,0,0,0,0,RL,1,0,59.44947197,-27.00703467,293.9505066,301.1154596,-0.0103967901,0.008668619201,-0.003407336478,0.01395880171,,,,
195,5.392,0.39,baseline — trained fixed gait,0.5,0,0,0,0,0,RR,0,0,0,0,0,0,1.915419318,-0.1859641747,0.05695782304,1.925268301,,,,
196,5.394,0.392,baseline — trained fixed gait,0.5,0,0,0,0,0,FL,0,0,0,0,0,0,1.51258545,0.2395673476,0.2156790343,1.546552522,,,,
196,5.394,0.392,baseline — trained fixed gait,0.5,0,0,0,0,0,FR,1,0,14.41371734,-4.036589691,238.3282356,238.7978165,0.007964705558,0.0006934255242,-0.005956748885,0.009969966442,,,,
196,5.394,0.392,baseline — trained fixed gait,0.5,0,0,0,0,0,RL,1,0,59.43956349,-27.47425214,296.4970858,303.6419242,-0.01002173172,0.008803279534,-0.003593247185,0.01381463943,,,,
196,5.394,0.392,baseline — trained fixed gait,0.5,0,0,0,0,0,RR,0,0,0,0,0,0,1.885794974,-0.1697622389,0.03469874835,1.893738605,,,,
197,5.396,0.394,baseline — trained fixed gait,0.5,0,0,0,0,0,FL,0,0,0,0,0,0,1.470788804,0.2238732276,0.1897824833,1.499785424,,,,
197,5.396,0.394,baseline — trained fixed gait,0.5,0,0,0,0,0,FR,1,0,14.10108664,-3.902275994,238.8043008,239.2520898,0.009055567724,0.0004551191315,-0.006164916744,0.01096433485,,,,
197,5.396,0.394,baseline — trained fixed gait,0.5,0,0,0,0,0,RL,1,0,59.46012179,-27.94580745,299.014906,306.1476576,-0.009753302305,0.008922765861,-0.003688707493,0.01372403801,,,,
197,5.396,0.394,baseline — trained fixed gait,0.5,0,0,0,0,0,RR,0,0,0,0,0,0,1.85546736,-0.153254008,0.01277399835,1.861829501,,,,
198,5.398,0.396,baseline — trained fixed gait,0.5,0,0,0,0,0,FL,0,0,0,0,0,0,1.432716951,0.2075474468,0.1703321889,1.457658005,,,,
198,5.398,0.396,baseline — trained fixed gait,0.5,0,0,0,0,0,FR,1,0,13.8591906,-3.775812287,239.2383085,239.6691515,0.009772463795,0.000287834088,-0.00612956994,0.01153930348,,,,
198,5.398,0.396,baseline — trained fixed gait,0.5,0,0,0,0,0,RL,1,0,59.50439529,-28.42030622,301.5072717,308.6342848,-0.009546730823,0.009031224064,-0.003728037119,0.01366021004,,,,
198,5.398,0.396,baseline — trained fixed gait,0.5,0,0,0,0,0,RR,0,0,0,0,0,0,1.824710936,-0.1364782251,-0.008552293574,1.829827709,,,,
199,5.4,0.398,baseline — trained fixed gait,0.5,0,0,0,0,0,FL,0,0,0,0,0,0,1.397575616,0.1909326638,0.1558682859,1.419143335,,,,
199,5.4,0.398,baseline — trained fixed gait,0.5,0,0,0,0,0,FR,1,0,13.66176706,-3.652930932,239.6527448,240.0696271,0.01026090998,0.0001621257833,-0.005955800175,0.01186524817,,,,
199,5.4,0.398,baseline — trained fixed gait,0.5,0,0,0,0,0,RL,1,0,59.56789572,-28.89555175,303.9747035,311.101121,-0.009374361593,0.009131447701,-0.003734446375,0.01360911761,,,,
199,5.4,0.398,baseline — trained fixed gait,0.5,0,0,0,0,0,RR,0,0,0,0,0,0,1.793731522,-0.1194798071,-0.02910418287,1.797941948,,,,
200,5.402,0.4,baseline — trained fixed gait,0.5,0,0,0,0,0,FL,0,0,0,0,0,0,1.364739586,0.1742871336,0.145211481,1.383465401,,,,
200,5.402,0.4,baseline — trained fixed gait,0.5,0,0,0,0,0,FR,1,0,4.928764802,-1.665937723,253.0213075,253.0747915,0.01060805969,6.048873452e-05,-0.00571704925,0.01205069464,,,,
200,5.402,0.4,baseline — trained fixed gait,0.5,0,0,0,0,0,RL,1,0,57.79230435,-29.1730431,306.9059459,313.6594914,-0.009220177862,0.009224872707,-0.003724032337,0.01356386277,,,,
200,5.402,0.4,baseline — trained fixed gait,0.5,0,0,0,0,0,RR,0,0,0,0,0,0,1.762686853,-0.102400263,-0.04878031718,1.766332436,,,,
201,5.404,0.402,baseline — trained fixed gait,0.5,0,0,0,0,0,FL,0,0,0,0,0,0,1.314543658,0.1597104651,0.1078483208,1.328594641,,,,
201,5.404,0.402,baseline — trained fixed gait,0.5,0,0,0,0,0,FR,1,0,4.546449671,-1.527199789,253.5881724,253.6335225,0.0121762066,-0.0002904347647,-0.006416415899,0.01376643573,,,,
201,5.404,0.402,baseline — trained fixed gait,0.5,0,0,0,0,0,RL,1,0,57.86160452,-29.65609036,309.2911389,316.0513527,-0.008824732777,0.009291011466,-0.003740284449,0.01334872767,,,,
201,5.404,0.402,baseline — trained fixed gait,0.5,0,0,0,0,0,RR,0,0,0,0,0,0,1.726581027,-0.08536983319,-0.07432440077,1.730287308,,,,
202,5.406,0.404,baseline — trained fixed gait,0.5,0,0,0,0,0,FL,0,0,0,0,0,0,1.270575078,0.1439671056,0.08120956187,1.281281604,,,,
202,5.406,0.404,baseline — trained fixed gait,0.5,0,0,0,0,0,FR,1,0,4.272132466,-1.399221916,254.0802046,254.1199703,0.01317663967,-0.0005193109558,-0.006661781958,0.01477406023,,,,
202,5.406,0.404,baseline — trained fixed gait,0.5,0,0,0,0,0,RL,1,0,57.95561819,-30.13303588,311.6351895,318.4075138,-0.00853578749,0.009363586826,-0.003739884561,0.01321072151,,,,
202,5.406,0.404,baseline — trained fixed gait,0.5,0,0,0,0,0,RR,0,0,0,0,0,0,1.691932719,-0.06793615779,-0.09673779067,1.696057147,,,,
203,5.408,0.406,baseline — trained fixed gait,0.5,0,0,0,0,0,FL,0,0,0,0,0,0,1.231515157,0.1275877699,0.06282792037,1.239699789,,,,
203,5.408,0.406,baseline — trained fixed gait,0.5,0,0,0,0,0,FR,1,0,4.068456255,-1.279454473,254.5307442,254.5664728,0.01382250435,-0.0006772011233,-0.006632957853,0.01534654221,,,,
203,5.408,0.406,baseline — trained fixed gait,0.5,0,0,0,0,0,RL,1,0,58.06918067,-30.60363273,313.9398726,320.7286325,-0.008309853491,0.009436357325,-0.003733219299,0.01311622777,,,,
203,5.408,0.406,baseline — trained fixed gait,0.5,0,0,0,0,0,RR,0,0,0,0,0,0,1.658509705,-0.05024303802,-0.1164996402,1.663355335,,,,
204,5.41,0.408,baseline — trained fixed gait,0.5,0,0,0,0,0,FL,0,0,0,0,0,0,1.196317151,0.1109865413,0.05071216753,1.202524204,,,,
204,5.41,0.408,baseline — trained fixed gait,0.5,0,0,0,0,0,FR,1,0,3.910172815,-1.166761695,254.9608419,254.9934935,0.01425154357,-0.0007938882242,-0.006448128786,0.01566253866,,,,
204,5.41,0.408,baseline — trained fixed gait,0.5,0,0,0,0,0,RL,1,0,58.19899256,-31.06813624,316.2047756,323.0136404,-0.008119581261,0.009506286482,-0.00372588286,0.01304527829,,,,
204,5.41,0.408,baseline — trained fixed gait,0.5,0,0,0,0,0,RR,0,0,0,0,0,0,1.626122861,-0.03240979302,-0.134018559,1.631958005,,,,
205,5.412,0.41,baseline — trained fixed gait,0.5,0,0,0,0,0,FL,0,0,0,0,0,0,1.164153577,0.09448343886,0.04326735292,1.168782587,,,,
205,5.412,0.41,baseline — trained fixed gait,0.5,0,0,0,0,0,FR,1,0,-3.848776006,0.5337459889,267.5683257,267.5965375,0.01454750726,-0.000886535431,-0.006188508856,0.01583393679,,,,
205,5.412,0.41,baseline — trained fixed gait,0.5,0,0,0,0,0,RL,1,0,56.93269199,-30.9412927,317.0471009,323.6009258,-0.007948886686,0.009571712033,-0.003721387422,0.0129865775,,,,
205,5.412,0.41,baseline — trained fixed gait,0.5,0,0,0,0,0,RR,0,0,0,0,0,0,1.59461921,-0.01453511177,-0.149642026,1.601691116,,,,
206,5.414,0.412,baseline — trained fixed gait,0.5,0,0,0,0,0,FL,0,0,0,0,0,0,1.11178214,0.08071194662,0.004299889762,1.114716302,,,,
206,5.414,0.412,baseline — trained fixed gait,0.5,0,0,0,0,0,FR,1,0,-4.14958916,0.6806568638,268.0895675,268.122544,0.01591658049,-0.001188082249,-0.006789015224,0.01734473412,,,,
206,5.414,0.412,baseline — trained fixed gait,0.5,0,0,0,0,0,RL,1,0,57.08093606,-31.42206543,319.2056352,325.787994,-0.007612609504,0.009569395936,-0.003625740253,0.01275426025,,,,
206,5.414,0.412,baseline — trained fixed gait,0.5,0,0,0,0,0,RR,0,0,0,0,0,0,1.551409633,0.002800104909,-0.1863644853,1.562565651,,,,
207,5.416,0.414,baseline — trained fixed gait,0.5,0,0,0,0,0,FL,0,0,0,0,0,0,1.066698636,0.06556792336,-0.02211398176,1.068940672,,,,
207,5.416,0.414,baseline — trained fixed gait,0.5,0,0,0,0,0,FR,1,0,-4.355010835,0.8168879479,268.5463819,268.5829344,0.01678242186,-0.001385514734,-0.006970420871,0.01822515025,,,,
207,5.416,0.414,baseline — trained fixed gait,0.5,0,0,0,0,0,RL,1,0,57.24449151,-31.88599029,321.3217258,327.9349016,-0.0073574186,0.009595695392,-0.003579124693,0.01261027803,,,,
207,5.416,0.414,baseline — trained fixed gait,0.5,0,0,0,0,0,RR,0,0,0,0,0,0,1.512714907,0.02083041668,-0.2147804517,1.528028448,,,,
208,5.418,0.416,baseline — trained fixed gait,0.5,0,0,0,0,0,FL,0,0,0,0,0,0,1.027384748,0.04967791514,-0.03895377056,1.029322453,,,,
208,5.418,0.416,baseline — trained fixed gait,0.5,0,0,0,0,0,FR,1,0,-4.49805457,0.944064642,268.9692915,269.0085566,0.0173331921,-0.001522657728,-0.006903968368,0.0187195837,,,,
208,5.418,0.416,baseline — trained fixed gait,0.5,0,0,0,0,0,RL,1,0,57.42106277,-32.33447057,323.3934643,330.0394358,-0.00715012091,0.009633444103,-0.003567282434,0.01251610875,,,,
208,5.418,0.416,baseline — trained fixed gait,0.5,0,0,0,0,0,RR,0,0,0,0,0,0,1.477585894,0.0392532371,-0.2366253368,1.496927667,,,,
209,5.42,0.418,baseline — trained fixed gait,0.5,0,0,0,0,0,FL,0,0,0,0,0,0,0.9926320634,0.03352755137,-0.04861292019,0.9943871107,,,,
209,5.42,0.418,baseline — trained fixed gait,0.5,0,0,0,0,0,FR,1,0,-4.617046218,1.016981832,269.3766945,269.4181785,0.01769182166,-0.001625036412,-0.006699980271,0.01898765474,,,,
209,5.42,0.418,baseline — trained fixed gait,0.5,0,0,0,0,0,RL,1,0,54.74427741,-31.32736571,323.5361064,329.626989,-0.00696958725,0.009673578057,-0.003578885987,0.01244836069,,,,
209,5.42,0.418,baseline — trained fixed gait,0.5,0,0,0,0,0,RR,0,0,0,0,0,0,1.445267863,0.05783340265,-0.253311377,1.468438133,,,,
210,5.422,0.42,baseline — trained fixed gait,0.5,0,0,0,0,0,FL,0,0,0,0,0,0,0.9615022086,0.01759031877,-0.05300251734,0.9631226211,,,,
210,5.422,0.42,baseline — trained fixed gait,0.5,0,0,0,0,0,FR,1,0,-12.02001668,2.680474396,283.3373411,283.6048564,0.01793555384,-0.001698898909,-0.006435555454,0.01913077946,,,,
210,5.422,0.42,baseline — trained fixed gait,0.5,0,0,0,0,0,RL,1,0,53.29993913,-30.53951798,321.0060118,326.8308511,-0.006386237674,0.009751371268,-0.002517222969,0.01192517022,,,,
210,5.422,0.42,baseline — trained fixed gait,0.5,0,0,0,0,0,RR,0,0,0,0,0,0,1.415166048,0.07613422915,-0.2660114162,1.441961663,,,,
211,5.424,0.422,baseline — trained fixed gait,0.5,0,0,0,0,0,FL,0,0,0,0,0,0,0.9051509846,0.003772139052,-0.10014601,0.9106820286,,,,
211,5.424,0.422,baseline — trained fixed gait,0.5,0,0,0,0,0,FR,1,0,-12.25839499,2.83704421,283.7750912,284.0539024,0.01921860761,-0.001973456256,-0.007121856574,0.02059053786,,,,
211,5.424,0.422,baseline — trained fixed gait,0.5,0,0,0,0,0,RL,1,0,53.51968711,-31.04320363,322.9149249,328.7888169,-0.005792181163,0.009678412644,-0.001550912246,0.01138535738,,,,
211,5.424,0.422,baseline — trained fixed gait,0.5,0,0,0,0,0,RR,0,0,0,0,0,0,1.365335789,0.09319796413,-0.3159625628,1.404514158,,,,
212,5.426,0.424,baseline — trained fixed gait,0.5,0,0,0,0,0,FL,0,0,0,0,0,0,0.857967371,-0.01193138703,-0.1311123564,0.8680096875,,,,
212,5.426,0.424,baseline — trained fixed gait,0.5,0,0,0,0,0,FR,1,0,-12.40575668,2.982009177,284.1492546,284.435571,0.02002395952,-0.002148762184,-0.007352260656,0.02143902681,,,,
212,5.426,0.424,baseline — trained fixed gait,0.5,0,0,0,0,0,RL,1,0,53.73820695,-31.5126929,324.8065689,330.7267027,-0.0053944336,0.009663949701,-0.0009912228077,0.01111190174,,,,
212,5.426,0.424,baseline — trained fixed gait,0.5,0,0,0,0,0,RR,0,0,0,0,0,0,1.323272202,0.1113627665,-0.3513626237,1.373647218,,,,
213,5.428,0.426,baseline — trained fixed gait,0.5,0,0,0,0,0,FL,0,0,0,0,0,0,0.8180643845,-0.02871620739,-0.1497666496,0.8321562396,,,,
213,5.428,0.426,baseline — trained fixed gait,0.5,0,0,0,0,0,FR,1,0,-12.49337998,3.116679548,284.4899143,284.7811608,0.0205284599,-0.002266943023,-0.007312249079,0.02190948843,,,,
213,5.428,0.426,baseline — trained fixed gait,0.5,0,0,0,0,0,RL,1,0,53.95702364,-31.95252653,326.6714348,332.6357627,-0.005111684236,0.009675297091,-0.0006986756386,0.01096489112,,,,
213,5.428,0.426,baseline — trained fixed gait,0.5,0,0,0,0,0,RR,0,0,0,0,0,0,1.287273078,0.1301425262,-0.3754747875,1.347215785,,,,
214,5.43,0.428,baseline — trained fixed gait,0.5,0,0,0,0,0,FL,0,0,0,0,0,0,0.7839333236,-0.04595913335,-0.159211563,0.8012565255,,,,
214,5.43,0.428,baseline — trained fixed gait,0.5,0,0,0,0,0,FR,1,0,-12.54316036,3.205918722,284.8080334,285.1021303,0.0208496911,-0.002352484637,-0.007120117184,0.02215716298,,,,
214,5.43,0.428,baseline — trained fixed gait,0.5,0,0,0,0,0,RL,1,0,54.17828805,-32.36995043,328.5002924,334.5079113,-0.004893540161,0.009695140444,-0.0005756194263,0.01087537683,,,,
214,5.43,0.428,baseline — trained fixed gait,0.5,0,0,0,0,0,RR,0,0,0,0,0,0,1.255986569,0.1491668371,-0.3909334358,1.323851184,,,,
215,5.432,0.43,baseline — trained fixed gait,0.5,0,0,0,0,0,FL,0,0,0,0,0,0,0.7543692658,-0.06317516786,-0.1619165428,0.774132455,,,,
215,5.432,0.43,baseline — trained fixed gait,0.5,0,0,0,0,0,FR,1,0,-18.24863344,4.637402365,299.1119476,299.7039795,0.02105916488,-0.002414669045,-0.006855394168,0.02227813909,,,,
215,5.432,0.43,baseline — trained fixed gait,0.5,0,0,0,0,0,RL,1,0,52.59032985,-30.98429393,323.6018998,329.3083036,-0.004711345344,0.009714635625,-0.0005564796785,0.01081113268,,,,
215,5.432,0.43,baseline — trained fixed gait,0.5,0,0,0,0,0,RR,0,0,0,0,0,0,1.228343166,0.1681633341,-0.3998497962,1.302684037,,,,
216,5.434,0.432,baseline — trained fixed gait,0.5,0,0,0,0,0,FL,0,0,0,0,0,0,0.6931073072,-0.07755891995,-0.2219925417,0.7319110697,,,,
216,5.434,0.432,baseline — trained fixed gait,0.5,0,0,0,0,0,FR,1,0,-18.38620079,4.791763305,299.3777834,299.9801169,0.02208822755,-0.002642078647,-0.00755586243,0.02349385947,,,,
216,5.434,0.432,baseline — trained fixed gait,0.5,0,0,0,0,0,RL,1,0,52.83098088,-31.51147957,325.3316336,331.0962967,-0.004348694111,0.009537377269,-0.0001563342044,0.01048318396,,,,
216,5.434,0.432,baseline — trained fixed gait,0.5,0,0,0,0,0,RR,0,0,0,0,0,0,1.167134498,0.1852114835,-0.4740157909,1.273262424,,,,
217,5.436,0.434,baseline — trained fixed gait,0.5,0,0,0,0,0,FL,0,0,0,0,0,0,0.6437156115,-0.09470223564,-0.2603788172,0.7008105524,,,,
217,5.436,0.434,baseline — trained fixed gait,0.5,0,0,0,0,0,FR,1,0,-18.44993739,4.935391508,299.5917434,300.199885,0.02273601891,-0.002780304509,-0.007790263752,0.02419390127,,,,
217,5.436,0.434,baseline — trained fixed gait,0.5,0,0,0,0,0,RL,1,0,53.06844951,-31.99071726,327.0423394,332.8608689,-0.004087633074,0.009461477559,7.469854268e-06,0.0103067142,,,,
217,5.436,0.434,baseline — trained fixed gait,0.5,0,0,0,0,0,RR,0,0,0,0,0,0,1.11860922,0.2040515477,-0.5234256132,1.251757962,,,,
218,5.438,0.436,baseline — trained fixed gait,0.5,0,0,0,0,0,FL,0,0,0,0,0,0,0.6037518457,-0.1135177763,-0.2822805026,0.6760805122,,,,
218,5.438,0.436,baseline — trained fixed gait,0.5,0,0,0,0,0,FR,1,0,-18.46595019,5.033154574,299.771873,300.3822562,0.02314255574,-0.002867865329,-0.007749211496,0.02457341686,,,,
218,5.438,0.436,baseline — trained fixed gait,0.5,0,0,0,0,0,RL,1,0,53.3060168,-32.43008576,328.7227031,334.5920762,-0.003886410481,0.00943295559,2.407412047e-05,0.01020222609,,,,
218,5.438,0.436,baseline — trained fixed gait,0.5,0,0,0,0,0,RR,0,0,0,0,0,0,1.079955666,0.2239211289,-0.5538057376,1.234157895,,,,
219,5.44,0.438,baseline — trained fixed gait,0.5,0,0,0,0,0,FL,0,0,0,0,0,0,0.5712539706,-0.1331533623,-0.2918763799,0.6551738227,,,,
219,5.44,0.438,baseline — trained fixed gait,0.5,0,0,0,0,0,FR,1,0,-18.45104687,5.156027024,299.948529,300.5597209,0.02340160111,-0.002922262243,-0.007554477132,0.02476377749,,,,
219,5.44,0.438,baseline — trained fixed gait,0.5,0,0,0,0,0,RL,1,0,53.54546383,-32.83048018,330.3625167,336.2801653,-0.00371829581,0.009423367862,-4.502026043e-05,0.01013052873,,,,
219,5.44,0.438,baseline — trained fixed gait,0.5,0,0,0,0,0,RR,0,0,0,0,0,0,1.048940449,0.244250977,-0.5697676653,1.218429233,,,,
220,5.442,0.44,baseline — trained fixed gait,0.5,0,0,0,0,0,FL,0,0,0,0,0,0,0.5446493587,-0.1529703037,-0.2924902992,0.6368621615,,,,
220,5.442,0.44,baseline — trained fixed gait,0.5,0,0,0,0,0,FR,1,0,-22.39897845,5.784207996,309.9927623,310.8547635,0.02357003386,-0.002962946124,-0.007287875497,0.02484831332,,,,
220,5.442,0.44,baseline — trained fixed gait,0.5,0,0,0,0,0,RL,1,0,52.07344428,-30.30890554,320.1137536,325.7346905,-0.003567697633,0.009416881718,-0.0001596107196,0.0100713258,,,,
220,5.442,0.44,baseline — trained fixed gait,0.5,0,0,0,0,0,RR,0,0,0,0,0,0,1.023786286,0.2646003828,-0.5749981809,1.203650543,,,,
221,5.444,0.442,baseline — trained fixed gait,0.5,0,0,0,0,0,FL,0,0,0,0,0,0,0.480782238,-0.170477943,-0.3615837206,0.6252656047,,,,
221,5.444,0.442,baseline — trained fixed gait,0.5,0,0,0,0,0,FR,1,0,-22.4132062,5.932402211,310.0140059,310.8797663,0.02432131543,-0.003067025659,-0.007692638064,0.02569260032,,,,
221,5.444,0.442,baseline — trained fixed gait,0.5,0,0,0,0,0,RL,1,0,52.35966462,-30.88116794,321.6457094,327.3394925,-0.003263180927,0.009086629535,0.000488288645,0.009667140832,,,,
221,5.444,0.442,baseline — trained fixed gait,0.5,0,0,0,0,0,RR,0,0,0,0,0,0,0.9533078731,0.2829560723,-0.670091262,1.199117317,,,,
222,5.446,0.444,baseline — trained fixed gait,0.5,0,0,0,0,0,FL,0,0,0,0,0,0,0.4312828789,-0.1914200795,-0.4040453758,0.6212078832,,,,
222,5.446,0.444,baseline — trained fixed gait,0.5,0,0,0,0,0,FR,1,0,-22.38291959,6.073222164,310.0112501,310.8775552,0.02479793389,-0.003124372978,-0.00777388623,0.02617503656,,,,
222,5.446,0.444,baseline — trained fixed gait,0.5,0,0,0,0,0,RL,1,0,52.62859843,-31.38845112,323.1837017,328.9418022,-0.00304366245,0.008925090278,0.0007717554256,0.009461327815,,,,
222,5.446,0.444,baseline — trained fixed gait,0.5,0,0,0,0,0,RR,0,0,0,0,0,0,0.9003159926,0.3036167949,-0.7299507637,1.198156986,,,,
223,5.448,0.446,baseline — trained fixed gait,0.5,0,0,0,0,0,FL,0,0,0,0,0,0,0.3931886358,-0.2144435194,-0.4263688489,0.6183637454,,,,
223,5.448,0.446,baseline — trained fixed gait,0.5,0,0,0,0,0,FR,1,0,-22.32571186,6.169470882,309.9945921,310.858725,0.02510137944,-0.003156514883,-0.007671883606,0.02643672888,,,,
223,5.448,0.446,baseline — trained fixed gait,0.5,0,0,0,0,0,RL,1,0,52.88781729,-31.84062524,324.7089425,330.5251034,-0.002873712339,0.008846693035,0.0008266305215,0.009338389491,,,,
223,5.448,0.446,baseline — trained fixed gait,0.5,0,0,0,0,0,RR,0,0,0,0,0,0,0.8609267502,0.3255738426,-0.7629707479,1.195540697,,,,
224,5.45,0.448,baseline — trained fixed gait,0.5,0,0,0,0,0,FL,0,0,0,0,0,0,0.3641109949,-0.2384896526,-0.4337556099,0.6144900813,,,,
224,5.45,0.448,baseline — trained fixed gait,0.5,0,0,0,0,0,FR,1,0,-22.25209294,6.291858914,309.9893665,310.8506884,0.02529866002,-0.003170866205,-0.007474188051,0.02656953289,,,,
224,5.45,0.448,baseline — trained fixed gait,0.5,0,0,0,0,0,RL,1,0,53.14171453,-32.23972036,326.2058484,332.0748363,-0.002730312919,0.008805456347,0.0007456757772,0.009249146041,,,,
224,5.45,0.448,baseline — trained fixed gait,0.5,0,0,0,0,0,RR,0,0,0,0,0,0,0.8320480479,0.3480776615,-0.775892264,1.189735608,,,,
225,5.452,0.45,baseline — trained fixed gait,0.5,0,0,0,0,0,FL,0,0,0,0,0,0,0.3421941535,-0.2627329567,-0.4303678316,0.6093783026,,,,
225,5.452,0.45,baseline — trained fixed gait,0.5,0,0,0,0,0,FR,1,0,-25.39410622,6.518977922,318.5010156,319.5782449,0.02542997755,-0.003180918473,-0.00723801109,0.02663063659,,,,
225,5.452,0.45,baseline — trained fixed gait,0.5,0,0,0,0,0,RL,1,0,51.1858861,-28.76680247,312.178291,317.6520253,-0.002600337766,0.008775710893,0.0005896973055,0.009171837388,,,,
225,5.452,0.45,baseline — trained fixed gait,0.5,0,0,0,0,0,RR,0,0,0,0,0,0,0.8112102226,0.3705594624,-0.7740818393,1.180922959,,,,
226,5.454,0.452,baseline — trained fixed gait,0.5,0,0,0,0,0,FL,0,0,0,0,0,0,0.2767953919,-0.2846051854,-0.5084131238,0.6450579083,,,,
226,5.454,0.452,baseline — trained fixed gait,0.5,0,0,0,0,0,FR,1,0,-25.32773308,6.673304645,318.2778094,319.3537084,0.02605561467,-0.00320879678,-0.007593823387,0.02732869529,,,,
226,5.454,0.452,baseline — trained fixed gait,0.5,0,0,0,0,0,RL,1,0,51.49402515,-29.3812829,313.5626253,319.1181825,-0.002264456954,0.008315434809,0.001420414807,0.008734517708,,,,
226,5.454,0.452,baseline — trained fixed gait,0.5,0,0,0,0,0,RR,0,0,0,0,0,0,0.7330210756,0.3922529348,-0.8859822746,1.21496784,,,,
227,5.456,0.454,baseline — trained fixed gait,0.5,0,0,0,0,0,FL,0,0,0,0,0,0,0.228560293,-0.3106538245,-0.5544977494,0.6754356819,,,,
227,5.456,0.454,baseline — trained fixed gait,0.5,0,0,0,0,0,FR,1,0,-25.23464477,6.821200122,318.0494076,319.121829,0.02645644924,-0.003212706289,-0.007678995106,0.02773503477,,,,
227,5.456,0.454,baseline — trained fixed gait,0.5,0,0,0,0,0,RL,1,0,51.77515276,-29.91383907,314.9772919,320.6028675,-0.002035600779,0.008080013942,0.00176989334,0.0085183812,,,,
227,5.456,0.454,baseline — trained fixed gait,0.5,0,0,0,0,0,RR,0,0,0,0,0,0,0.677040129,0.4164916891,-0.9524497692,1.240568106,,,,
228,5.458,0.456,baseline — trained fixed gait,0.5,0,0,0,0,0,FL,0,0,0,0,0,0,0.1939212326,-0.3392219666,-0.5765528093,0.6964841197,,,,
228,5.458,0.456,baseline — trained fixed gait,0.5,0,0,0,0,0,FR,1,0,-25.12700675,6.960606706,317.8288625,318.8965386,0.02671507,-0.003205306268,-0.00761127064,0.0279624819,,,,
228,5.458,0.456,baseline — trained fixed gait,0.5,0,0,0,0,0,RL,1,0,52.03896034,-30.37279267,316.3974392,322.0836839,-0.001869781303,0.007957146198,0.001817128134,0.00837342298,,,,
228,5.458,0.456,baseline — trained fixed gait,0.5,0,0,0,0,0,RR,0,0,0,0,0,0,0.6383491625,0.4420710739,-0.9846255007,1.253955288,,,,
229,5.46,0.458,baseline — trained fixed gait,0.5,0,0,0,0,0,FL,0,0,0,0,0,0,0.1700614009,-0.3689949493,-0.5809495915,0.7089291788,,,,
229,5.46,0.458,baseline — trained fixed gait,0.5,0,0,0,0,0,FR,1,0,-25.01238931,7.052579795,317.6150037,318.6764018,0.0268856158,-0.003193435021,-0.007463720492,0.02808454179,,,,
229,5.46,0.458,baseline — trained fixed gait,0.5,0,0,0,0,0,RL,1,0,52.2935787,-30.77450529,317.802085,323.5426614,-0.001737518704,0.007885799058,0.001684384389,0.008248754379,,,,
229,5.46,0.458,baseline — trained fixed gait,0.5,0,0,0,0,0,RR,0,0,0,0,0,0,0.6130172329,0.4680975258,-0.9914262961,1.256117639,,,,
230,5.462,0.46,baseline — trained fixed gait,0.5,0,0,0,0,0,FL,0,0,0,0,0,0,0.1545826714,-0.3990126781,-0.5726395012,0.7148586699,,,,
230,5.462,0.46,baseline — trained fixed gait,0.5,0,0,0,0,0,FR,1,0,-26.66749208,8.13311284,320.7112356,321.9207966,0.02700095128,-0.003175939591,-0.00728245162,0.02814555141,,,,
230,5.462,0.46,baseline — trained fixed gait,0.5,0,0,0,0,0,RL,1,0,49.98978165,-26.16712734,299.7373166,305.0018947,-0.001622902728,0.00783415816,0.001452120095,0.00813120533,,,,
230,5.462,0.46,baseline — trained fixed gait,0.5,0,0,0,0,0,RR,0,0,0,0,0,0,0.5978908753,0.4939146307,-0.979914274,1.249662813,,,,
231,5.464,0.462,baseline — trained fixed gait,0.5,0,0,0,0,0,FL,0,0,0,0,0,0,0.0869078276,-0.4264723402,-0.6591513743,0.7898811061,,,,
231,5.464,0.462,baseline — trained fixed gait,0.5,0,0,0,0,0,FR,1,0,-26.499761,8.30044167,320.2230149,321.4248185,0.02739375195,-0.003301988397,-0.007337212178,0.02855092741,,,,
231,5.464,0.462,baseline — trained fixed gait,0.5,0,0,0,0,0,RL,1,0,50.31405399,-26.88055774,300.9847894,306.3428012,-0.001262351333,0.007221367673,0.002457197909,0.007731720606,,,,
231,5.464,0.462,baseline — trained fixed gait,0.5,0,0,0,0,0,RR,0,0,0,0,0,0,0.5063145286,0.5204165491,-1.115686643,1.331144046,,,,
232,5.466,0.464,baseline — trained fixed gait,0.5,0,0,0,0,0,FL,0,0,0,0,0,0,0.03958507528,-0.4587720156,-0.7081745962,0.8447188876,,,,
232,5.466,0.464,baseline — trained fixed gait,0.5,0,0,0,0,0,FR,1,0,-26.36418494,8.894380705,320.0127148,321.2200459,0.02764735771,-0.003354793414,-0.007283896368,0.02878690976,,,,
232,5.466,0.464,baseline — trained fixed gait,0.5,0,0,0,0,0,RL,1,0,50.93761693,-30.47216768,302.5697687,308.3369241,-0.001029980712,0.006905489416,0.002857076123,0.007543840422,,,,
232,5.466,0.464,baseline — trained fixed gait,0.5,0,0,0,0,0,RR,1,1,-219.8826321,-104.0865926,330.6614855,410.5111553,0.4433207363,0.5497885973,-1.193015099,1.386393092,0.5063145286,0.5204165491,-1.115686643,1.331144046
233,5.468,0.466,baseline — trained fixed gait,0.5,0,0,0,0,0,FL,0,0,0,0,0,0,0.008436664369,-0.4988867269,-0.7289360407,0.8833498146,,,,
233,5.468,0.466,baseline — trained fixed gait,0.5,0,0,0,0,0,FR,1,0,-26.38819402,9.320435464,320.020351,321.2417039,0.02775945209,-0.003516707688,-0.007195260211,0.02889162825,,,,
233,5.468,0.466,baseline — trained fixed gait,0.5,0,0,0,0,0,RL,1,0,50.90932809,-27.53376357,304.3616865,309.8159196,-0.00104500082,0.006973252499,0.002950537104,0.007643555869,,,,
233,5.468,0.466,baseline — trained fixed gait,0.5,0,0,0,0,0,RR,1,0,-157.7612487,-63.51423152,271.5290023,320.3914298,0.3053717291,0.335509238,-0.6521324238,0.7944149041,,,,
234,5.47,0.468,baseline — trained fixed gait,0.5,0,0,0,0,0,FL,0,0,0,0,0,0,-0.01043825465,-0.5323215349,-0.7294457441,0.9030870763,,,,
234,5.47,0.468,baseline — trained fixed gait,0.5,0,0,0,0,0,FR,1,0,-26.25366743,9.841612345,319.8343076,321.0608925,0.02787217926,-0.003675823024,-0.007069807034,0.02898882928,,,,
234,5.47,0.468,baseline — trained fixed gait,0.5,0,0,0,0,0,RL,1,0,51.02456799,-25.32094351,305.4126251,310.6791404,-0.0008454636808,0.006890074668,0.002744730877,0.007464682536,,,,
234,5.47,0.468,baseline — trained fixed gait,0.5,0,0,0,0,0,RR,1,0,-115.7810507,-36.29903571,233.1514484,262.835442,0.2062896116,0.2010446667,-0.3161516894,0.4276987872,,,,
235,5.472,0.47,baseline — trained fixed gait,0.5,0,0,0,0,0,FL,0,0,0,0,0,0,-0.02025131629,-0.5616527211,-0.716247999,0.9104257746,,,,
235,5.472,0.47,baseline — trained fixed gait,0.5,0,0,0,0,0,FR,1,0,-21.59560875,19.97346793,313.5198194,314.8967877,0.02792929906,-0.003841700747,-0.006936623887,0.02903310458,,,,
235,5.472,0.47,baseline — trained fixed gait,0.5,0,0,0,0,0,RL,1,0,38.76050509,-16.42411304,292.7811179,295.7920068,-0.0005606468981,0.006650932069,0.002445343453,0.007108370202,,,,
235,5.472,0.47,baseline — trained fixed gait,0.5,0,0,0,0,0,RR,1,0,-88.61470458,-11.0673876,305.9730712,318.7390362,0.138125837,0.1190844298,-0.1085346395,0.2122253902,,,,
236,5.474,0.472,baseline — trained fixed gait,0.5,0,0,0,0,0,FL,0,0,0,0,0,0,-0.08688916339,-0.592263913,-0.8065543942,1.004418369,,,,
236,5.474,0.472,baseline — trained fixed gait,0.5,0,0,0,0,0,FR,1,0,-21.02803255,20.81519336,312.7768977,314.1732614,0.02734847537,-0.005248288675,-0.00642635187,0.02857939183,,,,
236,5.474,0.472,baseline — trained fixed gait,0.5,0,0,0,0,0,RL,1,0,39.03378128,-14.89930822,291.8367789,294.8123657,0.001551123031,0.005358256828,0.003010438785,0.006338741245,,,,
236,5.474,0.472,baseline — trained fixed gait,0.5,0,0,0,0,0,RR,1,0,-69.28752527,-0.3735219667,288.4537457,296.6588345,0.09171508513,0.06822755936,0.00903011948,0.1146655997,,,,
237,5.476,0.474,baseline — trained fixed gait,0.5,0,0,0,0,0,FL,0,0,0,0,0,0,-0.132247426,-0.6269204206,-0.8576251085,1.070532308,,,,
237,5.476,0.474,baseline — trained fixed gait,0.5,0,0,0,0,0,FR,1,0,-20.47061178,21.55495278,312.0550379,313.4677154,0.02694280971,-0.006146160116,-0.00608132387,0.02829616191,,,,
237,5.476,0.474,baseline — trained fixed gait,0.5,0,0,0,0,0,RL,1,0,39.39765862,-13.60021168,290.5058309,293.4804577,0.002949552778,0.004411563243,0.0032702767,0.00623349513,,,,
237,5.476,0.474,baseline — trained fixed gait,0.5,0,0,0,0,0,RR,1,0,-56.48691272,6.366270538,276.3683243,282.1537726,0.0631520747,0.03732981305,0.07784931169,0.1069682888,,,,
238,5.478,0.476,baseline — trained fixed gait,0.5,0,0,0,0,0,FL,0,0,0,0,0,0,-0.161133303,-0.6645386047,-0.8800265667,1.114460523,,,,
238,5.478,0.476,baseline — trained fixed gait,0.5,0,0,0,0,0,FR,1,0,-19.92077691,22.20830728,311.3499991,312.7760672,0.02664362317,-0.006735318684,-0.005847605295,0.02809700448,,,,
238,5.478,0.476,baseline — trained fixed gait,0.5,0,0,0,0,0,RL,1,0,39.799001,-12.42928384,288.7915455,291.7858878,0.003897567161,0.003683695542,0.003354225791,0.006325462297,,,,
238,5.478,0.476,baseline — trained fixed gait,0.5,0,0,0,0,0,RR,1,0,-47.91637631,10.65065717,267.7784934,272.2402195,0.04581711411,0.01862572255,0.115032895,0.1252145855,,,,
239,5.48,0.478,baseline — trained fixed gait,0.5,0,0,0,0,0,FL,0,0,0,0,0,0,-0.1775097525,-0.704180681,-0.8819502643,1.142460683,,,,
239,5.48,0.478,baseline — trained fixed gait,0.5,0,0,0,0,0,FR,1,0,-19.37634781,22.7946651,310.6612847,312.0984995,0.02640537946,-0.00713537997,-0.005693263531,0.02793870006,,,,
239,5.48,0.478,baseline — trained fixed gait,0.5,0,0,0,0,0,RL,1,0,40.24536523,-11.36290855,286.9149121,289.9464984,0.004574646871,0.003100652419,0.00335635417,0.006465798693,,,,
239,5.48,0.478,baseline — trained fixed gait,0.5,0,0,0,0,0,RR,1,0,-42.07974719,13.3910124,261.4296543,265.1329638,0.03551845956,0.007380470685,0.1319594175,0.1368551065,,,,
240,5.482,0.48,baseline — trained fixed gait,0.5,0,0,0,0,0,FL,0,0,0,0,0,0,-0.1845063649,-0.7450102411,-0.8697872384,1.160005473,,,,
240,5.482,0.48,baseline — trained fixed gait,0.5,0,0,0,0,0,FR,1,0,-11.6294553,34.64805144,302.2698061,304.4712916,0.02620082806,-0.007419154779,-0.00559548026,0.02779993972,,,,
240,5.482,0.48,baseline — trained fixed gait,0.5,0,0,0,0,0,RL,1,0,25.59267847,-4.203547539,266.8381801,268.0956348,0.005087019144,0.00261882988,0.003320690474,0.006615362344,,,,
240,5.482,0.48,baseline — trained fixed gait,0.5,0,0,0,0,0,RR,1,0,-18.24390629,19.60628832,320.2282302,321.3461779,0.0296434186,0.0006959862826,0.1362269165,0.1394166039,,,,
241,5.484,0.482,baseline — trained fixed gait,0.5,0,0,0,0,0,FL,0,0,0,0,0,0,-0.2557528632,-0.8019469862,-0.9597813044,1.276600426,,,,
241,5.484,0.482,baseline — trained fixed gait,0.5,0,0,0,0,0,FR,1,0,-10.89232253,35.19651704,301.1656793,303.4109488,0.02512522243,-0.009025610124,-0.005092860801,0.02717858847,,,,
241,5.484,0.482,baseline — trained fixed gait,0.5,0,0,0,0,0,RL,1,0,25.9487345,-3.441920907,264.0859278,265.3800311,0.007576705444,0.001333905324,0.004458238287,0.008891662242,,,,
241,5.484,0.482,baseline — trained fixed gait,0.5,0,0,0,0,0,RR,1,0,-15.27323572,20.29708055,316.2839383,317.3023367,0.02410529154,-0.003685862314,0.1284840026,0.1307776341,,,,
242,5.486,0.484,baseline — trained fixed gait,0.5,0,0,0,0,0,FL,0,0,0,0,0,0,-0.3041131321,-0.8630301125,-1.009643044,1.362602234,,,,
242,5.486,0.484,baseline — trained fixed gait,0.5,0,0,0,0,0,FR,1,0,-10.23690236,35.61486871,300.1487674,302.4276701,0.02442520602,-0.009968156765,-0.004827671357,0.02681904639,,,,
242,5.486,0.484,baseline — trained fixed gait,0.5,0,0,0,0,0,RL,1,0,26.3367398,-2.685963458,261.1415691,262.4800133,0.009202359652,0.00047543536,0.005078562095,0.01052146639,,,,
242,5.486,0.484,baseline — trained fixed gait,0.5,0,0,0,0,0,RR,1,0,-13.0264577,20.62704744,312.7646056,313.714619,0.02126102976,-0.006081028082,0.1183009486,0.1203500092,,,,
243,5.488,0.486,baseline — trained fixed gait,0.5,0,0,0,0,0,FL,0,0,0,0,0,0,-0.3346497743,-0.9263827504,-1.030130426,1.425252317,,,,
243,5.488,0.486,baseline — trained fixed gait,0.5,0,0,0,0,0,FR,1,0,-9.634290712,35.94601364,299.1849861,301.4906157,0.0239610218,-0.01050937756,-0.004716426991,0.0265861292,,,,
243,5.488,0.486,baseline — trained fixed gait,0.5,0,0,0,0,0,RL,1,0,26.73413076,-1.919184932,258.0386319,259.4269311,0.0102985662,-0.0001379124529,0.005365275646,0.01161316789,,,,
243,5.488,0.486,baseline — trained fixed gait,0.5,0,0,0,0,0,RR,1,0,-11.21734278,20.72930482,309.363642,310.2602067,0.02003563612,-0.007271688767,0.1070751267,0.1091759448,,,,
244,5.49,0.488,baseline — trained fixed gait,0.5,0,0,0,0,0,FL,0,0,0,0,0,0,-0.3515507791,-0.990620558,-1.029578744,1.471376712,,,,
244,5.49,0.488,baseline — trained fixed gait,0.5,0,0,0,0,0,FR,1,0,-9.065735856,36.21972203,298.2546563,300.5825941,0.02363899407,-0.01080801978,-0.004709588726,0.02641582023,,,,
244,5.49,0.488,baseline — trained fixed gait,0.5,0,0,0,0,0,RL,1,0,27.12492905,-1.1252476,254.7963042,256.2385306,0.01108255607,-0.0006066890629,0.005451442686,0.01236565194,,,,
244,5.49,0.488,baseline — trained fixed gait,0.5,0,0,0,0,0,RR,1,0,-9.673859694,20.71962529,306.1101969,306.9630907,0.01976352775,-0.007740101533,0.09568235796,0.09800826407,,,,
245,5.492,0.49,baseline — trained fixed gait,0.5,0,0,0,0,0,FL,0,0,0,0,0,0,-0.3581433196,-1.054662771,-1.014484399,1.506571868,,,,
245,5.492,0.49,baseline — trained fixed gait,0.5,0,0,0,0,0,FR,1,0,-6.099173628,43.9003051,278.9834878,282.4822529,0.02340220313,-0.01096026164,-0.004771879888,0.02627853277,,,,
245,5.492,0.49,baseline — trained fixed gait,0.5,0,0,0,0,0,RL,1,0,15.66452041,4.332188556,232.8873379,233.4537582,0.01168255846,-0.0009912589781,0.00542294878,0.01291793869,,,,
245,5.492,0.49,baseline — trained fixed gait,0.5,0,0,0,0,0,RR,1,0,16.5851915,24.11121814,329.7126861,331.0088742,0.02004186917,-0.007782819697,0.084641571,0.08732951587,,,,
246,5.494,0.492,baseline — trained fixed gait,0.5,0,0,0,0,0,FL,0,0,0,0,0,0,-0.4554078649,-1.120024087,-1.126777463,1.652718285,,,,
246,5.494,0.492,baseline — trained fixed gait,0.5,0,0,0,0,0,FR,1,0,-5.433461427,44.18052969,277.8088364,281.3524325,0.02288142484,-0.0119664002,-0.003689605543,0.02608385565,,,,
246,5.494,0.492,baseline — trained fixed gait,0.5,0,0,0,0,0,RL,1,0,15.94170175,4.839230076,229.2776153,229.8821021,0.01376179246,-0.002001370286,0.006575076429,0.01538258902,,,,
246,5.494,0.492,baseline — trained fixed gait,0.5,0,0,0,0,0,RR,1,0,18.06029402,23.55298119,326.7326659,328.0779665,0.01725537519,-0.008007456416,0.0725052219,0.07495915244,,,,
247,5.496,0.494,baseline — trained fixed gait,0.5,0,0,0,0,0,FL,0,0,0,0,0,0,-0.5224799465,-1.189746901,-1.188258805,1.760807192,,,,
247,5.496,0.494,baseline — trained fixed gait,0.5,0,0,0,0,0,FR,1,0,-4.848650256,44.36929057,276.7356368,280.3118906,0.02252644288,-0.01250888278,-0.003188724199,0.0259630649,,,,
247,5.496,0.494,baseline — trained fixed gait,0.5,0,0,0,0,0,RL,1,0,16.21512641,5.400400573,225.5689472,226.2154826,0.01515389777,-0.002671285067,0.007122541905,0.01695603092,,,,
247,5.496,0.494,baseline — trained fixed gait,0.5,0,0,0,0,0,RR,1,0,19.36378719,23.00675843,323.7027285,325.0964836,0.01595501169,-0.007877726914,0.0619643533,0.06446861298,,,,
248,5.498,0.496,baseline — trained fixed gait,0.5,0,0,0,0,0,FL,0,0,0,0,0,0,-0.5659262813,-1.261503376,-1.212372104,1.8388881,,,,
248,5.498,0.496,baseline — trained fixed gait,0.5,0,0,0,0,0,FR,1,0,-8.52224659,43.92378697,273.7934816,277.4253022,0.02228131928,-0.01277240036,-0.003065060968,0.02586476365,,,,
248,5.498,0.496,baseline — trained fixed gait,0.5,0,0,0,0,0,RL,1,0,16.46408208,6.094335728,221.7735051,222.4672886,0.0161255388,-0.003154863441,0.007279326926,0.0179714987,,,,
248,5.498,0.496,baseline — trained fixed gait,0.5,0,0,0,0,0,RR,1,0,20.57169532,22.524943,320.5750053,322.0231385,0.01554439831,-0.007549440082,0.05281093972,0.0555663362,,,,
249,5.5,0.498,baseline — trained fixed gait,0.5,0,0,0,0,0,FL,0,0,0,0,0,0,-0.591147153,-1.333256669,-1.209616783,1.89478259,,,,
249,5.5,0.498,baseline — trained fixed gait,0.5,0,0,0,0,0,FR,1,0,-7.832918801,44.15282248,272.7097943,276.3719563,0.02250977905,-0.01342953673,-9.446738469e-05,0.02621166789,,,,
249,5.5,0.498,baseline — trained fixed gait,0.5,0,0,0,0,0,RL,1,0,16.71875984,6.762609495,217.8518512,218.5970697,0.01685039212,-0.003547120621,0.007199753307,0.01866424997,,,,
249,5.5,0.498,baseline — trained fixed gait,0.5,0,0,0,0,0,RR,1,0,21.75234786,22.04139388,317.3011177,318.8086996,0.01563201056,-0.007122736509,0.04483341657,0.04801175242,,,,
250,5.502,0.5,baseline — trained fixed gait,0.5,0,0,0,0,0,FL,0,0,0,0,0,0,-0.6024557462,-1.404109888,-1.188127994,1.935491057,,,,
250,5.502,0.5,baseline — trained fixed gait,0.5,0,0,0,0,0,FR,1,0,-14.70352807,47.26732815,240.3794924,245.4235001,0.02258608131,-0.0137515387,0.001664213326,0.02649538623,,,,
250,5.502,0.5,baseline — trained fixed gait,0.5,0,0,0,0,0,RL,1,0,3.845026324,13.79736993,186.9662516,187.5140818,0.01742215684,-0.003879602937,0.006989615597,0.01916866177,,,,
250,5.502,0.5,baseline — trained fixed gait,0.5,0,0,0,0,0,RR,1,0,38.86094974,27.3083716,325.4937143,328.9408437,0.01599088272,-0.006642854569,0.03786097399,0.04163278995,,,,
251,5.504,0.502,baseline — trained fixed gait,0.5,0,0,0,0,0,FL,0,0,0,0,0,0,-0.7303274142,-1.455338808,-1.321231434,2.096912416,,,,
251,5.504,0.502,baseline — trained fixed gait,0.5,0,0,0,0,0,FR,1,0,-14.0798689,47.58176538,239.5111596,244.5973481,0.02339244288,-0.01433440713,0.004684107819,0.02783204049,,,,
251,5.504,0.502,baseline — trained fixed gait,0.5,0,0,0,0,0,RL,1,0,4.009229574,14.30097586,182.8084274,183.4107766,0.01965638017,-0.005076791082,0.008607991336,0.02205095471,,,,
251,5.504,0.502,baseline — trained fixed gait,0.5,0,0,0,0,0,RR,1,0,40.1716621,26.5889301,322.213383,325.7947173,0.01423350769,-0.006897967011,0.03104689372,0.03484371248,,,,
252,5.506,0.504,baseline — trained fixed gait,0.5,0,0,0,0,0,FL,0,0,0,0,0,0,-0.81764359,-1.512433779,-1.38943124,2.210546572,,,,
252,5.506,0.504,baseline — trained fixed gait,0.5,0,0,0,0,0,FR,1,0,-13.53716571,47.81072074,238.7997055,243.9147786,0.02379898702,-0.01464289686,0.006194061221,0.02862119156,,,,
252,5.506,0.504,baseline — trained fixed gait,0.5,0,0,0,0,0,RL,1,0,4.151435952,14.85842369,178.6304114,179.2953738,0.02113566934,-0.005859232903,0.009314794113,0.02382881697,,,,
252,5.506,0.504,baseline — trained fixed gait,0.5,0,0,0,0,0,RR,1,0,41.39363451,25.92142018,318.8455842,322.5645045,0.01340203257,-0.006813799705,0.0252997014,0.02942986977,,,,
253,5.508,0.506,baseline — trained fixed gait,0.5,0,0,0,0,0,FL,0,0,0,0,0,0,-0.87336429,-1.572493197,-1.410197354,2.285641401,,,,
253,5.508,0.506,baseline — trained fixed gait,0.5,0,0,0,0,0,FR,1,0,-13.05644905,47.9851006,238.2112325,243.3467321,0.02398121284,-0.01479318078,0.00671515216,0.02896601518,,,,
253,5.508,0.506,baseline — trained fixed gait,0.5,0,0,0,0,0,RL,1,0,4.262549997,15.477456,174.4434901,175.1806274,0.02215775016,-0.00641724697,0.009434648791,0.02492307262,,,,
253,5.508,0.506,baseline — trained fixed gait,0.5,0,0,0,0,0,RR,1,0,42.56957813,25.31354742,315.3656882,319.2310479,0.01312566089,-0.006541085945,0.02042310767,0.02514303295,,,,
254,5.51,0.508,baseline — trained fixed gait,0.5,0,0,0,0,0,FL,0,0,0,0,0,0,-0.9046298069,-1.633358052,-1.397268926,2.332075055,,,,
254,5.51,0.508,baseline — trained fixed gait,0.5,0,0,0,0,0,FR,1,0,-12.62377706,48.11109161,237.7130039,242.8610901,0.02404392147,-0.01485375202,0.006609381466,0.0290246108,,,,
254,5.51,0.508,baseline — trained fixed gait,0.5,0,0,0,0,0,RL,1,0,2.890239994,15.84083122,170.6376963,171.3957667,0.02291129059,-0.006856167802,0.009199400888,0.0256234902,,,,
254,5.51,0.508,baseline — trained fixed gait,0.5,0,0,0,0,0,RR,1,0,43.72497768,24.77847981,311.7747615,315.7995387,0.01316105081,-0.006168575493,0.01624239182,0.02179632708,,,,
255,5.512,0.51,baseline — trained fixed gait,0.5,0,0,0,0,0,FL,0,0,0,0,0,0,-0.9172819988,-1.693488007,-1.361167635,2.35840735,,,,
255,5.512,0.51,baseline — trained fixed gait,0.5,0,0,0,0,0,FR,1,0,-24.1220873,46.24592327,181.0235798,188.388155,0.02404458509,-0.0148610689,0.006122211683,0.0289218761,,,,
255,5.512,0.51,baseline — trained fixed gait,0.5,0,0,0,0,0,RL,1,0,-14.24170641,26.520828,124.4210109,128.0108139,0.02362359054,-0.007095742565,0.01036346731,0.02675490698,,,,
255,5.512,0.51,baseline — trained fixed gait,0.5,0,0,0,0,0,RR,1,0,49.79494594,29.4362368,311.382835,316.7101177,0.01336050688,-0.005751109441,0.01263030831,0.01926403623,,,,
256,5.514,0.512,baseline — trained fixed gait,0.5,0,0,0,0,0,FL,1,1,-45.79365411,275.1823193,313.6563695,419.7650364,-1.035365124,-1.730622646,-1.468636902,2.494780558,-0.9172819988,-1.693488007,-1.361167635,2.35840735
256,5.514,0.512,baseline — trained fixed gait,0.5,0,0,0,0,0,FR,1,0,-22.70347129,60.55359984,184.4882045,195.4944595,0.02520503665,-0.01469579968,0.009291300673,0.03062006971,,,,
256,5.514,0.512,baseline — trained fixed gait,0.5,0,0,0,0,0,RL,1,0,-13.81422651,27.60401513,119.0915243,123.0268493,0.0266262385,-0.008850569517,0.01406806205,0.03138788822,,,,
256,5.514,0.512,baseline — trained fixed gait,0.5,0,0,0,0,0,RR,1,0,50.76740467,20.61553519,305.9796227,310.8470028,0.01278071698,-0.006019355664,0.009365831864,0.01694987244,,,,
257,5.516,0.514,baseline — trained fixed gait,0.5,0,0,0,0,0,FL,1,0,-36.6230526,176.3684264,269.5509667,324.1986944,-0.5979332877,-1.062676548,-0.7981706598,1.457354475,,,,
257,5.516,0.514,baseline — trained fixed gait,0.5,0,0,0,0,0,FR,1,0,-22.63472509,55.09769223,185.9730272,195.2794236,0.02479143924,-0.01621294749,0.01041696425,0.03140045016,,,,
257,5.516,0.514,baseline — trained fixed gait,0.5,0,0,0,0,0,RL,1,0,-13.64198494,30.17547105,113.9065849,118.6228177,0.02855073326,-0.01040938517,0.01596556834,0.03432781732,,,,
257,5.516,0.514,baseline — trained fixed gait,0.5,0,0,0,0,0,RR,1,0,52.91256225,26.2061224,301.7240548,307.4474026,0.01307000771,-0.005485465558,0.006283630581,0.01550482013,,,,
258,5.518,0.516,baseline — trained fixed gait,0.5,0,0,0,0,0,FL,1,0,-27.82495557,113.2986688,239.7809976,266.6566019,-0.3427526597,-0.6477114342,-0.3888199401,0.8295724402,,,,
258,5.518,0.516,baseline — trained fixed gait,0.5,0,0,0,0,0,FR,1,0,-22.57740597,51.15143899,187.1342125,195.3085315,0.02455864274,-0.01683185334,0.01022294431,0.03147930766,,,,
258,5.518,0.516,baseline — trained fixed gait,0.5,0,0,0,0,0,RL,1,0,-13.63249499,31.53582442,108.8723192,114.1645086,0.02998478468,-0.01171129162,0.01669794301,0.03626379689,,,,
258,5.518,0.516,baseline — trained fixed gait,0.5,0,0,0,0,0,RR,1,0,54.48050423,29.10474106,298.1498458,304.4807741,0.01301951292,-0.005501945671,0.003998183725,0.01468892766,,,,
259,5.52,0.518,baseline — trained fixed gait,0.5,0,0,0,0,0,FL,1,0,-20.58998758,74.39031161,220.1302571,233.27065,-0.1948507315,-0.3926658936,-0.1406736629,0.4603720137,,,,
259,5.52,0.518,baseline — trained fixed gait,0.5,0,0,0,0,0,FR,1,0,-22.52545985,48.20926946,188.0783312,195.4609646,0.02446298829,-0.01686162524,0.009304557877,0.03113401675,,,,
259,5.52,0.518,baseline — trained fixed gait,0.5,0,0,0,0,0,RL,1,0,-13.74001334,32.18028203,103.9428249,109.6743788,0.03112541203,-0.01278025316,0.01670534811,0.03756587282,,,,
259,5.52,0.518,baseline — trained fixed gait,0.5,0,0,0,0,0,RR,1,0,55.66645072,30.33278331,295.0472427,301.7808922,0.01277405121,-0.005703687268,0.002085550932,0.01414418451,,,,
260,5.522,0.52,baseline — trained fixed gait,0.5,0,0,0,0,0,FL,1,0,-12.15672143,29.87431979,300.5157227,302.2415597,-0.1094157274,-0.2357198043,0.007833298501,0.2599942078,,,,
260,5.522,0.52,baseline — trained fixed gait,0.5,0,0,0,0,0,FR,1,0,-33.43015555,40.70619025,101.2792534,114.1580326,0.02446879366,-0.01656972165,0.008030288854,0.03062291752,,,,
260,5.522,0.52,baseline — trained fixed gait,0.5,0,0,0,0,0,RL,1,0,-33.92155227,17.35302256,42.72881236,57.24989525,0.03208982225,-0.01365658743,0.01628822662,0.03849110804,,,,
260,5.522,0.52,baseline — trained fixed gait,0.5,0,0,0,0,0,RR,1,0,59.44198287,23.55332581,286.5863935,293.6322009,0.01246871335,-0.005901648508,0.0004145807502,0.01380109216,,,,
261,5.524,0.522,baseline — trained fixed gait,0.5,0,0,0,0,0,FL,1,0,-8.014090223,13.92570996,291.748974,292.1910588,-0.06013551,-0.1388785501,0.0878411481,0.1749845665,,,,
261,5.524,0.522,baseline — trained fixed gait,0.5,0,0,0,0,0,FR,1,0,-33.02371053,38.93537095,101.1225618,113.279747,0.02588435626,-0.01549838064,0.01317755715,0.03292184251,,,,
261,5.524,0.522,baseline — trained fixed gait,0.5,0,0,0,0,0,RL,1,0,-33.14063421,16.10205809,41.03557692,55.14976413,0.06618017359,-0.04033978268,0.05629343397,0.09579177497,,,,
261,5.524,0.522,baseline — trained fixed gait,0.5,0,0,0,0,0,RR,1,0,60.05642237,22.84471375,284.6402773,291.8025742,0.0114871422,-0.005181495078,-0.0005446180592,0.01261344267,,,,
262,5.526,0.524,baseline — trained fixed gait,0.5,0,0,0,0,0,FL,1,0,-4.795351426,3.92991175,285.473105,285.5404232,-0.03160273749,-0.08070703656,0.1309016855,0.1569955733,,,,
262,5.526,0.524,baseline — trained fixed gait,0.5,0,0,0,0,0,FR,1,0,-32.75493919,37.46766156,101.0954942,112.6810128,0.02683978767,-0.01468644416,0.01533468035,0.03422306628,,,,
262,5.526,0.524,baseline — trained fixed gait,0.5,0,0,0,0,0,RL,1,0,-32.17281413,14.7592509,39.11005419,52.74961417,0.09602908595,-0.06508887635,0.08803600084,0.1456313312,,,,
262,5.526,0.524,baseline — trained fixed gait,0.5,0,0,0,0,0,RR,1,0,60.53383629,21.89084306,282.8642669,290.0961011,0.01074184002,-0.004686009813,-0.001605067533,0.01182886541,,,,
263,5.528,0.526,baseline — trained fixed gait,0.5,0,0,0,0,0,FL,1,0,-2.384375757,-2.367756566,280.977045,280.9971376,-0.01497458425,-0.0457544702,0.1506182215,0.1581251351,,,,
263,5.528,0.526,baseline — trained fixed gait,0.5,0,0,0,0,0,FR,1,0,-32.5876187,36.20313835,101.1371375,112.2556934,0.0275981624,-0.0141367625,0.01561460888,0.03471775673,,,,
263,5.528,0.526,baseline — trained fixed gait,0.5,0,0,0,0,0,RL,1,0,-31.5692445,13.64457811,37.6781855,51.01408994,0.1234987906,-0.08823568601,0.1128661359,0.1891461134,,,,
263,5.528,0.526,baseline — trained fixed gait,0.5,0,0,0,0,0,RR,1,0,60.89029087,20.82075995,281.2386137,288.5070006,0.010161917,-0.004294778259,-0.002686726567,0.01135465442,,,,
264,5.53,0.528,baseline — trained fixed gait,0.5,0,0,0,0,0,FL,1,0,-0.6578177591,-6.324707803,277.7366659,277.8094495,-0.005134492439,-0.02473894933,0.1558768486,0.1579112744,,,,
264,5.53,0.528,baseline — trained fixed gait,0.5,0,0,0,0,0,FR,1,0,-32.49880774,35.43284909,101.3350714,112.1626319,0.02828225774,-0.01377812628,0.01474657296,0.03474455757,,,,
264,5.53,0.528,baseline — trained fixed gait,0.5,0,0,0,0,0,RL,0,0,0,0,0,0,0.1484553158,-0.1095736728,0.1322989398,0.2270426833,,,,
264,5.53,0.528,baseline — trained fixed gait,0.5,0,0,0,0,0,RR,1,0,58.49231572,17.74173231,278.3327262,284.9653076,0.009696502503,-0.003948390473,-0.00374722592,0.01111996629,,,,
265,5.532,0.53,baseline — trained fixed gait,0.5,0,0,0,0,0,FL,1,0,-4.487839002,-21.4709457,298.791498,299.5955632,0.0008305459782,-0.01210231286,0.1524359553,0.1529178742,,,,
265,5.532,0.53,baseline — trained fixed gait,0.5,0,0,0,0,0,FR,1,0,-46.64406851,0,38.87005709,60.71697016,0.02890933443,-0.01360650754,0.01321867116,0.03457773752,,,,
265,5.532,0.53,baseline — trained fixed gait,0.5,0,0,0,0,0,RL,0,0,0,0,0,0,0.2765179692,-0.1520864782,0.1308558684,0.3416368575,,,,
265,5.532,0.53,baseline — trained fixed gait,0.5,0,0,0,0,0,RR,1,0,48.69513377,21.84722304,311.9051562,316.4385306,0.009712935431,-0.003736413902,-0.002013211276,0.01059976052,,,,
266,5.534,0.532,baseline — trained fixed gait,0.5,0,0,0,0,0,FL,1,0,-3.874712923,-23.13504377,298.8576724,299.776837,0.00470107079,-0.0027706129,0.1425594657,0.1426638623,,,,
266,5.534,0.532,baseline — trained fixed gait,0.5,0,0,0,0,0,FR,1,0,-43.48646523,0,36.23872103,56.60669183,0.1401027732,-0.08812549194,0.1528336984,0.2252843287,,,,
266,5.534,0.532,baseline — trained fixed gait,0.5,0,0,0,0,0,RL,0,0,0,0,0,0,0.6306316048,-0.1638520578,0.3139304521,0.7232537912,,,,
266,5.534,0.532,baseline — trained fixed gait,0.5,0,0,0,0,0,RR,1,0,48.96443113,20.40592176,310.1012709,314.6056506,0.01111891443,-0.004155470612,-0.003627126637,0.01241185892,,,,
267,5.536,0.534,baseline — trained fixed gait,0.5,0,0,0,0,0,FL,1,0,-3.438160804,-24.34757017,299.27847,300.2869091,0.007088116534,0.002842377978,0.1307520315,0.1309748612,,,,
267,5.536,0.534,baseline — trained fixed gait,0.5,0,0,0,0,0,FR,0,0,0,0,0,0,0.2263166484,-0.1624416625,0.2480670466,0.37301981,,,,
267,5.536,0.534,baseline — trained fixed gait,0.5,0,0,0,0,0,RL,0,0,0,0,0,0,0.9138741712,-0.1603572928,0.4380138486,1.026029529,,,,
267,5.536,0.534,baseline — trained fixed gait,0.5,0,0,0,0,0,RR,1,0,49.30776411,19.41050854,308.2396544,312.7614234,0.01190884931,-0.004226849908,-0.004708091655,0.01348529121,,,,
268,5.538,0.536,baseline — trained fixed gait,0.5,0,0,0,0,0,FL,1,0,-3.069488318,-24.92499736,299.8157645,300.8657007,0.008592872443,0.006215741338,0.1182972523,0.1187716835,,,,
268,5.538,0.536,baseline — trained fixed gait,0.5,0,0,0,0,0,FR,0,0,0,0,0,0,0.4222227357,-0.2522880399,0.3151894291,0.5841794843,,,,
268,5.538,0.536,baseline — trained fixed gait,0.5,0,0,0,0,0,RL,0,0,0,0,0,0,1.140572955,-0.1461364069,0.518269623,1.261295333,,,,
268,5.538,0.536,baseline — trained fixed gait,0.5,0,0,0,0,0,RR,1,0,49.83287431,18.38291977,306.179365,310.7523944,0.0122779427,-0.004141979097,-0.005463684753,0.01406256445,,,,
269,5.54,0.538,baseline — trained fixed gait,0.5,0,0,0,0,0,FL,1,0,-2.770397912,-25.25246314,300.4569216,301.5289766,0.009599757207,0.008233044731,0.1059842136,0.1067360852,,,,
269,5.54,0.538,baseline — trained fixed gait,0.5,0,0,0,0,0,FR,0,0,0,0,0,0,0.5904738379,-0.3367825644,0.3572369793,0.7679193371,,,,
269,5.54,0.538,baseline — trained fixed gait,0.5,0,0,0,0,0,RL,0,0,0,0,0,0,1.322201579,-0.1240868526,0.56613381,1.443648868,,,,
269,5.54,0.538,baseline — trained fixed gait,0.5,0,0,0,0,0,RR,1,0,50.39543101,17.52880952,304.1038481,308.7492656,0.01239104542,-0.003976100245,-0.005996223292,0.01432836604,,,,
270,5.542,0.54,baseline — trained fixed gait,0.5,0,0,0,0,0,FL,1,0,-2.701141999,-28.83655004,303.8632164,305.2403922,0.01031578053,0.009432449738,0.09426623023,0.09529694957,,,,
270,5.542,0.54,baseline — trained fixed gait,0.5,0,0,0,0,0,FR,0,0,0,0,0,0,0.7360161602,-0.4155673893,0.3809372518,0.9271079942,,,,
270,5.542,0.54,baseline — trained fixed gait,0.5,0,0,0,0,0,RL,0,0,0,0,0,0,1.467942015,-0.096962644,0.5902768419,1.585144241,,,,
270,5.542,0.54,baseline — trained fixed gait,0.5,0,0,0,0,0,RR,1,0,44.00921981,21.36433444,328.9564802,332.5742205,0.01234589505,-0.0037862125,-0.006380502856,0.01440372682,,,,
271,5.544,0.542,baseline — trained fixed gait,0.5,0,0,0,0,0,FL,1,0,-2.575614078,-28.19612523,305.2067463,306.5172316,0.01067317261,0.01059691968,0.08323223368,0.08458023435,,,,
271,5.544,0.542,baseline — trained fixed gait,0.5,0,0,0,0,0,FR,0,0,0,0,0,0,1.023271993,-0.4702833443,0.5950674007,1.273717868,,,,
271,5.544,0.542,baseline — trained fixed gait,0.5,0,0,0,0,0,RL,0,0,0,0,0,0,1.59547667,-0.04279199776,0.6273853311,1.714931285,,,,
271,5.544,0.542,baseline — trained fixed gait,0.5,0,0,0,0,0,RR,1,0,44.38465549,21.09082144,326.9521735,330.624476,0.01334112495,-0.004189736455,-0.008511926245,0.01637047326,,,,
272,5.546,0.544,baseline — trained fixed gait,0.5,0,0,0,0,0,FL,1,0,-2.444299502,-27.5638378,306.4689579,307.7157161,0.01097388756,0.01117304237,0.07319337217,0.07485006889,,,,
272,5.546,0.544,baseline — trained fixed gait,0.5,0,0,0,0,0,FR,0,0,0,0,0,0,1.243799928,-0.5259596334,0.7360122459,1.537981087,,,,
272,5.546,0.544,baseline — trained fixed gait,0.5,0,0,0,0,0,RL,0,0,0,0,0,0,1.692480577,0.01240897056,0.6447666957,1.811178781,,,,
272,5.546,0.544,baseline — trained fixed gait,0.5,0,0,0,0,0,RR,1,0,44.86469011,20.90535897,324.8573066,328.6063665,0.01387429923,-0.004390265663,-0.009711069421,0.01749501304,,,,
273,5.548,0.546,baseline — trained fixed gait,0.5,0,0,0,0,0,FL,1,0,-2.301099024,-26.96278955,307.6432364,308.8310995,0.01123986063,0.01141079858,0.06415513332,0.06612429147,,,,
273,5.548,0.546,baseline — trained fixed gait,0.5,0,0,0,0,0,FR,0,0,0,0,0,0,1.412328021,-0.5809127643,0.8225588279,1.734570005,,,,
273,5.548,0.546,baseline — trained fixed gait,0.5,0,0,0,0,0,RL,0,0,0,0,0,0,1.765300936,0.06703618568,0.6478964755,1.881635216,,,,
273,5.548,0.546,baseline — trained fixed gait,0.5,0,0,0,0,0,RR,1,0,45.40238261,20.78962099,322.7304537,326.5708658,0.01409983948,-0.00447976571,-0.01032774898,0.01804262102,,,,
274,5.55,0.548,baseline — trained fixed gait,0.5,0,0,0,0,0,FL,1,0,-2.143610773,-26.40273613,308.7273323,309.8616873,0.01148430804,0.0114559959,0.05607967239,0.05837858194,,,,
274,5.55,0.548,baseline — trained fixed gait,0.5,0,0,0,0,0,FR,0,0,0,0,0,0,1.540575787,-0.6338119834,0.8691140041,1.878949318,,,,
274,5.55,0.548,baseline — trained fixed gait,0.5,0,0,0,0,0,RL,0,0,0,0,0,0,1.818924285,0.1199514607,0.640947582,1.932275268,,,,
274,5.55,0.548,baseline — trained fixed gait,0.5,0,0,0,0,0,RR,1,0,45.9641121,20.72643324,320.6089839,324.549542,0.01413231986,-0.004512893373,-0.01057607794,0.01821927814,,,,
275,5.552,0.55,baseline — trained fixed gait,0.5,0,0,0,0,0,FL,1,0,8.165280543,-26.27374542,306.2792353,307.5125224,0.01171541311,0.01139324597,0.04890492058,0.05156305087,,,,
275,5.552,0.55,baseline — trained fixed gait,0.5,0,0,0,0,0,FR,0,0,0,0,0,0,1.637762382,-0.6836852351,0.8866993059,1.98391703,,,,
275,5.552,0.55,baseline — trained fixed gait,0.5,0,0,0,0,0,RL,0,0,0,0,0,0,1.857260549,0.1703767233,0.6270885834,1.967659794,,,,
275,5.552,0.55,baseline — trained fixed gait,0.5,0,0,0,0,0,RR,1,0,44.76405086,20.95081988,317.6632509,321.4851444,0.01404256198,-0.004520131447,-0.01060061167,0.01816584991,,,,
276,5.554,0.552,baseline — trained fixed gait,0.5,0,0,0,0,0,FL,1,0,8.4956379,-25.53536485,307.0173524,308.1945577,0.01062864932,0.01127617977,0.04277362537,0.0454939935,,,,
276,5.554,0.552,baseline — trained fixed gait,0.5,0,0,0,0,0,FR,0,0,0,0,0,0,1.739586779,-0.7123811182,0.9270367908,2.095959501,,,,
276,5.554,0.552,baseline — trained fixed gait,0.5,0,0,0,0,0,RL,0,0,0,0,0,0,1.845854977,0.2199211441,0.5923222564,1.950997581,,,,
276,5.554,0.552,baseline — trained fixed gait,0.5,0,0,0,0,0,RR,1,0,45.24145022,21.18647403,315.7604322,319.6878259,0.01411402371,-0.004552472931,-0.01044322022,0.01813812349,,,,
277,5.556,0.554,baseline — trained fixed gait,0.5,0,0,0,0,0,FL,1,0,8.764824242,-24.8900426,307.7241711,308.8535281,0.01008361005,0.01106963223,0.03729074817,0.04018477135,,,,
277,5.556,0.554,baseline — trained fixed gait,0.5,0,0,0,0,0,FR,0,0,0,0,0,0,1.813001566,-0.7395037734,0.9396264641,2.171805332,,,,
277,5.556,0.554,baseline — trained fixed gait,0.5,0,0,0,0,0,RL,0,0,0,0,0,0,1.830739662,0.2647972421,0.5591499745,1.932452841,,,,
277,5.556,0.554,baseline — trained fixed gait,0.5,0,0,0,0,0,RR,1,0,45.7057211,21.41069999,313.9220738,317.9536121,0.01404000252,-0.004590343827,-0.01025259791,0.01798078672,,,,
278,5.558,0.556,baseline — trained fixed gait,0.5,0,0,0,0,0,FL,1,0,9.000128396,-24.3015188,308.3701478,309.4571282,0.009873977103,0.01082513691,0.03242140671,0.03557845733,,,,
278,5.558,0.556,baseline — trained fixed gait,0.5,0,0,0,0,0,FR,0,0,0,0,0,0,1.864836266,-0.7643915925,0.9325364144,2.220705512,,,,
278,5.558,0.556,baseline — trained fixed gait,0.5,0,0,0,0,0,RL,0,0,0,0,0,0,1.812651985,0.3052544463,0.5278544054,1.912463796,,,,
278,5.558,0.556,baseline — trained fixed gait,0.5,0,0,0,0,0,RR,1,0,46.14781558,21.62254221,312.1607561,316.2933652,0.01387409474,-0.004630993993,-0.01005971875,0.0177520295,,,,
279,5.56,0.558,baseline — trained fixed gait,0.5,0,0,0,0,0,FL,1,0,9.218052429,-23.76490886,308.9448529,309.9946218,0.009864215268,0.0105645102,0.02811004594,0.03160832645,,,,
279,5.56,0.558,baseline — trained fixed gait,0.5,0,0,0,0,0,FR,0,0,0,0,0,0,1.900339241,-0.7866272354,0.9119366283,2.249822227,,,,
279,5.56,0.558,baseline — trained fixed gait,0.5,0,0,0,0,0,RL,0,0,0,0,0,0,1.792170919,0.3415589714,0.4985863243,1.891329547,,,,
279,5.56,0.558,baseline — trained fixed gait,0.5,0,0,0,0,0,RR,1,0,46.56216353,21.81915035,310.4841267,314.7133669,0.0136513879,-0.004672986887,-0.009880402898,0.01748769737,,,,
280,5.562,0.56,baseline — trained fixed gait,0.5,0,0,0,0,0,FL,1,0,16.45541097,-21.76606516,296.0573282,297.3120981,0.009975518911,0.01030037549,0.02430400297,0.02821866888,,,,
280,5.562,0.56,baseline — trained fixed gait,0.5,0,0,0,0,0,FR,0,0,0,0,0,0,1.923516629,-0.8059763397,0.882520714,2.264587576,,,,
280,5.562,0.56,baseline — trained fixed gait,0.5,0,0,0,0,0,RL,0,0,0,0,0,0,1.769753365,0.373990694,0.4713985433,1.869254557,,,,
280,5.562,0.56,baseline — trained fixed gait,0.5,0,0,0,0,0,RR,1,0,44.84060785,19.96647293,297.5980452,301.6188599,0.01339327429,-0.004715218799,-0.009723902757,0.01720951392,,,,
281,5.564,0.562,baseline — trained fixed gait,0.5,0,0,0,0,0,FL,1,0,16.82980146,-21.25333558,296.3294036,297.5669033,0.009192055042,0.009820114647,0.02183746515,0.02564767848,,,,
281,5.564,0.562,baseline — trained fixed gait,0.5,0,0,0,0,0,FR,0,0,0,0,0,0,1.941621269,-0.8113316255,0.8525788606,2.27047195,,,,
281,5.564,0.562,baseline — trained fixed gait,0.5,0,0,0,0,0,RL,0,0,0,0,0,0,1.733905878,0.3968453257,0.4381862372,1.831917843,,,,
281,5.564,0.562,baseline — trained fixed gait,0.5,0,0,0,0,0,RR,1,0,45.1975047,20.19889422,296.0931037,300.2031575,0.0133496035,-0.004491933874,-0.008830927414,0.01662451992,,,,
282,5.566,0.564,baseline — trained fixed gait,0.5,0,0,0,0,0,FL,1,0,17.12581644,-20.78598409,296.6040656,297.8243148,0.008838400989,0.009420961637,0.01937181914,0.02328388341,,,,
282,5.566,0.564,baseline — trained fixed gait,0.5,0,0,0,0,0,FR,0,0,0,0,0,0,1.95142657,-0.8146526864,0.817906073,2.26731008,,,,
282,5.566,0.564,baseline — trained fixed gait,0.5,0,0,0,0,0,RL,0,0,0,0,0,0,1.698788093,0.4162282764,0.4084443655,1.796094029,,,,
282,5.566,0.564,baseline — trained fixed gait,0.5,0,0,0,0,0,RR,1,0,45.51215478,20.41724974,294.707915,298.8996077,0.0131893456,-0.004383137735,-0.008323435408,0.01620031823,,,,
283,5.568,0.566,baseline — trained fixed gait,0.5,0,0,0,0,0,FL,1,0,17.3725303,-20.35957515,296.8515749,298.0556569,0.008753420668,0.009076510098,0.01701133123,0.02117524024,,,,
283,5.568,0.566,baseline — trained fixed gait,0.5,0,0,0,0,0,FR,0,0,0,0,0,0,1.955000864,-0.8159208088,0.7809250415,2.257786319,,,,
283,5.568,0.566,baseline — trained fixed gait,0.5,0,0,0,0,0,RL,0,0,0,0,0,0,1.664286909,0.4325197036,0.3817420078,1.761434407,,,,
283,5.568,0.566,baseline — trained fixed gait,0.5,0,0,0,0,0,RR,1,0,45.78661174,20.61746489,293.439694,297.7051354,0.01296164121,-0.004341553966,-0.008073378453,0.01587553695,,,,
284,5.57,0.568,baseline — trained fixed gait,0.5,0,0,0,0,0,FL,1,0,17.58433609,-19.93185836,297.0517765,298.2385719,0.008830937188,0.008768877164,0.01480676209,0.01934215247,,,,
284,5.57,0.568,baseline — trained fixed gait,0.5,0,0,0,0,0,FR,0,0,0,0,0,0,1.953891032,-0.815182764,0.743410719,2.243852179,,,,
284,5.57,0.568,baseline — trained fixed gait,0.5,0,0,0,0,0,RL,0,0,0,0,0,0,1.63031741,0.4460612994,0.3576949281,1.727672192,,,,
284,5.57,0.568,baseline — trained fixed gait,0.5,0,0,0,0,0,RR,1,0,43.99116765,21.33268293,291.6963608,295.765233,0.01269563683,-0.004338875102,-0.007993045455,0.01561709984,,,,
285,5.572,0.57,baseline — trained fixed gait,0.5,0,0,0,0,0,FL,1,0,18.73522842,-16.73213466,280.2960837,281.4193804,0.009010496333,0.008481380187,0.0127838287,0.01779182762,,,,
285,5.572,0.57,baseline — trained fixed gait,0.5,0,0,0,0,0,FR,0,0,0,0,0,0,1.94925835,-0.8125554656,0.7066244157,2.226919973,,,,
285,5.572,0.57,baseline — trained fixed gait,0.5,0,0,0,0,0,RL,0,0,0,0,0,0,1.596804621,0.4573129305,0.3359356522,1.694630602,,,,
285,5.572,0.57,baseline — trained fixed gait,0.5,0,0,0,0,0,RR,1,0,41.65484472,19.71324757,281.8247064,285.5676861,0.01245218001,-0.004695044089,-0.006221669282,0.0146904525,,,,
286,5.574,0.572,baseline — trained fixed gait,0.5,0,0,0,0,0,FL,1,0,19.0250053,-16.42072909,280.4061579,281.5301131,0.009005875941,0.007853969699,0.01208178863,0.0169929473,,,,
286,5.574,0.572,baseline — trained fixed gait,0.5,0,0,0,0,0,FR,0,0,0,0,0,0,1.950073814,-0.8052451216,0.6818602763,2.21723725,,,,
286,5.574,0.572,baseline — trained fixed gait,0.5,0,0,0,0,0,RL,0,0,0,0,0,0,1.575425418,0.4573761317,0.3230034482,1.671971711,,,,
286,5.574,0.572,baseline — trained fixed gait,0.5,0,0,0,0,0,RR,1,0,41.95081716,19.81301276,280.7081343,284.5162266,0.01250189869,-0.004675494174,-0.004596927203,0.01411699176,,,,
287,5.576,0.574,baseline — trained fixed gait,0.5,0,0,0,0,0,FL,1,0,19.26161636,-16.14515582,280.5213488,281.6449948,0.009108569435,0.007404739876,0.01104876764,0.01612052965,,,,
287,5.576,0.574,baseline — trained fixed gait,0.5,0,0,0,0,0,FR,0,0,0,0,0,0,1.946264671,-0.7965753516,0.6555433588,2.202774513,,,,
287,5.576,0.574,baseline — trained fixed gait,0.5,0,0,0,0,0,RL,0,0,0,0,0,0,1.551877523,0.4565066006,0.3091540119,1.646905682,,,,
287,5.576,0.574,baseline — trained fixed gait,0.5,0,0,0,0,0,RR,1,0,42.18966484,19.90326698,279.7330643,283.5960068,0.01240174473,-0.004669708187,-0.003723592658,0.0137649769,,,,
288,5.578,0.576,baseline — trained fixed gait,0.5,0,0,0,0,0,FL,1,0,19.4625757,-15.89784584,280.6219623,281.744954,0.009281528654,0.00706369559,0.009862572896,0.01527458391,,,,
288,5.578,0.576,baseline — trained fixed gait,0.5,0,0,0,0,0,FR,0,0,0,0,0,0,1.93887059,-0.7866099459,0.6288588694,2.184819867,,,,
288,5.578,0.576,baseline — trained fixed gait,0.5,0,0,0,0,0,RL,0,0,0,0,0,0,1.526709966,0.4547366318,0.2947827133,1.620038757,,,,
288,5.578,0.576,baseline — trained fixed gait,0.5,0,0,0,0,0,RR,1,0,42.38032137,19.9850359,278.888568,282.7973243,0.01221630684,-0.004673798994,-0.00334406185,0.01350056664,,,,
289,5.58,0.578,baseline — trained fixed gait,0.5,0,0,0,0,0,FL,1,0,19.63972675,-15.6738399,280.6952577,281.8176996,0.009499451177,0.006789249341,0.008633746604,0.01452153779,,,,
289,5.58,0.578,baseline — trained fixed gait,0.5,0,0,0,0,0,FR,0,0,0,0,0,0,1.928676096,-0.7754394019,0.6026516249,2.164321309,,,,
289,5.58,0.578,baseline — trained fixed gait,0.5,0,0,0,0,0,RL,0,0,0,0,0,0,1.500362141,0.4521153677,0.2801824095,1.591853335,,,,
289,5.58,0.578,baseline — trained fixed gait,0.5,0,0,0,0,0,RR,1,0,42.5302981,20.05929986,278.1646105,282.111241,0.01198488554,-0.004685050585,-0.003281071283,0.01327978197,,,,
290,5.582,0.58,baseline — trained fixed gait,0.5,0,0,0,0,0,FL,1,0,14.63770609,-13.07492854,270.566503,271.2774387,0.009745860527,0.006556968445,0.007429115713,0.01389846728,,,,
290,5.582,0.58,baseline — trained fixed gait,0.5,0,0,0,0,0,FR,0,0,0,0,0,0,1.916269994,-0.7631711269,0.5775019724,2.141968577,,,,
290,5.582,0.58,baseline — trained fixed gait,0.5,0,0,0,0,0,RL,0,0,0,0,0,0,1.473186499,0.4487026454,0.265566411,1.562734156,,,,
290,5.582,0.58,baseline — trained fixed gait,0.5,0,0,0,0,0,RR,1,0,39.76880606,18.71737856,272.7719977,276.2905371,0.0117293788,-0.004701558794,-0.003416205946,0.01309020417,,,,
291,5.584,0.582,baseline — trained fixed gait,0.5,0,0,0,0,0,FL,1,0,14.77974217,-12.91337861,270.696678,271.4072357,0.01057817066,0.006056206104,0.006971877967,0.01404216541,,,,
291,5.584,0.582,baseline — trained fixed gait,0.5,0,0,0,0,0,FR,0,0,0,0,0,0,1.906024234,-0.749075985,0.5560872739,2.122092427,,,,
291,5.584,0.582,baseline — trained fixed gait,0.5,0,0,0,0,0,RL,0,0,0,0,0,0,1.467548817,0.4358246194,0.2652018834,1.553697096,,,,
291,5.584,0.582,baseline — trained fixed gait,0.5,0,0,0,0,0,RR,1,0,39.88617952,18.63869733,272.0810918,275.6200806,0.01185498151,-0.004526939773,-0.003352636066,0.01312531672,,,,
292,5.586,0.584,baseline — trained fixed gait,0.5,0,0,0,0,0,FL,1,0,14.92610094,-12.77865821,270.7866194,271.4985743,0.01116246928,0.005714960363,0.006254283046,0.01401347739,,,,
292,5.586,0.584,baseline — trained fixed gait,0.5,0,0,0,0,0,FR,0,0,0,0,0,0,1.89341074,-0.734029589,0.5351479386,2.100044519,,,,
292,5.586,0.584,baseline — trained fixed gait,0.5,0,0,0,0,0,RL,0,0,0,0,0,0,1.457197832,0.4235972083,0.2606165016,1.539734093,,,,
292,5.586,0.584,baseline — trained fixed gait,0.5,0,0,0,0,0,RR,1,0,39.99142482,18.58385483,271.4779152,275.0362379,0.01182218951,-0.004415452662,-0.003493743168,0.01309452665,,,,
293,5.588,0.586,baseline — trained fixed gait,0.5,0,0,0,0,0,FL,1,0,15.07107737,-12.66221481,270.8436498,271.558008,0.01159477423,0.005469982904,0.00538827287,0.01390658071,,,,
293,5.588,0.586,baseline — trained fixed gait,0.5,0,0,0,0,0,FR,0,0,0,0,0,0,1.878849346,-0.7181352734,0.5150421275,2.076309593,,,,
293,5.588,0.586,baseline — trained fixed gait,0.5,0,0,0,0,0,RL,0,0,0,0,0,0,1.443214454,0.4118071812,0.2529190843,1.521979362,,,,
293,5.588,0.586,baseline — trained fixed gait,0.5,0,0,0,0,0,RR,1,0,40.08163469,18.54664644,270.9645752,274.5401912,0.01169512758,-0.00434562621,-0.00375662622,0.01302968598,,,,
294,5.59,0.588,baseline — trained fixed gait,0.5,0,0,0,0,0,FL,1,0,15.20473798,-12.54684823,270.7826854,271.4993005,0.0119371193,0.005284709041,0.004456387773,0.01379428718,,,,
294,5.59,0.588,baseline — trained fixed gait,0.5,0,0,0,0,0,FR,0,0,0,0,0,0,1.862662945,-0.7015023425,0.4959939205,2.051250534,,,,
294,5.59,0.588,baseline — trained fixed gait,0.5,0,0,0,0,0,RL,0,0,0,0,0,0,1.426460666,0.4003010359,0.242975436,1.501355392,,,,
294,5.59,0.588,baseline — trained fixed gait,0.5,0,0,0,0,0,RR,1,0,40.15597,18.52064671,270.5397627,274.1300412,0.01151452526,-0.004303613182,-0.004082899731,0.01295281625,,,,
295,5.592,0.59,baseline — trained fixed gait,0.5,0,0,0,0,0,FL,1,0,8.345329723,-11.31468241,267.4397474,267.8090459,0.01222577782,0.005135396297,0.003521084969,0.0137200575,,,,
295,5.592,0.59,baseline — trained fixed gait,0.5,0,0,0,0,0,FR,0,0,0,0,0,0,1.845099454,-0.6842501806,0.4781245841,2.025140346,,,,
295,5.592,0.59,baseline — trained fixed gait,0.5,0,0,0,0,0,RL,0,0,0,0,0,0,1.407622694,0.3889716968,0.2314578648,1.478605212,,,,
295,5.592,0.59,baseline — trained fixed gait,0.5,0,0,0,0,0,RR,1,0,37.52724057,17.47634855,267.2369054,270.4242595,0.01130488035,-0.004280045998,-0.004434435406,0.01287568759,,,,
296,5.594,0.592,baseline — trained fixed gait,0.5,0,0,0,0,0,FL,1,0,8.397531324,-11.25540352,267.5982178,267.9664322,0.01334031472,0.004873391802,0.002850862697,0.0144859022,,,,
296,5.594,0.592,baseline — trained fixed gait,0.5,0,0,0,0,0,FR,0,0,0,0,0,0,1.823955337,-0.6658943522,0.4559780688,1.994528606,,,,
296,5.594,0.592,baseline — trained fixed gait,0.5,0,0,0,0,0,RL,0,0,0,0,0,0,1.411326111,0.3722386395,0.2364222277,1.478613697,,,,
296,5.594,0.592,baseline — trained fixed gait,0.5,0,0,0,0,0,RR,1,0,37.58661448,17.35491034,266.8317188,270.0242816,0.01145451744,-0.004126849895,-0.004587069781,0.01301069056,,,,
297,5.596,0.594,baseline — trained fixed gait,0.5,0,0,0,0,0,FL,1,0,8.481704174,-11.21236793,267.7086993,268.0776085,0.01407241038,0.004696129627,0.00211815355,0.01498575796,,,,
297,5.596,0.594,baseline — trained fixed gait,0.5,0,0,0,0,0,FR,0,0,0,0,0,0,1.802410636,-0.6469528581,0.4362947505,1.964073627,,,,
297,5.596,0.594,baseline — trained fixed gait,0.5,0,0,0,0,0,RL,0,0,0,0,0,0,1.409013304,0.3567441633,0.2355034172,1.472428861,,,,
297,5.596,0.594,baseline — trained fixed gait,0.5,0,0,0,0,0,RR,1,0,37.64811454,17.26393166,266.4919834,269.691307,0.01145089991,-0.004025847269,-0.004811835696,0.01305696434,,,,
298,5.598,0.596,baseline — trained fixed gait,0.5,0,0,0,0,0,FL,1,0,8.583448575,-11.18002456,267.785614,268.1563044,0.01457104122,0.004568469569,0.001376915838,0.01533238578,,,,
298,5.598,0.596,baseline — trained fixed gait,0.5,0,0,0,0,0,FR,0,0,0,0,0,0,1.780424054,-0.6275471163,0.4187442222,1.933667996,,,,
298,5.598,0.596,baseline — trained fixed gait,0.5,0,0,0,0,0,RL,0,0,0,0,0,0,1.40202923,0.3421701534,0.2302109251,1.461425142,,,,
298,5.598,0.596,baseline — trained fixed gait,0.5,0,0,0,0,0,RR,1,0,37.70613236,17.19659615,266.2222831,269.4286164,0.01135660147,-0.003960327612,-0.005071428074,0.01305281481,,,,
299,5.6,0.598,baseline — trained fixed gait,0.5,0,0,0,0,0,FL,1,0,6.921435323,-11.65170047,267.1133166,267.456898,0.01493091373,0.004471044935,0.0006664314613,0.01560021021,,,,
299,5.6,0.598,baseline — trained fixed gait,0.5,0,0,0,0,0,FR,0,0,0,0,0,0,1.757967197,-0.6077905064,0.4030255688,1.903230825,,,,
299,5.6,0.598,baseline — trained fixed gait,0.5,0,0,0,0,0,RL,0,0,0,0,0,0,1.391444507,0.3282778632,0.2217276107,1.446736778,,,,
299,5.6,0.598,baseline — trained fixed gait,0.5,0,0,0,0,0,RR,1,0,37.75328964,17.1173153,266.0200185,269.230317,0.01121109567,-0.003919226228,-0.005339680258,0.01302156617,,,,
300,5.602,0.6,baseline — trained fixed gait,0.5,0,0,0,0,0,FL,1,0,-0.4890387205,-12.86283966,271.3624263,271.6675509,0.01533041683,0.00456450759,0.001194779485,0.01604007193,,,,
300,5.602,0.6,baseline — trained fixed gait,0.5,0,0,0,0,0,FR,0,0,0,0,0,0,1.735012311,-0.5879300457,0.3888481555,1.872733923,,,,
300,5.602,0.6,baseline — trained fixed gait,0.5,0,0,0,0,0,RL,0,0,0,0,0,0,1.378113546,0.3149049554,0.2109754859,1.429290989,,,,
300,5.602,0.6,baseline — trained fixed gait,0.5,0,0,0,0,0,RR,1,0,36.48728007,16.20483494,263.2208092,266.2313142,0.01103889085,-0.003891403464,-0.005601187298,0.01297587882,,,,
301,5.604,0.602,baseline — trained fixed gait,0.5,0,0,0,0,0,FL,1,0,-0.4568135383,-12.89321091,271.531046,271.8373641,0.01663020361,0.004771919846,0.001098997179,0.01733616699,,,,
301,5.604,0.602,baseline — trained fixed gait,0.5,0,0,0,0,0,FR,0,0,0,0,0,0,1.707687144,-0.5659864249,0.3695099133,1.83659293,,,,
301,5.604,0.602,baseline — trained fixed gait,0.5,0,0,0,0,0,RL,0,0,0,0,0,0,1.382699332,0.2994447748,0.2148190234,1.430968842,,,,
301,5.604,0.602,baseline — trained fixed gait,0.5,0,0,0,0,0,RR,1,0,36.54301383,16.12768688,263.0444375,266.0598997,0.01103366114,-0.003759670655,-0.005660513812,0.01295832621,,,,
302,5.606,0.604,baseline — trained fixed gait,0.5,0,0,0,0,0,FL,1,0,-0.379463695,-12.91708191,271.6461873,271.9533895,0.01745196095,0.004885612805,0.000924770876,0.01814649703,,,,
302,5.606,0.604,baseline — trained fixed gait,0.5,0,0,0,0,0,FR,0,0,0,0,0,0,1.680765397,-0.5439732206,0.3529193974,1.801508059,,,,
302,5.606,0.604,baseline — trained fixed gait,0.5,0,0,0,0,0,RL,0,0,0,0,0,0,1.381531471,0.2850897438,0.2129401706,1.426621493,,,,
302,5.606,0.604,baseline — trained fixed gait,0.5,0,0,0,0,0,RR,1,0,36.59647172,16.07500736,262.9292524,265.9501822,0.0109487353,-0.003680911345,-0.005781442709,0.01291700402,,,,
303,5.608,0.606,baseline — trained fixed gait,0.5,0,0,0,0,0,FL,1,0,-0.2759252138,-12.93786728,271.7255731,272.0335488,0.01798369041,0.004942428789,0.0007109164146,0.01866403293,,,,
303,5.608,0.606,baseline — trained fixed gait,0.5,0,0,0,0,0,FR,0,0,0,0,0,0,1.654059886,-0.5219815988,0.3385230043,1.76719459,,,,
303,5.608,0.606,baseline — trained fixed gait,0.5,0,0,0,0,0,RL,0,0,0,0,0,0,1.375894353,0.2715444238,0.2068409597,1.417605315,,,,
303,5.608,0.606,baseline — trained fixed gait,0.5,0,0,0,0,0,RR,1,0,36.64531349,16.04132855,262.8766461,265.9028662,0.01081835388,-0.003636985772,-0.005934524411,0.01286402061,,,,
304,5.61,0.608,baseline — trained fixed gait,0.5,0,0,0,0,0,FL,1,0,-0.1577876057,-12.95838403,271.7782934,272.0870915,0.01834372009,0.004966114858,0.0004871602232,0.0190103048,,,,
304,5.61,0.608,baseline — trained fixed gait,0.5,0,0,0,0,0,FR,0,0,0,0,0,0,1.627432294,-0.5000920925,0.3258604182,1.733439639,,,,
304,5.61,0.608,baseline — trained fixed gait,0.5,0,0,0,0,0,RL,0,0,0,0,0,0,1.366808418,0.2585882839,0.1976967486,1.405032796,,,,
304,5.61,0.608,baseline — trained fixed gait,0.5,0,0,0,0,0,RR,1,0,36.68860201,16.02276842,262.8862211,265.9171823,0.01066382888,-0.003616227913,-0.006099651733,0.01280625245,,,,
305,5.612,0.61,baseline — trained fixed gait,0.5,0,0,0,0,0,FL,1,0,-8.37522253,-15.26772857,282.5763079,283.1123765,0.01860150211,0.004970617262,0.000270180397,0.01925606175,,,,
305,5.612,0.61,baseline — trained fixed gait,0.5,0,0,0,0,0,FR,0,0,0,0,0,0,1.600784145,-0.4783757175,0.3145507831,1.700086881,,,,
305,5.612,0.61,baseline — trained fixed gait,0.5,0,0,0,0,0,RL,0,0,0,0,0,0,1.355081981,0.246059364,0.1864217532,1.389800509,,,,
305,5.612,0.61,baseline — trained fixed gait,0.5,0,0,0,0,0,RR,1,0,35.5632643,15.59205374,262.512246,265.3686817,0.01049781494,-0.003611065335,-0.006264442786,0.01274704495,,,,
306,5.614,0.612,baseline — trained fixed gait,0.5,0,0,0,0,0,FL,1,0,-8.429217407,-15.31127542,282.8001897,283.3397857,0.01995726167,0.005274256292,-0.0006753934508,0.02065347983,,,,
306,5.614,0.612,baseline — trained fixed gait,0.5,0,0,0,0,0,FR,0,0,0,0,0,0,1.566505359,-0.4557916293,0.2938233897,1.657714461,,,,
306,5.614,0.612,baseline — trained fixed gait,0.5,0,0,0,0,0,RL,0,0,0,0,0,0,1.360792611,0.2337912988,0.1892134556,1.393634325,,,,
306,5.614,0.612,baseline — trained fixed gait,0.5,0,0,0,0,0,RR,1,0,35.59589731,15.54337095,262.566558,265.4239282,0.01049262598,-0.003563275528,-0.006389905815,0.01279152175,,,,
307,5.616,0.614,baseline — trained fixed gait,0.5,0,0,0,0,0,FL,1,0,-8.402321945,-15.35088206,282.9277537,283.4684505,0.02081026481,0.005443544407,-0.001253923702,0.02154696317,,,,
307,5.616,0.614,baseline — trained fixed gait,0.5,0,0,0,0,0,FR,0,0,0,0,0,0,1.533649095,-0.4333669474,0.2767754065,1.617557134,,,,
307,5.616,0.614,baseline — trained fixed gait,0.5,0,0,0,0,0,RL,0,0,0,0,0,0,1.361247803,0.2223711142,0.1868879323,1.391894965,,,,
307,5.616,0.614,baseline — trained fixed gait,0.5,0,0,0,0,0,RR,1,0,35.63250731,15.51305285,262.6661609,265.5255967,0.01042155009,-0.003541300707,-0.006514259944,0.01279003907,,,,
308,5.618,0.616,baseline — trained fixed gait,0.5,0,0,0,0,0,FL,1,0,-8.323025757,-15.38911085,282.9875143,283.5278306,0.02135277986,0.005532050037,-0.001583921754,0.02211455614,,,,
308,5.618,0.616,baseline — trained fixed gait,0.5,0,0,0,0,0,FR,0,0,0,0,0,0,1.501870265,-0.4111915482,0.2625660186,1.579124344,,,,
308,5.618,0.616,baseline — trained fixed gait,0.5,0,0,0,0,0,RL,0,0,0,0,0,0,1.357585522,0.2115451747,0.1808152663,1.385815273,,,,
308,5.618,0.616,baseline — trained fixed gait,0.5,0,0,0,0,0,RR,1,0,35.67019113,15.49729859,262.8128033,265.6747981,0.01031301233,-0.003537040635,-0.006632631721,0.0127616881,,,,
309,5.62,0.618,baseline — trained fixed gait,0.5,0,0,0,0,0,FL,1,0,-8.210309796,-15.42785122,282.9974252,283.5365417,0.0217075348,0.005573542981,-0.001746859564,0.02247961224,,,,
309,5.62,0.618,baseline — trained fixed gait,0.5,0,0,0,0,0,FR,0,0,0,0,0,0,1.470905534,-0.3893395671,0.2505150353,1.542046099,,,,
309,5.62,0.618,baseline — trained fixed gait,0.5,0,0,0,0,0,RL,0,0,0,0,0,0,1.35071033,0.2011262855,0.1720658569,1.376399955,,,,
309,5.62,0.618,baseline — trained fixed gait,0.5,0,0,0,0,0,RR,1,0,35.70741058,15.49329063,263.0065343,265.8712063,0.01018482176,-0.003544999338,-0.006741867709,0.01271811286,,,,
310,5.622,0.62,baseline — trained fixed gait,0.5,0,0,0,0,0,FL,1,0,-15.85720026,-17.82070181,294.8930052,295.8562366,0.02194838467,0.005588026637,-0.001802493524,0.02272018077,,,,
310,5.622,0.62,baseline — trained fixed gait,0.5,0,0,0,0,0,FR,0,0,0,0,0,0,1.440557394,-0.3678720245,0.2400760353,1.50604513,,,,
310,5.622,0.62,baseline — trained fixed gait,0.5,0,0,0,0,0,RL,0,0,0,0,0,0,1.3413392,0.1909790244,0.1614703674,1.364454659,,,,
310,5.622,0.62,baseline — trained fixed gait,0.5,0,0,0,0,0,RR,1,0,35.57758637,15.57110376,265.1563736,267.98531,0.01004757702,-0.003561413282,-0.006840875833,0.01266629585,,,,
311,5.624,0.622,baseline — trained fixed gait,0.5,0,0,0,0,0,FL,1,0,-15.89072382,-17.88887516,295.0193263,295.9880569,0.02321623133,0.005902368768,-0.002614330183,0.02409701386,,,,
311,5.624,0.622,baseline — trained fixed gait,0.5,0,0,0,0,0,FR,0,0,0,0,0,0,1.401932723,-0.3464922656,0.2151989293,1.460062611,,,,
311,5.624,0.622,baseline — trained fixed gait,0.5,0,0,0,0,0,RL,0,0,0,0,0,0,1.344309707,0.1801613891,0.1629203193,1.366078235,,,,
311,5.624,0.622,baseline — trained fixed gait,0.5,0,0,0,0,0,RR,1,0,35.61474886,15.53917841,265.3709904,268.2007437,0.00994610003,-0.003594128113,-0.007067608868,0.01271981752,,,,
312,5.626,0.624,baseline — trained fixed gait,0.5,0,0,0,0,0,FL,1,0,-15.83867008,-17.95030856,295.0407587,296.0103483,0.02400267823,0.00607710682,-0.003004245701,0.02494163751,,,,
312,5.626,0.624,baseline — trained fixed gait,0.5,0,0,0,0,0,FR,0,0,0,0,0,0,1.365876247,-0.3252598797,0.1957694081,1.417652134,,,,
312,5.626,0.624,baseline — trained fixed gait,0.5,0,0,0,0,0,RL,0,0,0,0,0,0,1.342791403,0.1700412767,0.159993607,1.362938276,,,,
312,5.626,0.624,baseline — trained fixed gait,0.5,0,0,0,0,0,RR,1,0,35.65771312,15.5190994,265.6157658,268.4474809,0.009832484907,-0.003621649096,-0.007214726674,0.01272188597,,,,
313,5.628,0.626,baseline — trained fixed gait,0.5,0,0,0,0,0,FL,1,0,-15.73096408,-18.00750035,294.9885461,295.9560366,0.02449125486,0.006168188881,-0.00312637425,0.02544881794,,,,
313,5.628,0.626,baseline — trained fixed gait,0.5,0,0,0,0,0,FR,0,0,0,0,0,0,1.331838246,-0.3042972937,0.1805064138,1.378032119,,,,
313,5.628,0.626,baseline — trained fixed gait,0.5,0,0,0,0,0,RL,0,0,0,0,0,0,1.337751799,0.1604067299,0.1538905332,1.356094573,,,,
313,5.628,0.626,baseline — trained fixed gait,0.5,0,0,0,0,0,RR,1,0,35.70463911,15.50900922,265.8914589,268.7259171,0.009713538747,-0.00364761088,-0.007307665795,0.0126909369,,,,
314,5.63,0.628,baseline — trained fixed gait,0.5,0,0,0,0,0,FL,1,0,-15.59864399,-18.02524588,294.8860914,295.8479915,0.02479958269,0.006210741234,-0.003084842121,0.02575090017,,,,
314,5.63,0.628,baseline — trained fixed gait,0.5,0,0,0,0,0,FR,0,0,0,0,0,0,1.299390781,-0.283701081,0.168380816,1.340617322,,,,
314,5.63,0.628,baseline — trained fixed gait,0.5,0,0,0,0,0,RL,0,0,0,0,0,0,1.329959407,0.1511024005,0.145547062,1.34640555,,,,
314,5.63,0.628,baseline — trained fixed gait,0.5,0,0,0,0,0,RR,1,0,33.26168156,14.34255451,265.0354394,267.4992196,0.009593587404,-0.003673745419,-0.007364707258,0.01264010434,,,,
315,5.632,0.63,baseline — trained fixed gait,0.5,0,0,0,0,0,FL,1,0,-23.46424935,-21.43697744,312.193048,313.806651,0.0250007246,0.006218571946,-0.002953432498,0.02593124815,,,,
315,5.632,0.63,baseline — trained fixed gait,0.5,0,0,0,0,0,FR,0,0,0,0,0,0,1.268214076,-0.263550477,0.1585675959,1.304978728,,,,
315,5.632,0.63,baseline — trained fixed gait,0.5,0,0,0,0,0,RL,0,0,0,0,0,0,1.320025895,0.1422501566,0.135664219,1.334581677,,,,
315,5.632,0.63,baseline — trained fixed gait,0.5,0,0,0,0,0,RR,1,0,32.46989115,14.59759225,268.0634335,270.4170629,0.009834619711,-0.003794182251,-0.005362987004,0.0118269689,,,,
316,5.634,0.632,baseline — trained fixed gait,0.5,0,0,0,0,0,FL,1,0,-23.49575392,-21.51991174,312.2102632,313.8318108,0.02628233467,0.006657043538,-0.003968054436,0.02740114597,,,,
316,5.634,0.632,baseline — trained fixed gait,0.5,0,0,0,0,0,FR,0,0,0,0,0,0,1.22767827,-0.24357278,0.1319060139,1.258539165,,,,
316,5.634,0.632,baseline — trained fixed gait,0.5,0,0,0,0,0,RL,0,0,0,0,0,0,1.3215413,0.1353497095,0.1352055538,1.335317001,,,,
316,5.634,0.632,baseline — trained fixed gait,0.5,0,0,0,0,0,RR,1,0,32.57977668,14.61751358,268.3314739,270.697051,0.01007344453,-0.003911780188,-0.004248080315,0.01161130894,,,,
317,5.636,0.634,baseline — trained fixed gait,0.5,0,0,0,0,0,FL,1,0,-23.42843805,-21.58919324,312.1018826,313.7237161,0.02706576803,0.006900112349,-0.004409661371,0.02827741966,,,,
317,5.636,0.634,baseline — trained fixed gait,0.5,0,0,0,0,0,FR,0,0,0,0,0,0,1.190490614,-0.2237372623,0.1119569643,1.216495222,,,,
317,5.636,0.634,baseline — trained fixed gait,0.5,0,0,0,0,0,RL,0,0,0,0,0,0,1.319575046,0.1287341838,0.1317052524,1.332365214,,,,
317,5.636,0.634,baseline — trained fixed gait,0.5,0,0,0,0,0,RR,1,0,32.6834617,14.63269379,268.6357137,271.011939,0.01016864151,-0.003995219699,-0.003531189326,0.01148182689,,,,
318,5.638,0.636,baseline — trained fixed gait,0.5,0,0,0,0,0,FL,1,0,-23.29640708,-21.64940064,311.9047245,313.5218912,0.02753993959,0.007026504162,-0.004494352675,0.02877532345,,,,
318,5.638,0.636,baseline — trained fixed gait,0.5,0,0,0,0,0,FR,0,0,0,0,0,0,1.155972615,-0.2041896513,0.09711339406,1.177878225,,,,
318,5.638,0.636,baseline — trained fixed gait,0.5,0,0,0,0,0,RL,0,0,0,0,0,0,1.314828231,0.1222793302,0.126034442,1.326502994,,,,
318,5.638,0.636,baseline — trained fixed gait,0.5,0,0,0,0,0,RR,1,0,32.78024135,14.6456352,268.974798,271.360426,0.01018032549,-0.004059493864,-0.003095821506,0.01138870617,,,,
319,5.64,0.638,baseline — trained fixed gait,0.5,0,0,0,0,0,FL,1,0,-23.12314347,-21.70358017,311.644164,313.2535876,0.02782650139,0.007085010888,-0.004367731805,0.02904459744,,,,
319,5.64,0.638,baseline — trained fixed gait,0.5,0,0,0,0,0,FR,0,0,0,0,0,0,1.123591109,-0.1850422585,0.08608867013,1.141975865,,,,
319,5.64,0.638,baseline — trained fixed gait,0.5,0,0,0,0,0,RL,0,0,0,0,0,0,1.307859396,0.1158977582,0.1188689507,1.318354397,,,,
319,5.64,0.638,baseline — trained fixed gait,0.5,0,0,0,0,0,RR,1,0,32.87092459,14.65784454,269.3458501,271.7398334,0.01014509472,-0.004112780353,-0.002855323322,0.01131330104,,,,
320,5.642,0.64,baseline — trained fixed gait,0.5,0,0,0,0,0,FL,1,0,-30.55959757,-24.70053697,326.8104536,329.1642115,0.02799985387,0.007104632194,-0.004128334686,0.02918065733,,,,
320,5.642,0.64,baseline — trained fixed gait,0.5,0,0,0,0,0,FR,0,0,0,0,0,0,1.092930003,-0.1663806246,0.0778612233,1.108260292,,,,
320,5.642,0.64,baseline — trained fixed gait,0.5,0,0,0,0,0,RL,0,0,0,0,0,0,1.299112758,0.1095303894,0.1107284852,1.308415706,,,,
320,5.642,0.64,baseline — trained fixed gait,0.5,0,0,0,0,0,RR,1,0,32.78822572,15.02547395,273.720216,276.086199,0.01008492885,-0.004159460823,-0.002746470837,0.01124944471,,,,
321,5.644,0.642,baseline — trained fixed gait,0.5,0,0,0,0,0,FL,1,0,-30.53054241,-24.75916477,326.6466973,329.003336,0.02917690085,0.007488508672,-0.004883005332,0.03051578357,,,,
321,5.644,0.642,baseline — trained fixed gait,0.5,0,0,0,0,0,FR,0,0,0,0,0,0,1.050749262,-0.1479171296,0.04585564065,1.062099914,,,,
321,5.644,0.642,baseline — trained fixed gait,0.5,0,0,0,0,0,RL,0,0,0,0,0,0,1.296182945,0.1050996066,0.1069111961,1.304824187,,,,
321,5.644,0.642,baseline — trained fixed gait,0.5,0,0,0,0,0,RR,1,0,32.86388845,15.04182428,274.0730877,276.4459243,0.01006571392,-0.004253544335,-0.003003117692,0.01133269394,,,,
322,5.646,0.644,baseline — trained fixed gait,0.5,0,0,0,0,0,FL,1,0,-30.41123656,-24.80594024,326.364882,328.7160085,0.02988517506,0.007695174602,-0.005142342745,0.03128550925,,,,
322,5.646,0.644,baseline — trained fixed gait,0.5,0,0,0,0,0,FR,0,0,0,0,0,0,1.013060039,-0.1294878453,0.02300613495,1.021561074,,,,
322,5.646,0.644,baseline — trained fixed gait,0.5,0,0,0,0,0,RL,0,0,0,0,0,0,1.291161825,0.100529039,0.1018832196,1.299070874,,,,
322,5.646,0.644,baseline — trained fixed gait,0.5,0,0,0,0,0,RR,1,0,32.94870265,15.05367239,274.4307187,276.8112162,0.0100246234,-0.004325173218,-0.003176333997,0.01137054508,,,,
323,5.648,0.646,baseline — trained fixed gait,0.5,0,0,0,0,0,FL,1,0,-30.23394916,-24.84731689,326.0024435,328.3429213,0.03030376415,0.007796692827,-0.005103802209,0.03170418486,,,,
323,5.648,0.646,baseline — trained fixed gait,0.5,0,0,0,0,0,FR,0,0,0,0,0,0,0.9789634308,-0.111290392,0.007124432789,0.9852947314,,,,
323,5.648,0.646,baseline — trained fixed gait,0.5,0,0,0,0,0,RL,0,0,0,0,0,0,1.284416565,0.09580093395,0.09606130127,1.291561654,,,,
323,5.648,0.646,baseline — trained fixed gait,0.5,0,0,0,0,0,RR,1,0,33.04052019,15.02545747,274.7877351,277.1745654,0.009971859225,-0.004382377286,-0.003292016402,0.01137895334,,,,
324,5.65,0.648,baseline — trained fixed gait,0.5,0,0,0,0,0,FL,1,0,-30.02069875,-24.87939219,325.5828972,327.9092092,0.03054773191,0.007838108411,-0.004896677356,0.03191515811,,,,
324,5.65,0.648,baseline — trained fixed gait,0.5,0,0,0,0,0,FR,0,0,0,0,0,0,0.9477472589,-0.09346644676,-0.00354160415,0.9523515036,,,,
324,5.65,0.648,baseline — trained fixed gait,0.5,0,0,0,0,0,RL,0,0,0,0,0,0,1.276241007,0.09092050725,0.08976152359,1.282620278,,,,
324,5.65,0.648,baseline — trained fixed gait,0.5,0,0,0,0,0,RR,1,0,33.1383619,15.03120848,275.1543294,277.5499834,0.009914000548,-0.004424935831,-0.003368397791,0.0113672146,,,,
325,5.652,0.65,baseline — trained fixed gait,0.5,0,0,0,0,0,FL,1,0,-36.41280539,-27.80924424,340.7598353,343.8262815,0.03068686536,0.00784479459,-0.004606465385,0.03200693724,,,,
325,5.652,0.65,baseline — trained fixed gait,0.5,0,0,0,0,0,FR,0,0,0,0,0,0,0.9188477221,-0.07614029278,-0.01038555944,0.9220554975,,,,
325,5.652,0.65,baseline — trained fixed gait,0.5,0,0,0,0,0,RL,0,0,0,0,0,0,1.266872265,0.08588072546,0.08322180478,1.272504108,,,,
325,5.652,0.65,baseline — trained fixed gait,0.5,0,0,0,0,0,RR,1,0,33.19971861,15.62906582,281.033452,283.4189305,0.009854554875,-0.004462784025,-0.00341950313,0.01134555837,,,,
326,5.654,0.652,baseline — trained fixed gait,0.5,0,0,0,0,0,FL,1,0,-36.32878314,-27.84346095,340.4113826,343.4748145,0.03169715417,0.008208101585,-0.005331645964,0.03317391992,,,,
326,5.654,0.652,baseline — trained fixed gait,0.5,0,0,0,0,0,FR,0,0,0,0,0,0,0.8755473858,-0.05909511847,-0.04879089572,0.8788947658,,,,
326,5.654,0.652,baseline — trained fixed gait,0.5,0,0,0,0,0,RL,0,0,0,0,0,0,1.26043511,0.08279608988,0.07701890538,1.26549744,,,,
326,5.654,0.652,baseline — trained fixed gait,0.5,0,0,0,0,0,RR,1,0,33.29669914,15.65615007,281.324632,283.7205206,0.009845615602,-0.004577679647,-0.00383958948,0.01151667248,,,,
327,5.656,0.654,baseline — trained fixed gait,0.5,0,0,0,0,0,FL,1,0,-36.16377308,-27.8666402,339.9539901,343.0059526,0.03229981478,0.00839990964,-0.005576842789,0.03383692794,,,,
327,5.656,0.654,baseline — trained fixed gait,0.5,0,0,0,0,0,FR,0,0,0,0,0,0,0.8380732777,-0.0419916735,-0.07489760968,0.8424605459,,,,
327,5.656,0.654,baseline — trained fixed gait,0.5,0,0,0,0,0,RL,0,0,0,0,0,0,1.25313365,0.07921976336,0.07130023927,1.257657919,,,,
327,5.656,0.654,baseline — trained fixed gait,0.5,0,0,0,0,0,RR,1,0,33.41062778,15.66741593,281.5976055,284.0051925,0.009824764301,-0.004658594011,-0.004060680152,0.01160679176,,,,
328,5.658,0.656,baseline — trained fixed gait,0.5,0,0,0,0,0,FL,1,0,-35.94747373,-27.88075031,339.4224143,342.45749,0.03265067954,0.008490533486,-0.005535488108,0.0341876829,,,,
328,5.658,0.656,baseline — trained fixed gait,0.5,0,0,0,0,0,FR,0,0,0,0,0,0,0.8052507963,-0.02500858118,-0.09164714591,0.810835047,,,,
328,5.658,0.656,baseline — trained fixed gait,0.5,0,0,0,0,0,RL,0,0,0,0,0,0,1.245033114,0.07524796346,0.06604577227,1.249052343,,,,
328,5.658,0.656,baseline — trained fixed gait,0.5,0,0,0,0,0,RR,1,0,33.53769698,15.66863562,281.8547773,284.2752166,0.009797199513,-0.004716765118,-0.004153416824,0.01163975355,,,,
329,5.66,0.658,baseline — trained fixed gait,0.5,0,0,0,0,0,FL,1,0,-35.69985306,-27.88837844,338.8399481,341.8548692,0.03284974982,0.008522847306,-0.005332963432,0.03435382786,,,,
329,5.66,0.658,baseline — trained fixed gait,0.5,0,0,0,0,0,FR,0,0,0,0,0,0,0.7761418878,-0.00834975935,-0.1014074224,0.7827831206,,,,
329,5.66,0.658,baseline — trained fixed gait,0.5,0,0,0,0,0,RL,0,0,0,0,0,0,1.236190687,0.07095333765,0.06122775989,1.239738129,,,,
329,5.66,0.658,baseline — trained fixed gait,0.5,0,0,0,0,0,RR,1,0,33.67486444,15.66136617,282.0979011,284.5320732,0.009766068122,-0.004759639868,-0.004167344888,0.01163602259,,,,
330,5.662,0.66,baseline — trained fixed gait,0.5,0,0,0,0,0,FL,1,0,-40.79715617,-30.49032537,352.9815168,356.6370972,0.03295735427,0.008521865489,-0.005050767487,0.03441394549,,,,
330,5.662,0.66,baseline — trained fixed gait,0.5,0,0,0,0,0,FR,0,0,0,0,0,0,0.7499996227,0.007832539514,-0.1060605583,0.7575022275,,,,
330,5.662,0.66,baseline — trained fixed gait,0.5,0,0,0,0,0,RL,0,0,0,0,0,0,1.226656936,0.06640000838,0.05681405563,1.229765846,,,,
330,5.662,0.66,baseline — trained fixed gait,0.5,0,0,0,0,0,RR,1,0,34.21789559,16.03541035,286.6296339,289.1099199,0.009733384445,-0.004791824567,-0.004136382309,0.01161077147,,,,
331,5.664,0.662,baseline — trained fixed gait,0.5,0,0,0,0,0,FL,1,0,-40.65526872,-30.50214396,352.4174516,356.0636065,0.03378004007,0.008837263749,-0.005721462835,0.03538253064,,,,
331,5.664,0.662,baseline — trained fixed gait,0.5,0,0,0,0,0,FR,0,0,0,0,0,0,0.7077574634,0.0235255575,-0.1468802088,0.7232204883,,,,
331,5.664,0.662,baseline — trained fixed gait,0.5,0,0,0,0,0,RL,0,0,0,0,0,0,1.211295317,0.06511609242,0.04058981893,1.213723191,,,,
331,5.664,0.662,baseline — trained fixed gait,0.5,0,0,0,0,0,RR,1,0,34.36760067,16.06915142,286.7796656,289.2782851,0.009680769842,-0.004872754883,-0.004381205634,0.01168999605,,,,
332,5.666,0.664,baseline — trained fixed gait,0.5,0,0,0,0,0,FL,1,0,-40.44587876,-30.5372339,351.7632809,355.3952694,0.03426925698,0.008999126915,-0.005943544244,0.03592620183,,,,
332,5.666,0.664,baseline — trained fixed gait,0.5,0,0,0,0,0,FR,0,0,0,0,0,0,0.6723249051,0.03952706487,-0.1730422725,0.6953609098,,,,
332,5.666,0.664,baseline — trained fixed gait,0.5,0,0,0,0,0,RL,0,0,0,0,0,0,1.19775187,0.06269757924,0.02888905531,1.199739599,,,,
332,5.666,0.664,baseline — trained fixed gait,0.5,0,0,0,0,0,RR,1,0,34.52825687,16.07764449,286.908245,289.4253483,0.009639961545,-0.004932339092,-0.004471973981,0.01171560407,,,,
333,5.668,0.666,baseline — trained fixed gait,0.5,0,0,0,0,0,FL,1,0,-40.19459188,-30.52777763,351.0410389,354.6510417,0.03455258363,0.009075433394,-0.005900320451,0.03620853916,,,,
333,5.668,0.666,baseline — trained fixed gait,0.5,0,0,0,0,0,FR,0,0,0,0,0,0,0.6423192399,0.05550980866,-0.1881231763,0.6715993406,,,,
333,5.668,0.666,baseline — trained fixed gait,0.5,0,0,0,0,0,RL,0,0,0,0,0,0,1.185475799,0.05943030087,0.02071401607,1.187145274,,,,
333,5.668,0.666,baseline — trained fixed gait,0.5,0,0,0,0,0,RR,1,0,34.69799983,16.07040828,287.0163811,289.5524344,0.009606780601,-0.004975185093,-0.004469140453,0.01170537982,,,,
334,5.67,0.668,baseline — trained fixed gait,0.5,0,0,0,0,0,FL,1,0,-39.91948222,-30.51157152,350.2787459,353.8639864,0.03471127853,0.009097754467,-0.005707693582,0.03633482846,,,,
334,5.67,0.668,baseline — trained fixed gait,0.5,0,0,0,0,0,FR,0,0,0,0,0,0,0.6166291604,0.07121079876,-0.1949857907,0.650631968,,,,
334,5.67,0.668,baseline — trained fixed gait,0.5,0,0,0,0,0,RL,0,0,0,0,0,0,1.174035934,0.05552818957,0.01525995769,1.175447413,,,,
334,5.67,0.668,baseline — trained fixed gait,0.5,0,0,0,0,0,RR,1,0,34.87463133,16.04713564,287.1048878,289.6600888,0.009578099267,-0.005005516195,-0.004414123578,0.01167388817,,,,
335,5.672,0.67,baseline — trained fixed gait,0.5,0,0,0,0,0,FL,1,0,-46.64565663,-31.05442575,360.4746061,364.8042438,0.03479367755,0.009088598974,-0.005437104038,0.03636983268,,,,
335,5.672,0.67,baseline — trained fixed gait,0.5,0,0,0,0,0,FR,0,0,0,0,0,0,0.594365567,0.08644166466,-0.1959006074,0.6317591603,,,,
335,5.672,0.67,baseline — trained fixed gait,0.5,0,0,0,0,0,RL,0,0,0,0,0,0,1.163095832,0.05117058903,0.01188077932,1.164281536,,,,
335,5.672,0.67,baseline — trained fixed gait,0.5,0,0,0,0,0,RR,1,0,36.2114869,16.57563904,293.1517044,295.8444615,0.009552414108,-0.005025830594,-0.004334231473,0.0116315584,,,,
336,5.674,0.672,baseline — trained fixed gait,0.5,0,0,0,0,0,FL,1,0,-46.32130439,-31.1186794,359.593889,363.8980632,0.03582072164,0.009418301861,-0.003932660908,0.03724640023,,,,
336,5.674,0.672,baseline — trained fixed gait,0.5,0,0,0,0,0,FR,0,0,0,0,0,0,0.5549465808,0.1011181956,-0.2364892998,0.6116516868,,,,
336,5.674,0.672,baseline — trained fixed gait,0.5,0,0,0,0,0,RL,0,0,0,0,0,0,1.142645601,0.04971952595,-0.009606226381,1.143767145,,,,
336,5.674,0.672,baseline — trained fixed gait,0.5,0,0,0,0,0,RR,1,0,36.4073198,16.61204714,293.094455,295.813814,0.009425536599,-0.005114445687,-0.004660179634,0.01169254331,,,,
337,5.676,0.674,baseline — trained fixed gait,0.5,0,0,0,0,0,FL,1,0,-45.981902,-31.13532869,358.6986495,362.971714,0.03641182995,0.009601664298,-0.002776761579,0.0377587569,,,,
337,5.676,0.674,baseline — trained fixed gait,0.5,0,0,0,0,0,FR,0,0,0,0,0,0,0.523024839,0.1162035094,-0.2608008128,0.5958819529,,,,
337,5.676,0.674,baseline — trained fixed gait,0.5,0,0,0,0,0,RL,0,0,0,0,0,0,1.125928355,0.04675121587,-0.02353662059,1.127144316,,,,
337,5.676,0.674,baseline — trained fixed gait,0.5,0,0,0,0,0,RR,1,0,36.61190947,16.61708728,293.0096597,295.7553384,0.009347169838,-0.005174893813,-0.004786434013,0.01170722258,,,,
338,5.678,0.676,baseline — trained fixed gait,0.5,0,0,0,0,0,FL,1,0,-45.63679222,-31.13262074,357.8007693,362.0405328,0.03673679134,0.009690941245,-0.001879590573,0.03803996636,,,,
338,5.678,0.676,baseline — trained fixed gait,0.5,0,0,0,0,0,FR,0,0,0,0,0,0,0.497056062,0.1313081503,-0.2728912913,0.5820448574,,,,
338,5.678,0.676,baseline — trained fixed gait,0.5,0,0,0,0,0,RL,0,0,0,0,0,0,1.111932827,0.04268291046,-0.03169988603,1.113203183,,,,
338,5.678,0.676,baseline — trained fixed gait,0.5,0,0,0,0,0,RR,1,0,36.82335182,16.5944279,292.8972166,295.6689259,0.009298145334,-0.005213807498,-0.004789991275,0.01168688631,,,,
339,5.68,0.678,baseline — trained fixed gait,0.5,0,0,0,0,0,FL,1,0,-45.29185462,-31.11719121,356.9031826,361.108728,0.03690715224,0.009723970308,-0.001170741569,0.03818460581,,,,
339,5.68,0.678,baseline — trained fixed gait,0.5,0,0,0,0,0,FR,0,0,0,0,0,0,0.4757967953,0.1461433661,-0.275997747,0.5691355113,,,,
339,5.68,0.678,baseline — trained fixed gait,0.5,0,0,0,0,0,RL,0,0,0,0,0,0,1.099861682,0.03784811967,-0.0355259766,1.101085961,,,,
339,5.68,0.678,baseline — trained fixed gait,0.5,0,0,0,0,0,RR,1,0,37.0402055,16.54834257,292.7575596,295.5550933,0.009266032787,-0.005235951452,-0.004724537318,0.01164456114,,,,
340,5.682,0.68,baseline — trained fixed gait,0.5,0,0,0,0,0,FL,1,0,-47.78232435,-32.93847134,367.7630519,372.3140553,0.03698726378,0.009723316953,-0.0006025118984,0.0382487071,,,,
340,5.682,0.68,baseline — trained fixed gait,0.5,0,0,0,0,0,FR,0,0,0,0,0,0,0.4582480562,0.1605001777,-0.2726786479,0.5568709304,,,,
340,5.682,0.68,baseline — trained fixed gait,0.5,0,0,0,0,0,RL,0,0,0,0,0,0,1.089092822,0.03254282424,-0.03615181917,1.090178501,,,,
340,5.682,0.68,baseline — trained fixed gait,0.5,0,0,0,0,0,RR,1,0,37.99962688,16.99659178,297.9006294,300.7950146,0.009243651718,-0.005244895106,-0.004625301712,0.01159083421,,,,
341,5.684,0.682,baseline — trained fixed gait,0.5,0,0,0,0,0,FL,1,0,-47.51886414,-32.93349101,366.8509213,371.3788574,0.03744779662,0.009940188864,-0.0009143333039,0.03875539745,,,,
341,5.684,0.682,baseline — trained fixed gait,0.5,0,0,0,0,0,FR,0,0,0,0,0,0,0.4195205823,0.1734771046,-0.3184651068,0.5545375091,,,,
341,5.684,0.682,baseline — trained fixed gait,0.5,0,0,0,0,0,RL,0,0,0,0,0,0,1.065671418,0.02977915533,-0.06094502222,1.067828012,,,,
341,5.684,0.682,baseline — trained fixed gait,0.5,0,0,0,0,0,RR,1,0,38.22780962,16.99408753,297.6171935,300.5431056,0.009173286591,-0.00531185006,-0.004879652084,0.01166944482,,,,
342,5.686,0.684,baseline — trained fixed gait,0.5,0,0,0,0,0,FL,1,0,-47.22174936,-32.91646985,365.8927304,370.3928695,0.03771262453,0.01004433021,-0.0009510073758,0.03903889129,,,,
342,5.686,0.684,baseline — trained fixed gait,0.5,0,0,0,0,0,FR,0,0,0,0,0,0,0.3896420783,0.1871472356,-0.3447361028,0.5528906018,,,,
342,5.686,0.684,baseline — trained fixed gait,0.5,0,0,0,0,0,RL,0,0,0,0,0,0,1.047491569,0.02533359713,-0.0756806324,1.050527456,,,,
342,5.686,0.684,baseline — trained fixed gait,0.5,0,0,0,0,0,RR,1,0,38.46361509,16.95249762,297.3018392,300.2585893,0.009130588605,-0.005350325726,-0.004959561115,0.01168721011,,,,
343,5.688,0.686,baseline — trained fixed gait,0.5,0,0,0,0,0,FL,1,0,-46.90484688,-32.88392393,364.9042328,369.3731396,0.03785570587,0.01008180646,-0.0008271478537,0.03918394393,,,,
343,5.688,0.686,baseline — trained fixed gait,0.5,0,0,0,0,0,FR,0,0,0,0,0,0,0.3667627958,0.2010511417,-0.3563936184,0.5495024305,,,,
343,5.688,0.686,baseline — trained fixed gait,0.5,0,0,0,0,0,RL,0,0,0,0,0,0,1.033179226,0.01982411125,-0.08283224412,1.03668389,,,,
343,5.688,0.686,baseline — trained fixed gait,0.5,0,0,0,0,0,RR,1,0,38.70484176,16.8824134,296.9549322,299.9421818,0.009105812818,-0.005366382432,-0.004933681429,0.01166426594,,,,
344,5.69,0.688,baseline — trained fixed gait,0.5,0,0,0,0,0,FL,1,0,-46.58181059,-32.80886909,363.8938115,368.3272906,0.03792445091,0.01007932723,-0.0006157889611,0.03924584067,,,,
344,5.69,0.688,baseline — trained fixed gait,0.5,0,0,0,0,0,FR,0,0,0,0,0,0,0.3493867328,0.2148169411,-0.3573475422,0.5439803977,,,,
344,5.69,0.688,baseline — trained fixed gait,0.5,0,0,0,0,0,RL,0,0,0,0,0,0,1.021642828,0.0135583869,-0.08435469849,1.025209058,,,,
344,5.69,0.688,baseline — trained fixed gait,0.5,0,0,0,0,0,RR,1,0,36.90357457,17.36186431,295.9884451,298.7849859,0.009091290168,-0.005365313417,-0.004850175456,0.0116173296,,,,
345,5.692,0.69,baseline — trained fixed gait,0.5,0,0,0,0,0,FL,1,0,-48.04589371,-34.177242,372.6871593,377.3224224,0.03794829108,0.01004780624,-0.0003638720096,0.03925765669,,,,
345,5.692,0.69,baseline — trained fixed gait,0.5,0,0,0,0,0,FR,0,0,0,0,0,0,0.3363271371,0.2281419873,-0.3506889553,0.5367936782,,,,
345,5.692,0.69,baseline — trained fixed gait,0.5,0,0,0,0,0,RL,0,0,0,0,0,0,1.012015801,0.006977114877,-0.08182098028,1.015341979,,,,
345,5.692,0.69,baseline — trained fixed gait,0.5,0,0,0,0,0,RR,1,0,37.71014978,17.35779224,298.2023292,301.0780256,0.009193954216,-0.005610045311,-0.003290129111,0.01126172065,,,,
346,5.694,0.692,baseline — trained fixed gait,0.5,0,0,0,0,0,FL,1,0,-47.76116447,-34.16194028,371.5910485,376.2021721,0.03823798487,0.01018739827,-0.000744067661,0.03957878482,,,,
346,5.694,0.692,baseline — trained fixed gait,0.5,0,0,0,0,0,FR,0,0,0,0,0,0,0.3008360887,0.2402226369,-0.3953646113,0.5518355221,,,,
346,5.694,0.692,baseline — trained fixed gait,0.5,0,0,0,0,0,RL,0,0,0,0,0,0,0.982221149,0.004225909435,-0.1155591141,0.9890046273,,,,
346,5.694,0.692,baseline — trained fixed gait,0.5,0,0,0,0,0,RR,1,0,38.04367399,17.37256631,297.6314657,300.5555133,0.009214229138,-0.005753865118,-0.002407288558,0.01112672551,,,,
347,5.696,0.694,baseline — trained fixed gait,0.5,0,0,0,0,0,FL,1,0,-47.45058594,-34.13175324,370.4576758,375.0405635,0.03839928263,0.01024322472,-0.0008288305833,0.0397506669,,,,
347,5.696,0.694,baseline — trained fixed gait,0.5,0,0,0,0,0,FR,0,0,0,0,0,0,0.2749735094,0.2531248379,-0.4190088664,0.5614722118,,,,
347,5.696,0.694,baseline — trained fixed gait,0.5,0,0,0,0,0,RL,0,0,0,0,0,0,0.9600882059,-0.0006515742992,-0.1351020103,0.9695474929,,,,
347,5.696,0.694,baseline — trained fixed gait,0.5,0,0,0,0,0,RR,1,0,38.35578775,17.32920031,297.0648583,300.0316611,0.009219859294,-0.005835296953,-0.001790979365,0.01105730994,,,,
348,5.698,0.696,baseline — trained fixed gait,0.5,0,0,0,0,0,FL,1,0,-47.12573849,-34.09012034,369.3020028,373.8541705,0.0384804456,0.01024945651,-0.0007389919713,0.03982891112,,,,
348,5.698,0.696,baseline — trained fixed gait,0.5,0,0,0,0,0,FR,0,0,0,0,0,0,0.2566856659,0.2663233791,-0.4270243637,0.5649473255,,,,
348,5.698,0.696,baseline — trained fixed gait,0.5,0,0,0,0,0,RL,0,0,0,0,0,0,0.9436809598,-0.006959328941,-0.1439741123,0.954625964,,,,
348,5.698,0.696,baseline — trained fixed gait,0.5,0,0,0,0,0,RR,1,0,38.65134053,17.23938989,296.4940134,299.4992865,0.009218408484,-0.005872936037,-0.001368477975,0.01101558735,,,,
349,5.7,0.698,baseline — trained fixed gait,0.5,0,0,0,0,0,FL,1,0,-46.79371442,-34.03714037,368.1329467,372.6527137,0.0385114978,0.01022639999,-0.0005528623649,0.03984997335,,,,
349,5.7,0.698,baseline — trained fixed gait,0.5,0,0,0,0,0,FR,0,0,0,0,0,0,0.2443786055,0.2793985615,-0.423737855,0.5633278164,,,,
349,5.7,0.698,baseline — trained fixed gait,0.5,0,0,0,0,0,RL,0,0,0,0,0,0,0.931467476,-0.01416293857,-0.1449756845,0.9427885218,,,,
349,5.7,0.698,baseline — trained fixed gait,0.5,0,0,0,0,0,RR,1,0,38.93523566,17.11543972,295.9115138,298.9523622,0.009214319368,-0.005879039323,-0.001085227363,0.01098382917,,,,
350,5.702,0.7,baseline — trained fixed gait,0.5,0,0,0,0,0,FL,1,0,-47.62274366,-34.75712866,373.6207388,378.2438898,0.03851088782,0.01018572291,-0.0003205450058,0.03983641778,,,,
350,5.702,0.7,baseline — trained fixed gait,0.5,0,0,0,0,0,FR,0,0,0,0,0,0,0.2366437645,0.2920831269,-0.4124716491,0.5580731902,,,,
350,5.702,0.7,baseline — trained fixed gait,0.5,0,0,0,0,0,RL,0,0,0,0,0,0,0.922240419,-0.02184818175,-0.1403143056,0.9331092315,,,,
350,5.702,0.7,baseline — trained fixed gait,0.5,0,0,0,0,0,RR,1,0,38.98399161,16.93929742,297.7771256,300.7954586,0.009209993026,-0.005862492763,-0.0009006659434,0.01095463336,,,,
351,5.704,0.702,baseline — trained fixed gait,0.5,0,0,0,0,0,FL,1,0,-47.30663319,-34.74949801,372.3385702,376.936939,0.03868820978,0.01023814916,-0.0005093012613,0.04002320155,,,,
351,5.704,0.702,baseline — trained fixed gait,0.5,0,0,0,0,0,FR,0,0,0,0,0,0,0.199014648,0.3019640226,-0.4668109202,0.5905095564,,,,
351,5.704,0.702,baseline — trained fixed gait,0.5,0,0,0,0,0,RL,0,0,0,0,0,0,0.8900003898,-0.0265314421,-0.1765764188,0.9077355578,,,,
351,5.704,0.702,baseline — trained fixed gait,0.5,0,0,0,0,0,RR,1,0,39.26033358,16.86961626,297.0679001,300.1254655,0.009262315269,-0.005830359161,-0.00095183412,0.01098588004,,,,
352,5.706,0.704,baseline — trained fixed gait,0.5,0,0,0,0,0,FL,1,0,-46.97810187,-34.72549797,371.0448511,375.6156064,0.03877574888,0.01024356274,-0.0004964451085,0.04010904806,,,,
352,5.706,0.704,baseline — trained fixed gait,0.5,0,0,0,0,0,FR,0,0,0,0,0,0,0.1731347382,0.3130739006,-0.4954647625,0.6111270209,,,,
352,5.706,0.704,baseline — trained fixed gait,0.5,0,0,0,0,0,RL,0,0,0,0,0,0,0.866841733,-0.03342252243,-0.1962165846,0.8894001367,,,,
352,5.706,0.704,baseline — trained fixed gait,0.5,0,0,0,0,0,RR,1,0,39.53405432,16.7525859,296.3411098,299.4355422,0.009290422825,-0.005797277645,-0.0009709992239,0.01099378114,,,,
353,5.708,0.706,baseline — trained fixed gait,0.5,0,0,0,0,0,FL,1,0,-46.64425201,-34.68795297,369.7473874,374.2887533,0.03880914645,0.01022122799,-0.0003668642457,0.04013424895,,,,
353,5.708,0.706,baseline — trained fixed gait,0.5,0,0,0,0,0,FR,0,0,0,0,0,0,0.156462179,0.3247683474,-0.505047687,0.6205062925,,,,
353,5.708,0.706,baseline — trained fixed gait,0.5,0,0,0,0,0,RL,0,0,0,0,0,0,0.8504884214,-0.04173524067,-0.2034577661,0.8754812664,,,,
353,5.708,0.706,baseline — trained fixed gait,0.5,0,0,0,0,0,RR,1,0,39.80445508,16.59583684,295.5925797,298.7219269,0.009306839572,-0.005756745685,-0.0009700639271,0.01098628271,,,,
354,5.71,0.708,baseline — trained fixed gait,0.5,0,0,0,0,0,FL,1,0,-46.3092475,-34.63660715,368.4512008,372.9618322,0.03880836764,0.01018207582,-0.0001776603502,0.04012225853,,,,
354,5.71,0.708,baseline — trained fixed gait,0.5,0,0,0,0,0,FR,0,0,0,0,0,0,0.1470055322,0.3365376616,-0.5008468802,0.6210602399,,,,
354,5.71,0.708,baseline — trained fixed gait,0.5,0,0,0,0,0,RL,0,0,0,0,0,0,0.8391376231,-0.05086910059,-0.2016443882,0.8645230333,,,,
354,5.71,0.708,baseline — trained fixed gait,0.5,0,0,0,0,0,RR,1,0,40.07230258,16.40934948,294.8190445,297.9820887,0.009317315406,-0.00570647273,-0.0009589684753,0.01096794502,,,,
355,5.712,0.71,baseline — trained fixed gait,0.5,0,0,0,0,0,FL,1,0,-46.47756149,-34.6175266,369.8481058,374.3609999,0.03878569787,0.01013230905,3.531675966e-05,0.0400873458,,,,
355,5.712,0.71,baseline — trained fixed gait,0.5,0,0,0,0,0,FR,0,0,0,0,0,0,0.1430335849,0.3480466181,-0.4869346986,0.6153864277,,,,
355,5.712,0.71,baseline — trained fixed gait,0.5,0,0,0,0,0,RL,0,0,0,0,0,0,0.8313666958,-0.06036282256,-0.1934026076,0.8556978567,,,,
355,5.712,0.71,baseline — trained fixed gait,0.5,0,0,0,0,0,RR,1,0,39.49841501,15.85136167,295.443876,298.4936755,0.009324715919,-0.00564689347,-0.0009439957837,0.0109420684,,,,
356,5.714,0.712,baseline — trained fixed gait,0.5,0,0,0,0,0,FL,1,0,-46.12888508,-34.61559637,368.4207557,372.9074507,0.03883679665,0.01008614876,7.373474519e-05,0.04012521162,,,,
356,5.714,0.712,baseline — trained fixed gait,0.5,0,0,0,0,0,FR,0,0,0,0,0,0,0.1043745692,0.3565703967,-0.5484624583,0.6624557092,,,,
356,5.714,0.712,baseline — trained fixed gait,0.5,0,0,0,0,0,RL,0,0,0,0,0,0,0.7941555708,-0.06678165687,-0.2374511758,0.8315803757,,,,
356,5.714,0.712,baseline — trained fixed gait,0.5,0,0,0,0,0,RR,1,0,39.77347585,15.75099891,294.4939186,297.5847634,0.00947089134,-0.005536344478,-0.001026086481,0.01101824607,,,,
357,5.716,0.714,baseline — trained fixed gait,0.5,0,0,0,0,0,FL,1,0,-45.78418769,-34.59647554,367.0140108,371.4732724,0.0388411444,0.01003545983,0.0001893643493,0.04011708877,,,,
357,5.716,0.714,baseline — trained fixed gait,0.5,0,0,0,0,0,FR,0,0,0,0,0,0,0.07966402199,0.366647882,-0.5799033496,0.690698864,,,,
357,5.716,0.714,baseline — trained fixed gait,0.5,0,0,0,0,0,RL,0,0,0,0,0,0,0.7682244943,-0.07573901743,-0.2610030339,0.8148790438,,,,
357,5.716,0.714,baseline — trained fixed gait,0.5,0,0,0,0,0,RR,1,0,40.04788938,15.59964224,293.5233502,296.6532308,0.009560239362,-0.005449922241,-0.001058011075,0.01105528003,,,,
358,5.718,0.716,baseline — trained fixed gait,0.5,0,0,0,0,0,FL,1,0,-45.44513884,-34.56198047,365.6295206,370.0604511,0.03881703322,0.009981278608,0.0003415968178,0.04008122602,,,,
358,5.718,0.716,baseline — trained fixed gait,0.5,0,0,0,0,0,FR,0,0,0,0,0,0,0.06582252674,0.3775259824,-0.5891089127,0.7027857308,,,,
358,5.718,0.716,baseline — trained fixed gait,0.5,0,0,0,0,0,RL,0,0,0,0,0,0,0.7507892258,-0.08629355241,-0.2693087532,0.8022831441,,,,
358,5.718,0.716,baseline — trained fixed gait,0.5,0,0,0,0,0,RR,1,0,40.31983827,15.40554474,292.5310499,295.6982167,0.009613335874,-0.005371058383,-0.001062821544,0.011063186,,,,
359,5.72,0.718,baseline — trained fixed gait,0.5,0,0,0,0,0,FL,1,0,-45.11216835,-34.51196941,364.2660052,368.6677452,0.03877597012,0.009924567458,0.0005055153631,0.04002909496,,,,
359,5.72,0.718,baseline — trained fixed gait,0.5,0,0,0,0,0,FR,0,0,0,0,0,0,0.06042192391,0.3886146398,-0.5823338079,0.7026982361,,,,
359,5.72,0.718,baseline — trained fixed gait,0.5,0,0,0,0,0,RL,0,0,0,0,0,0,0.7396407574,-0.09772775623,-0.2665216194,0.7922455036,,,,
359,5.72,0.718,baseline — trained fixed gait,0.5,0,0,0,0,0,RR,1,0,40.58930999,15.17942396,291.5144026,294.717753,0.009645706612,-0.005291129389,-0.001052950436,0.01105189626,,,,
360,5.722,0.72,baseline — trained fixed gait,0.5,0,0,0,0,0,FL,1,0,-44.21371774,-33.6398319,361.1052927,365.3539702,0.03872331138,0.009865273042,0.0006647529379,0.03996573974,,,,
360,5.722,0.72,baseline — trained fixed gait,0.5,0,0,0,0,0,FR,0,0,0,0,0,0,0.06137817157,0.3995193014,-0.5643937334,0.6942069133,,,,
360,5.722,0.72,baseline — trained fixed gait,0.5,0,0,0,0,0,RL,0,0,0,0,0,0,0.7330318095,-0.1094934478,-0.255897287,0.7840968501,,,,
360,5.722,0.72,baseline — trained fixed gait,0.5,0,0,0,0,0,RR,1,0,39.90795464,14.29642876,290.3661864,293.4442961,0.009667476379,-0.005206761927,-0.001035844209,0.01102920861,,,,
361,5.724,0.722,baseline — trained fixed gait,0.5,0,0,0,0,0,FL,1,0,-43.83665916,-33.63923509,359.5976695,363.8182715,0.03858806645,0.009706464858,0.000929686507,0.03980098805,,,,
361,5.724,0.722,baseline — trained fixed gait,0.5,0,0,0,0,0,FR,0,0,0,0,0,0,0.02508307295,0.4071748009,-0.6237394525,0.7452995261,,,,
361,5.724,0.722,baseline — trained fixed gait,0.5,0,0,0,0,0,RL,0,0,0,0,0,0,0.6916727886,-0.1173275174,-0.3052723744,0.7650935991,,,,
361,5.724,0.722,baseline — trained fixed gait,0.5,0,0,0,0,0,RR,1,0,40.18856028,14.17949759,289.1801458,292.3034985,0.009828920653,-0.005039874133,-0.001011371246,0.01109192879,,,,
362,5.726,0.724,baseline — trained fixed gait,0.5,0,0,0,0,0,FL,1,0,-45.9742478,-34.25599298,357.4227076,361.9918458,0.03847206186,0.009591890632,0.001131396149,0.03966590433,,,,
362,5.726,0.724,baseline — trained fixed gait,0.5,0,0,0,0,0,FR,0,0,0,0,0,0,0.003994624872,0.416424818,-0.6514175355,0.7731561238,,,,
362,5.726,0.724,baseline — trained fixed gait,0.5,0,0,0,0,0,RL,0,0,0,0,0,0,0.6635493007,-0.1279487961,-0.3308537513,0.7524179514,,,,
362,5.726,0.724,baseline — trained fixed gait,0.5,0,0,0,0,0,RR,1,0,40.45751444,13.96507826,287.9797236,291.1428431,0.009926505584,-0.004917487407,-0.0009849468867,0.01112147993,,,,
363,5.728,0.726,baseline — trained fixed gait,0.5,0,0,0,0,0,FL,1,0,-45.51253493,-34.3009835,355.8946203,360.4288128,0.03849533213,0.009814087915,0.002791116317,0.03982458095,,,,
363,5.728,0.726,baseline — trained fixed gait,0.5,0,0,0,0,0,FR,0,0,0,0,0,0,-0.005339914315,0.4263013025,-0.6559451129,0.7823204627,,,,
363,5.728,0.726,baseline — trained fixed gait,0.5,0,0,0,0,0,RL,0,0,0,0,0,0,0.6454331966,-0.1402584901,-0.3388206934,0.7423314069,,,,
363,5.728,0.726,baseline — trained fixed gait,0.5,0,0,0,0,0,RR,1,0,40.72930803,13.75600493,286.7581335,289.9626378,0.00998390386,-0.004809724267,-0.0009645205297,0.01112394191,,,,
364,5.73,0.728,baseline — trained fixed gait,0.5,0,0,0,0,0,FL,1,0,-45.10193792,-34.30566356,354.4714986,358.9722924,0.03846094545,0.009931400419,0.003858569292,0.0399094675,,,,
364,5.73,0.728,baseline — trained fixed gait,0.5,0,0,0,0,0,FR,0,0,0,0,0,0,-0.005713555366,0.4364059437,-0.6439920885,0.7779515425,,,,
364,5.73,0.728,baseline — trained fixed gait,0.5,0,0,0,0,0,RL,0,0,0,0,0,0,0.6347352011,-0.1534860135,-0.3340435714,0.7335065368,,,,
364,5.73,0.728,baseline — trained fixed gait,0.5,0,0,0,0,0,RR,1,0,40.99415556,13.50810002,285.5205807,288.7645954,0.01001697225,-0.004711200617,-0.0009502091007,0.0111102674,,,,
365,5.732,0.73,baseline — trained fixed gait,0.5,0,0,0,0,0,FL,1,0,-44.17607348,-32.83771399,347.7377438,352.0672939,0.0383921279,0.009981298844,0.00452549664,0.03992570514,,,,
365,5.732,0.73,baseline — trained fixed gait,0.5,0,0,0,0,0,FR,0,0,0,0,0,0,0.0006841602129,0.4462782924,-0.6208016872,0.7645649202,,,,
365,5.732,0.73,baseline — trained fixed gait,0.5,0,0,0,0,0,RL,0,0,0,0,0,0,0.6294162273,-0.167013469,-0.3203383176,0.7257237241,,,,
365,5.732,0.73,baseline — trained fixed gait,0.5,0,0,0,0,0,RR,1,0,39.2291108,12.25947246,282.3821271,285.3574661,0.01003595647,-0.004613744586,-0.0009429536549,0.01108585689,,,,
366,5.734,0.732,baseline — trained fixed gait,0.5,0,0,0,0,0,FL,1,0,-43.7495481,-32.87157355,346.2697889,350.5671548,0.03821312643,0.009809855951,0.005276970758,0.03980355167,,,,
366,5.734,0.732,baseline — trained fixed gait,0.5,0,0,0,0,0,FR,0,0,0,0,0,0,-0.03379346248,0.4524956834,-0.6797676498,0.8172994551,,,,
366,5.734,0.732,baseline — trained fixed gait,0.5,0,0,0,0,0,RL,0,0,0,0,0,0,0.5883703609,-0.1770618442,-0.3669165939,0.7156524053,,,,
366,5.734,0.732,baseline — trained fixed gait,0.5,0,0,0,0,0,RR,1,0,39.49716583,12.11867325,280.9790879,284.0002397,0.01032894629,-0.004390014188,-0.0008170257871,0.01125286129,,,,
367,5.736,0.734,baseline — trained fixed gait,0.5,0,0,0,0,0,FL,1,0,-43.36763358,-32.88378669,344.910825,349.1784247,0.03805475402,0.009695035228,0.005697355345,0.03968145498,,,,
367,5.736,0.734,baseline — trained fixed gait,0.5,0,0,0,0,0,FR,0,0,0,0,0,0,-0.05170410862,0.460335228,-0.7054825053,0.8439712094,,,,
367,5.736,0.734,baseline — trained fixed gait,0.5,0,0,0,0,0,RL,0,0,0,0,0,0,0.5612018869,-0.1897740542,-0.3889794347,0.708707803,,,,
367,5.736,0.734,baseline — trained fixed gait,0.5,0,0,0,0,0,RR,1,0,39.75974157,11.92254758,279.5728532,282.6375142,0.01049912247,-0.004232032103,-0.0007507508308,0.01134483561,,,,
368,5.738,0.736,baseline — trained fixed gait,0.5,0,0,0,0,0,FL,1,0,-43.01763935,-32.8764881,343.6402879,347.87933,0.03791143853,0.009611254701,0.005898249556,0.039553037,,,,
368,5.738,0.736,baseline — trained fixed gait,0.5,0,0,0,0,0,FR,0,0,0,0,0,0,-0.05690534514,0.4689853825,-0.7070528088,0.8503582666,,,,
368,5.738,0.736,baseline — trained fixed gait,0.5,0,0,0,0,0,RL,0,0,0,0,0,0,0.5444960608,-0.2040457808,-0.3930591318,0.7018590471,,,,
368,5.738,0.736,baseline — trained fixed gait,0.5,0,0,0,0,0,RR,1,0,40.01499891,11.68133816,278.1609692,281.2670948,0.01059474694,-0.004105777035,-0.0007283934831,0.01138580804,,,,
369,5.74,0.738,baseline — trained fixed gait,0.5,0,0,0,0,0,FL,1,0,-42.69044962,-32.85235433,342.4428262,346.6537767,0.03777871434,0.009543959552,0.005954940381,0.03941801284,,,,
369,5.74,0.738,baseline — trained fixed gait,0.5,0,0,0,0,0,FR,0,0,0,0,0,0,-0.05251402909,0.4778446969,-0.6916189582,0.8422767128,,,,
369,5.74,0.738,baseline — trained fixed gait,0.5,0,0,0,0,0,RL,0,0,0,0,0,0,0.5355406663,-0.2190395304,-0.3842879218,0.6945929225,,,,
369,5.74,0.738,baseline — trained fixed gait,0.5,0,0,0,0,0,RR,1,0,40.2622096,11.40441112,276.7401209,279.8860493,0.01064670842,-0.003992903813,-0.0007363262216,0.0113946416,,,,
370,5.742,0.74,baseline — trained fixed gait,0.5,0,0,0,0,0,FL,1,0,-41.76846014,-31.65634209,337.8597454,341.9004765,0.03765246636,0.009484825816,0.005917795635,0.03927709827,,,,
370,5.742,0.74,baseline — trained fixed gait,0.5,0,0,0,0,0,FR,0,0,0,0,0,0,-0.04104398792,0.486474678,-0.6647119806,0.8247328285,,,,
370,5.742,0.74,baseline — trained fixed gait,0.5,0,0,0,0,0,RL,0,0,0,0,0,0,0.5321888428,-0.2341288938,-0.3666561291,0.6873703662,,,,
370,5.742,0.74,baseline — trained fixed gait,0.5,0,0,0,0,0,RR,1,0,37.380219,9.9978594,272.7286941,275.45994,0.01067279991,-0.003884394545,-0.0007649811455,0.01138342546,,,,
371,5.744,0.742,baseline — trained fixed gait,0.5,0,0,0,0,0,FL,1,0,-41.40025155,-31.70581496,336.5642923,340.5800382,0.03744227685,0.009284825811,0.00604649003,0.03904730628,,,,
371,5.744,0.742,baseline — trained fixed gait,0.5,0,0,0,0,0,FR,0,0,0,0,0,0,-0.07370143727,0.4920645341,-0.7229162546,0.8775917723,,,,
371,5.744,0.742,baseline — trained fixed gait,0.5,0,0,0,0,0,RL,0,0,0,0,0,0,0.4887371084,-0.2464091742,-0.4147482458,0.6867296045,,,,
371,5.744,0.742,baseline — trained fixed gait,0.5,0,0,0,0,0,RR,1,0,37.61744871,9.828087385,271.1598123,273.9330348,0.0111097563,-0.003633854792,-0.0006344737981,0.01170615832,,,,
372,5.746,0.744,baseline — trained fixed gait,0.5,0,0,0,0,0,FL,1,0,-41.06229298,-31.73830901,335.3684232,339.3602974,0.0372620795,0.009155775325,0.006046124165,0.0388438722,,,,
372,5.746,0.744,baseline — trained fixed gait,0.5,0,0,0,0,0,FR,0,0,0,0,0,0,-0.08853542905,0.4992812094,-0.7467908607,0.9026720545,,,,
372,5.746,0.744,baseline — trained fixed gait,0.5,0,0,0,0,0,RL,0,0,0,0,0,0,0.4603328572,-0.2612793157,-0.4368019189,0.6862719115,,,,
372,5.746,0.744,baseline — trained fixed gait,0.5,0,0,0,0,0,RR,1,0,37.8516685,9.602679916,269.5935799,272.4071559,0.01136115044,-0.003456305682,-0.000588479002,0.01188983161,,,,
373,5.748,0.746,baseline — trained fixed gait,0.5,0,0,0,0,0,FL,1,0,-40.74601967,-31.75443362,334.2573021,338.2255552,0.0371007068,0.009066963646,0.005961658028,0.03865505971,,,,
373,5.748,0.746,baseline — trained fixed gait,0.5,0,0,0,0,0,FR,0,0,0,0,0,0,-0.08981013975,0.5073030165,-0.7459256513,0.9065469039,,,,
373,5.748,0.746,baseline — trained fixed gait,0.5,0,0,0,0,0,RL,0,0,0,0,0,0,0.4432894018,-0.2775858921,-0.4398429254,0.6833895085,,,,
373,5.748,0.746,baseline — trained fixed gait,0.5,0,0,0,0,0,RR,1,0,38.07951189,9.33248746,268.0287615,270.8810837,0.01149959632,-0.003315208663,-0.0006011615564,0.01198301795,,,,
374,5.75,0.748,baseline — trained fixed gait,0.5,0,0,0,0,0,FL,1,0,-40.44504172,-31.75583718,333.2194519,337.1638144,0.03695045297,0.00900039383,0.005823443115,0.03847408938,,,,
374,5.75,0.748,baseline — trained fixed gait,0.5,0,0,0,0,0,FR,0,0,0,0,0,0,-0.08095942575,0.5155251682,-0.727802467,0.8955540512,,,,
374,5.75,0.748,baseline — trained fixed gait,0.5,0,0,0,0,0,RL,0,0,0,0,0,0,0.4346785878,-0.2944590039,-0.4293752021,0.6782437938,,,,
374,5.75,0.748,baseline — trained fixed gait,0.5,0,0,0,0,0,RR,1,0,38.29938877,9.027378636,266.4625846,269.3522708,0.01157147312,-0.00319056909,-0.0006514848146,0.01202094646,,,,
375,5.752,0.75,baseline — trained fixed gait,0.5,0,0,0,0,0,FL,1,0,-40.34187937,-29.49835013,322.9515402,326.7955281,0.03680607709,0.00894569865,0.005651990313,0.03829696894,,,,
375,5.752,0.75,baseline — trained fixed gait,0.5,0,0,0,0,0,FR,0,0,0,0,0,0,-0.06474173526,0.523510115,-0.6981849789,0.8750523399,,,,
375,5.752,0.75,baseline — trained fixed gait,0.5,0,0,0,0,0,RL,0,0,0,0,0,0,0.4321823923,-0.3112524747,-0.4096639103,0.6719257716,,,,
375,5.752,0.75,baseline — trained fixed gait,0.5,0,0,0,0,0,RR,1,0,31.33988477,5.55075909,256.721524,258.686954,0.01160418218,-0.003072370221,-0.0007247759617,0.01202588055,,,,
376,5.754,0.752,baseline — trained fixed gait,0.5,0,0,0,0,0,FL,1,0,-39.96418638,-29.61866111,321.8066227,325.6284749,0.03664495398,0.008614344057,0.006066454303,0.03812953505,,,,
376,5.754,0.752,baseline — trained fixed gait,0.5,0,0,0,0,0,FR,0,0,0,0,0,0,-0.09840523236,0.5268202367,-0.7593773933,0.9294499325,,,,
376,5.754,0.752,baseline — trained fixed gait,0.5,0,0,0,0,0,RL,0,0,0,0,0,0,0.3866527031,-0.3245341864,-0.4602547274,0.6831230966,,,,
376,5.754,0.752,baseline — trained fixed gait,0.5,0,0,0,0,0,RR,1,0,31.7187214,5.431397488,254.8957253,256.9190692,0.01256086954,-0.002755417686,0.002081372894,0.01302689078,,,,
377,5.756,0.754,baseline — trained fixed gait,0.5,0,0,0,0,0,FL,1,0,-60.58382933,-29.97565334,367.6592922,373.8212077,0.03647600266,0.008419645773,0.006202676146,0.03794551879,,,,
377,5.756,0.754,baseline — trained fixed gait,0.5,0,0,0,0,0,FR,0,0,0,0,0,0,-0.1124715424,0.5318964021,-0.7843571267,0.9543478048,,,,
377,5.756,0.754,baseline — trained fixed gait,0.5,0,0,0,0,0,RL,0,0,0,0,0,0,0.3575392659,-0.3404186894,-0.4830126207,0.6906666362,,,,
377,5.756,0.754,baseline — trained fixed gait,0.5,0,0,0,0,0,RR,1,0,32.03456145,5.460581168,253.2971842,255.3732456,0.01310019766,-0.002544264845,0.003813019133,0.01387903373,,,,
378,5.758,0.756,baseline — trained fixed gait,0.5,0,0,0,0,0,FL,1,0,-59.84345332,-31.60271143,365.1435066,371.362021,0.03930343144,0.008295397265,0.00308887307,0.0402878949,,,,
378,5.758,0.756,baseline — trained fixed gait,0.5,0,0,0,0,0,FR,0,0,0,0,0,0,-0.1117642271,0.5367785532,-0.7837281772,0.9564791234,,,,
378,5.758,0.756,baseline — trained fixed gait,0.5,0,0,0,0,0,RL,0,0,0,0,0,0,0.3417586757,-0.363165697,-0.4846511727,0.6953956249,,,,
378,5.758,0.756,baseline — trained fixed gait,0.5,0,0,0,0,0,RR,1,0,32.31380934,4.742323895,251.6857398,253.7959487,0.0133125539,-0.00245623075,0.004788082155,0.01435907001,,,,
379,5.76,0.758,baseline — trained fixed gait,0.5,0,0,0,0,0,FL,1,0,-59.27162926,-33.10602792,363.2658107,369.5553874,0.04082698365,0.008414467429,0.001389580395,0.04170823408,,,,
379,5.76,0.758,baseline — trained fixed gait,0.5,0,0,0,0,0,FR,0,0,0,0,0,0,-0.1001719152,0.5433751898,-0.7650919549,0.9437461041,,,,
379,5.76,0.758,baseline — trained fixed gait,0.5,0,0,0,0,0,RL,0,0,0,0,0,0,0.3354948766,-0.3847394255,-0.4711521475,0.6946694061,,,,
379,5.76,0.758,baseline — trained fixed gait,0.5,0,0,0,0,0,RR,1,0,32.55986211,4.062702544,250.0907779,252.2341123,0.01340109756,-0.002315464998,0.005265239537,0.01458333094,,,,
380,5.762,0.76,baseline — trained fixed gait,0.5,0,0,0,0,0,FL,1,0,-57.5472096,-39.02141489,346.3618814,353.2717156,0.04160173285,0.008655271975,0.0005318141063,0.0424958908,,,,
380,5.762,0.76,baseline — trained fixed gait,0.5,0,0,0,0,0,FR,1,1,-87.11968521,-86.99747426,197.1908426,232.4707046,-0.08073228288,0.5509297296,-0.7345076798,0.921706461,-0.1001719152,0.5433751898,-0.7650919549,0.9437461041
380,5.762,0.76,baseline — trained fixed gait,0.5,0,0,0,0,0,RL,0,0,0,0,0,0,0.3360866207,-0.404838686,-0.4473867465,0.6906543848,,,,
380,5.762,0.76,baseline — trained fixed gait,0.5,0,0,0,0,0,RR,1,0,27.88195412,0.2605145538,239.7168376,241.3330343,0.01342174755,-0.002150441427,0.005419482412,0.01463347174,,,,
381,5.764,0.762,baseline — trained fixed gait,0.5,0,0,0,0,0,FL,1,0,-59.41355889,-35.78038059,350.5086705,357.3045406,0.04150912937,0.00952944642,0.001162069976,0.04260479524,,,,
381,5.764,0.762,baseline — trained fixed gait,0.5,0,0,0,0,0,FR,1,0,-67.32363053,-52.30475526,170.9117651,190.9950002,-0.02792839906,0.3342537075,-0.4124833916,0.5316465788,,,,
381,5.764,0.762,baseline — trained fixed gait,0.5,0,0,0,0,0,RL,0,0,0,0,0,0,0.2895659407,-0.424695611,-0.492790121,0.7120792788,,,,
381,5.764,0.762,baseline — trained fixed gait,0.5,0,0,0,0,0,RR,1,0,28.03042379,-0.3072027466,237.8082539,239.4547236,0.01417603744,-0.001505131725,0.005995712692,0.01546525233,,,,
382,5.766,0.764,baseline — trained fixed gait,0.5,0,0,0,0,0,FL,1,0,-61.08047073,-33.18003327,353.8489407,360.6117183,0.04172629001,0.009665905858,0.001265394673,0.04284990359,,,,
382,5.766,0.764,baseline — trained fixed gait,0.5,0,0,0,0,0,FR,1,0,-52.77313818,-29.53266448,153.4050168,164.894759,-0.003164376946,0.2000927263,-0.2113611445,0.291068112,,,,
382,5.766,0.764,baseline — trained fixed gait,0.5,0,0,0,0,0,RL,0,0,0,0,0,0,0.2601073185,-0.4427289787,-0.5103446948,0.7239588892,,,,
382,5.766,0.764,baseline — trained fixed gait,0.5,0,0,0,0,0,RR,1,0,28.15483511,-0.6377070775,235.963144,237.6377637,0.01460330184,-0.001074967065,0.006162156638,0.01588660295,,,,
383,5.768,0.766,baseline — trained fixed gait,0.5,0,0,0,0,0,FL,1,0,-62.36386898,-31.45779885,356.1148597,362.9003149,0.04210666295,0.009415195734,0.001118336876,0.04316095055,,,,
383,5.768,0.766,baseline — trained fixed gait,0.5,0,0,0,0,0,FR,1,0,-42.67313596,-15.53510837,141.4340835,148.546074,0.009394779508,0.1190341173,-0.08545888534,0.1468352957,,,,
383,5.768,0.766,baseline — trained fixed gait,0.5,0,0,0,0,0,RL,0,0,0,0,0,0,0.2434242568,-0.4597692071,-0.5081627666,0.7272361996,,,,
383,5.768,0.766,baseline — trained fixed gait,0.5,0,0,0,0,0,RR,1,0,28.25471448,-0.8770255028,234.1551118,235.8552828,0.01483895398,-0.000787702475,0.006078614012,0.01605504839,,,,
384,5.77,0.768,baseline — trained fixed gait,0.5,0,0,0,0,0,FL,1,0,-63.37660564,-30.26967225,357.6227265,364.454197,0.04252692645,0.009039875443,0.0009028848783,0.04348648092,,,,
384,5.77,0.768,baseline — trained fixed gait,0.5,0,0,0,0,0,FR,1,0,-35.72640982,-6.910057731,133.2312007,138.1111078,0.01558722779,0.07011475576,-0.008481477654,0.07232548727,,,,
384,5.77,0.768,baseline — trained fixed gait,0.5,0,0,0,0,0,RL,0,0,0,0,0,0,0.2361655661,-0.476119847,-0.4924052052,0.7245185777,,,,
384,5.77,0.768,baseline — trained fixed gait,0.5,0,0,0,0,0,RR,1,0,28.33551817,-1.073965881,232.3655811,234.0893383,0.0149584705,-0.0005900949112,0.005845802794,0.0160710131,,,,
385,5.772,0.77,baseline — trained fixed gait,0.5,0,0,0,0,0,FL,1,0,-58.09966471,-27.97136175,349.5328104,355.4309408,0.04293101482,0.008658115894,0.0007051640471,0.04380105319,,,,
385,5.772,0.77,baseline — trained fixed gait,0.5,0,0,0,0,0,FR,1,0,-35.34435475,8.448088988,200.8061616,204.0679008,0.01857059877,0.04061577145,0.03674842525,0.05783558409,,,,
385,5.772,0.77,baseline — trained fixed gait,0.5,0,0,0,0,0,RL,0,0,0,0,0,0,0.2357191393,-0.4918377262,-0.4677173983,0.7184896841,,,,
385,5.772,0.77,baseline — trained fixed gait,0.5,0,0,0,0,0,RR,1,0,21.93199668,3.403457,233.1936661,234.2474801,0.01500732547,-0.0004489671276,0.005533209561,0.01600118113,,,,
386,5.774,0.772,baseline — trained fixed gait,0.5,0,0,0,0,0,FL,1,0,-58.56529529,-26.84890926,348.7537977,354.6547182,0.04265557075,0.008133051516,0.001186642884,0.04344021598,,,,
386,5.774,0.772,baseline — trained fixed gait,0.5,0,0,0,0,0,FR,1,0,-32.53393765,11.72498767,196.7329775,199.7493351,0.02111244832,0.02162506639,0.05648865158,0.06406517563,,,,
386,5.774,0.772,baseline — trained fixed gait,0.5,0,0,0,0,0,RL,0,0,0,0,0,0,0.1783968629,-0.5168877735,-0.5154888368,0.7514833012,,,,
386,5.774,0.772,baseline — trained fixed gait,0.5,0,0,0,0,0,RR,1,0,21.86278466,3.508920501,231.4612575,232.5179727,0.01596257004,-0.000967619072,0.004981839939,0.01674988531,,,,
387,5.776,0.774,baseline — trained fixed gait,0.5,0,0,0,0,0,FL,1,0,-58.97835027,-25.80190116,347.6822799,353.5917867,0.04263765309,0.007678443533,0.001542290496,0.04335097019,,,,
387,5.776,0.774,baseline — trained fixed gait,0.5,0,0,0,0,0,FR,1,0,-30.5696792,13.74515037,193.5537411,196.4344296,0.02264615667,0.01026511149,0.06548667776,0.07004802559,,,,
387,5.776,0.774,baseline — trained fixed gait,0.5,0,0,0,0,0,RL,0,0,0,0,0,0,0.1387408608,-0.543737327,-0.5367983987,0.7765641172,,,,
387,5.776,0.774,baseline — trained fixed gait,0.5,0,0,0,0,0,RR,1,0,21.81321902,3.540546004,229.7151599,230.7756631,0.01651823369,-0.001257081197,0.004517860729,0.01717100355,,,,
388,5.778,0.776,baseline — trained fixed gait,0.5,0,0,0,0,0,FL,1,0,-59.3193807,-24.80929874,346.3000399,352.2186932,0.04276423186,0.007278584023,0.001829687801,0.04341779669,,,,
388,5.778,0.776,baseline — trained fixed gait,0.5,0,0,0,0,0,FR,1,0,-29.18897923,14.99651368,190.9469788,193.7463306,0.0237040088,0.003498167659,0.06781721456,0.07192559906,,,,
388,5.778,0.776,baseline — trained fixed gait,0.5,0,0,0,0,0,RL,0,0,0,0,0,0,0.1126251519,-0.5714752375,-0.5390732918,0.7936424799,,,,
388,5.778,0.776,baseline — trained fixed gait,0.5,0,0,0,0,0,RR,1,0,21.77145454,3.511986163,227.9612973,229.0255081,0.01683197754,-0.001406134478,0.004128324924,0.0173878046,,,,
389,5.78,0.778,baseline — trained fixed gait,0.5,0,0,0,0,0,FL,1,0,-59.56940171,-23.83066548,344.579595,350.5017996,0.0429611294,0.006919169079,0.002084150078,0.04356463269,,,,
389,5.78,0.778,baseline — trained fixed gait,0.5,0,0,0,0,0,FR,1,0,-28.19815898,15.76706779,188.6195483,191.3663257,0.02451958214,-0.0005016460536,0.06610910228,0.07051152361,,,,
389,5.78,0.778,baseline — trained fixed gait,0.5,0,0,0,0,0,RL,0,0,0,0,0,0,0.09678953613,-0.5993831344,-0.528049745,0.8046520299,,,,
389,5.78,0.778,baseline — trained fixed gait,0.5,0,0,0,0,0,RR,1,0,21.73050119,3.436852582,226.2016495,227.2690319,0.0170024281,-0.001467726512,0.003803894209,0.01748446149,,,,
390,5.782,0.78,baseline — trained fixed gait,0.5,0,0,0,0,0,FL,1,0,-57.78855298,-20.6805396,309.6077559,315.6329579,0.04318217326,0.006586393336,0.002329185477,0.0437436369,,,,
390,5.782,0.78,baseline — trained fixed gait,0.5,0,0,0,0,0,FR,1,0,-28.49447038,24.03554993,237.7689846,240.6734978,0.02522148,-0.002833718439,0.06210485259,0.06709072759,,,,
390,5.782,0.78,baseline — trained fixed gait,0.5,0,0,0,0,0,RL,0,0,0,0,0,0,0.08866499503,-0.6269179539,-0.5081063311,0.8118248863,,,,
390,5.782,0.78,baseline — trained fixed gait,0.5,0,0,0,0,0,RR,1,0,13.74865065,10.82763901,217.9494845,218.650957,0.01708803146,-0.001474971949,0.003534906823,0.01751205093,,,,
391,5.784,0.782,baseline — trained fixed gait,0.5,0,0,0,0,0,FL,1,0,-57.34533242,-20.01095095,305.8592383,311.831363,0.04317807805,0.006312275572,0.006956352655,0.04418803107,,,,
391,5.784,0.782,baseline — trained fixed gait,0.5,0,0,0,0,0,FR,1,0,-28.22054196,24.03271817,236.1034973,238.9954643,0.02619870276,-0.005144968569,0.05346490836,0.05976068234,,,,
391,5.784,0.782,baseline — trained fixed gait,0.5,0,0,0,0,0,RL,0,0,0,0,0,0,-0.01814969977,-0.6679653245,-0.6183375877,0.9104111481,,,,
391,5.784,0.782,baseline — trained fixed gait,0.5,0,0,0,0,0,RR,1,0,13.65640694,11.05058366,216.0627334,216.7757311,0.01827531382,-0.002514009843,0.003752942741,0.01882529999,,,,
392,5.786,0.784,baseline — trained fixed gait,0.5,0,0,0,0,0,FL,1,0,-57.10051877,-19.25883574,302.3722621,308.3185964,0.04323960229,0.006091166017,0.009896760594,0.04477400339,,,,
392,5.786,0.784,baseline — trained fixed gait,0.5,0,0,0,0,0,FR,1,0,-27.92820286,23.96474251,234.3126091,237.1849325,0.02706573936,-0.006402697152,0.04591268498,0.05367982321,,,,
392,5.786,0.784,baseline — trained fixed gait,0.5,0,0,0,0,0,RL,0,0,0,0,0,0,-0.09449283923,-0.7121542537,-0.6822758627,0.9907537184,,,,
392,5.786,0.784,baseline — trained fixed gait,0.5,0,0,0,0,0,RR,1,0,13.56937916,11.13510676,214.2022406,214.9202608,0.01896070061,-0.00309831152,0.003792562151,0.0195829321,,,,
393,5.788,0.786,baseline — trained fixed gait,0.5,0,0,0,0,0,FL,1,0,-63.19856648,-15.6927955,313.7296991,320.4163646,0.04334632897,0.005886568501,0.01171556511,0.04528587406,,,,
393,5.788,0.786,baseline — trained fixed gait,0.5,0,0,0,0,0,FR,1,0,-27.39555433,20.48642005,231.2235284,233.7403043,0.02783098432,-0.007044507771,0.03929886709,0.04866815933,,,,
393,5.788,0.786,baseline — trained fixed gait,0.5,0,0,0,0,0,RL,1,1,-60.0820328,132.6598037,167.0853832,221.6438573,-0.1471793212,-0.7578738249,-0.7121265714,1.050313639,-0.09449283923,-0.7121542537,-0.6822758627,0.9907537184
393,5.788,0.786,baseline — trained fixed gait,0.5,0,0,0,0,0,RR,1,0,13.92651323,16.71940243,213.6083183,214.7137626,0.01934538543,-0.003402058461,0.003714518296,0.01999038732,,,,
394,5.79,0.788,baseline — trained fixed gait,0.5,0,0,0,0,0,FL,1,0,-60.3011056,-16.33536302,303.556149,309.9183812,0.04428336027,0.005353001737,0.01181635241,0.04614430418,,,,
394,5.79,0.788,baseline — trained fixed gait,0.5,0,0,0,0,0,FR,1,0,-28.72004115,23.24986386,228.9180194,231.8811259,0.02867270083,-0.006677884781,0.03337653924,0.04450518273,,,,
394,5.79,0.788,baseline — trained fixed gait,0.5,0,0,0,0,0,RL,1,0,-42.62945463,90.42752875,134.5531739,167.6274589,-0.0641448193,-0.4761737521,-0.3925945358,0.620472779,,,,
394,5.79,0.788,baseline — trained fixed gait,0.5,0,0,0,0,0,RR,1,0,13.52952246,14.4910967,213.2963028,214.2156686,0.0190443912,-0.004466272271,0.003546371534,0.0198799692,,,,
395,5.792,0.79,baseline — trained fixed gait,0.5,0,0,0,0,0,FL,1,0,-59.16646605,-15.9334545,221.8425146,230.1491842,0.04452407015,0.005115332481,0.01233995168,0.04648477016,,,,
395,5.792,0.79,baseline — trained fixed gait,0.5,0,0,0,0,0,FR,1,0,-26.36928803,26.2472676,250.1833477,252.9347068,0.02937876431,-0.00691255327,0.02971370617,0.04235327047,,,,
395,5.792,0.79,baseline — trained fixed gait,0.5,0,0,0,0,0,RL,1,0,-22.42893753,64.46262244,178.2209816,190.8434049,-0.02324411989,-0.2971830275,-0.1967376762,0.357160684,,,,
395,5.792,0.79,baseline — trained fixed gait,0.5,0,0,0,0,0,RR,1,0,2.490142098,19.24609455,190.5888502,191.5743271,0.01892714776,-0.004910619894,0.003217970942,0.01981682232,,,,
396,5.794,0.792,baseline — trained fixed gait,0.5,0,0,0,0,0,FL,1,0,-55.92216135,-17.12467785,211.0092395,218.9644763,0.04426997244,0.004928372702,0.01768093778,0.04792426189,,,,
396,5.794,0.792,baseline — trained fixed gait,0.5,0,0,0,0,0,FR,1,0,-26.14347388,26.88366751,249.1042281,251.910955,0.02944876733,-0.007420379955,0.02471539915,0.03915536861,,,,
396,5.794,0.792,baseline — trained fixed gait,0.5,0,0,0,0,0,RL,1,0,-13.45661852,45.23743213,163.4184025,170.0972667,-0.003378449648,-0.1814395465,-0.08336113911,0.1997017839,,,,
396,5.794,0.792,baseline — trained fixed gait,0.5,0,0,0,0,0,RR,1,0,2.32813731,17.77126466,188.5521517,189.4020907,0.02053610089,-0.005894431881,0.004482181542,0.02183038521,,,,
397,5.796,0.794,baseline — trained fixed gait,0.5,0,0,0,0,0,FL,1,0,-53.15216727,-18.24553369,201.1940996,208.894993,0.04374273241,0.004979487886,0.02100620182,0.04877993904,,,,
397,5.796,0.794,baseline — trained fixed gait,0.5,0,0,0,0,0,FR,1,0,-25.87346655,27.07862953,247.9635142,250.7759814,0.02951005982,-0.007766142266,0.02060618666,0.03682080288,,,,
397,5.796,0.794,baseline — trained fixed gait,0.5,0,0,0,0,0,RL,1,0,-7.149711038,33.45371428,152.6753456,156.4609552,0.007126709817,-0.1116807434,-0.01375358722,0.1127498985,,,,
397,5.796,0.794,baseline — trained fixed gait,0.5,0,0,0,0,0,RR,1,0,2.220457925,16.54466882,186.1960442,186.9428345,0.02157069072,-0.006241936793,0.005075598345,0.02302212353,,,,
398,5.798,0.796,baseline — trained fixed gait,0.5,0,0,0,0,0,FL,1,0,-50.56251424,-19.77804428,191.7835828,199.3205496,0.04310262928,0.005159199949,0.02292404822,0.04909140436,,,,
398,5.798,0.796,baseline — trained fixed gait,0.5,0,0,0,0,0,FR,1,0,-25.57008363,26.97947775,246.7512692,249.5353888,0.02955525956,-0.007963371233,0.01718191456,0.03510194919,,,,
398,5.798,0.796,baseline — trained fixed gait,0.5,0,0,0,0,0,RL,1,0,-2.744436231,26.20271773,144.640803,147.020666,0.01259948229,-0.06966938032,0.02744736914,0.07593370517,,,,
398,5.798,0.796,baseline — trained fixed gait,0.5,0,0,0,0,0,RR,1,0,2.135256794,15.46981209,183.6087258,184.2716435,0.0222547439,-0.006246167733,0.005256893187,0.02370491855,,,,
399,5.8,0.798,baseline — trained fixed gait,0.5,0,0,0,0,0,FL,1,0,-48.52968807,-20.74515287,183.6430578,191.0765937,0.04243855653,0.005482860409,0.0238560818,0.04899189196,,,,
399,5.8,0.798,baseline — trained fixed gait,0.5,0,0,0,0,0,FR,1,0,-25.24003152,26.8174474,245.4916089,248.2385238,0.02958976423,-0.008038891377,0.01429813427,0.03383215283,,,,
399,5.8,0.798,baseline — trained fixed gait,0.5,0,0,0,0,0,RL,1,0,0.3136940097,21.79967236,138.6168234,140.3208746,0.01541513429,-0.04437227748,0.05033334269,0.06884744556,,,,
399,5.8,0.798,baseline — trained fixed gait,0.5,0,0,0,0,0,RR,1,0,2.062050622,14.59455672,180.8545941,181.4542294,0.02273596398,-0.006066431347,0.005201013488,0.02409929851,,,,
400,5.802,0.8,baseline — trained fixed gait,0.5,0,0,0,0,0,FL,1,0,-68.56618951,-6.660033686,62.68851933,93.14251901,0.0418625879,0.005833393441,0.02402934446,0.04862010016,,,,
400,5.802,0.8,baseline — trained fixed gait,0.5,0,0,0,0,0,FR,1,0,-19.22722886,23.6051381,244.8501058,246.735614,0.02960922875,-0.008036227081,0.01184857677,0.03288884529,,,,
400,5.802,0.8,baseline — trained fixed gait,0.5,0,0,0,0,0,RL,1,0,14.9796337,3.717261476,196.16465,196.7708753,0.01686992946,-0.02914695621,0.06152917928,0.07014256539,,,,
400,5.802,0.8,baseline — trained fixed gait,0.5,0,0,0,0,0,RR,1,0,-15.21411263,12.99029464,94.80824607,96.89592613,0.02309452361,-0.00580731309,0.005020243229,0.02433690096,,,,
401,5.804,0.802,baseline — trained fixed gait,0.5,0,0,0,0,0,FL,1,0,-68.68743433,-6.008419292,62.24654469,92.89078029,0.05561644169,0.008074047033,0.03881069224,0.06829823317,,,,
401,5.804,0.802,baseline — trained fixed gait,0.5,0,0,0,0,0,FR,1,0,-18.90443488,23.50812237,244.600104,246.4532823,0.02843406944,-0.007615676393,0.009801501447,0.03102521978,,,,
401,5.804,0.802,baseline — trained fixed gait,0.5,0,0,0,0,0,RL,1,0,16.3764066,2.248315979,192.6496642,193.3575309,0.01616515409,-0.01800206692,0.06121113598,0.06581937243,,,,
401,5.804,0.802,baseline — trained fixed gait,0.5,0,0,0,0,0,RR,1,0,-14.77965039,12.6731937,91.03147001,93.0901522,0.02550446345,-0.00565862431,0.0126978338,0.02904707676,,,,
402,5.806,0.804,baseline — trained fixed gait,0.5,0,0,0,0,0,FL,1,0,-68.5233022,-5.489000011,61.67691851,92.35591125,0.06752545818,0.01254950314,0.04982053559,0.08484847257,,,,
402,5.806,0.804,baseline — trained fixed gait,0.5,0,0,0,0,0,FR,1,0,-18.62682095,23.34280879,244.4170002,246.234675,0.02759252929,-0.007362565608,0.007923915919,0.0296368603,,,,
402,5.806,0.804,baseline — trained fixed gait,0.5,0,0,0,0,0,RL,1,0,15.57001619,2.349651331,188.9161417,189.5712396,0.01576049968,-0.01137784746,0.05833967895,0.06149281993,,,,
402,5.806,0.804,baseline — trained fixed gait,0.5,0,0,0,0,0,RR,1,0,-14.50897001,12.36828127,87.54479601,89.59674046,0.02693093048,-0.005542371823,0.01688204127,0.03226447302,,,,
403,5.808,0.806,baseline — trained fixed gait,0.5,0,0,0,0,0,FL,1,0,-67.98903611,-5.012281868,60.83443165,91.36990793,0.07933774846,0.01865202334,0.05844355817,0.1002897093,,,,
403,5.808,0.806,baseline — trained fixed gait,0.5,0,0,0,0,0,FR,1,0,-18.37580585,23.19540162,244.3002929,246.0860216,0.02696543044,-0.007203669166,0.006183118423,0.02858772886,,,,
403,5.808,0.806,baseline — trained fixed gait,0.5,0,0,0,0,0,RL,1,0,16.45469179,1.897063247,186.1082503,186.8438829,0.01578826027,-0.007365538217,0.05594837371,0.05859812997,,,,
403,5.808,0.806,baseline — trained fixed gait,0.5,0,0,0,0,0,RR,1,0,-14.37038105,11.96239229,84.27144344,86.3208136,0.02781943964,-0.005469956467,0.01876573348,0.03399991763,,,,
404,5.81,0.808,baseline — trained fixed gait,0.5,0,0,0,0,0,FL,1,0,-67.07282654,-4.52042204,59.66104048,89.88124402,0.0925054395,0.02616857782,0.06576939244,0.116480315,,,,
404,5.81,0.808,baseline — trained fixed gait,0.5,0,0,0,0,0,FR,1,0,-18.15134689,23.04098913,244.2531351,246.0080336,0.0264661136,-0.007106621145,0.004567866978,0.02778173216,,,,
404,5.81,0.808,baseline — trained fixed gait,0.5,0,0,0,0,0,RL,1,0,17.13750506,1.693048655,183.5552112,184.361265,0.01582944715,-0.005005571216,0.0522524674,0.05482652177,,,,
404,5.81,0.808,baseline — trained fixed gait,0.5,0,0,0,0,0,RR,1,0,-14.33660776,11.54416836,81.17499094,83.2357213,0.02843245435,-0.00541962708,0.01918347672,0.03472438044,,,,
405,5.812,0.81,baseline — trained fixed gait,0.5,0,0,0,0,0,FL,1,0,-119.7252284,0,99.77102363,155.847321,0.1081475788,0.03493141659,0.07246097445,0.1347838844,,,,
405,5.812,0.81,baseline — trained fixed gait,0.5,0,0,0,0,0,FR,1,0,-11.69405476,17.01597271,233.3365783,234.2482721,0.02604390739,-0.007045843966,0.003081442201,0.02715555772,,,,
405,5.812,0.81,baseline — trained fixed gait,0.5,0,0,0,0,0,RL,1,0,26.54646224,-6.538088041,218.5336443,220.2371788,0.01588489517,-0.003632222012,0.04793599112,0.05062985459,,,,
405,5.812,0.81,baseline — trained fixed gait,0.5,0,0,0,0,0,RR,1,0,-31.29611097,0,26.08009248,40.73840676,0.02890758433,-0.005385064544,0.01870597603,0.0348505508,,,,
406,5.814,0.812,baseline — trained fixed gait,0.5,0,0,0,0,0,FL,0,0,0,0,0,0,0.2391652047,0.0210398313,0.1934350286,0.3083176607,,,,
406,5.814,0.812,baseline — trained fixed gait,0.5,0,0,0,0,0,FR,1,0,-11.51684514,14.89946054,233.7737184,234.5309853,0.02437633162,-0.006183638395,0.002579314411,0.02528034394,,,,
406,5.814,0.812,baseline — trained fixed gait,0.5,0,0,0,0,0,RL,1,0,27.03124228,-10.9687805,217.0104288,218.9623904,0.01504304903,-0.001903903474,0.04091433923,0.04363371778,,,,
406,5.814,0.812,baseline — trained fixed gait,0.5,0,0,0,0,0,RR,1,0,-28.02515103,0,23.35429253,36.48057113,0.1253881932,-0.008461648144,0.1393783062,0.187670218,,,,
407,5.816,0.814,baseline — trained fixed gait,0.5,0,0,0,0,0,FL,0,0,0,0,0,0,0.7821300523,0.05531947127,0.3821556019,0.8722560213,,,,
407,5.816,0.814,baseline — trained fixed gait,0.5,0,0,0,0,0,FR,1,0,-11.45966209,13.86950127,234.358468,235.0480343,0.02330521734,-0.005413804817,0.001801022993,0.02399345998,,,,
407,5.816,0.814,baseline — trained fixed gait,0.5,0,0,0,0,0,RL,1,0,27.37157967,-11.31566529,215.6935831,217.717637,0.01423760374,-0.0003259819692,0.03509232486,0.03787198026,,,,
407,5.816,0.814,baseline — trained fixed gait,0.5,0,0,0,0,0,RR,0,0,0,0,0,0,0.201286093,-0.01411747709,0.2253841282,0.3025118173,,,,
408,5.818,0.816,baseline — trained fixed gait,0.5,0,0,0,0,0,FL,0,0,0,0,0,0,1.204821434,0.1006001954,0.5206557199,1.316357651,,,,
408,5.818,0.816,baseline — trained fixed gait,0.5,0,0,0,0,0,FR,1,0,-11.33934464,13.03463826,234.800836,235.4355859,0.02256622767,-0.004890184697,0.0009194166399,0.02310830727,,,,
408,5.818,0.816,baseline — trained fixed gait,0.5,0,0,0,0,0,RL,1,0,27.64371586,-11.52671678,214.6484711,216.7279547,0.01364153038,0.0006450953597,0.03019395842,0.0331388386,,,,
408,5.818,0.816,baseline — trained fixed gait,0.5,0,0,0,0,0,RR,0,0,0,0,0,0,0.3609983531,-0.03520527968,0.2884407242,0.4634191127,,,,
409,5.82,0.818,baseline — trained fixed gait,0.5,0,0,0,0,0,FL,0,0,0,0,0,0,1.525801236,0.1507094041,0.6217445361,1.65449358,,,,
409,5.82,0.818,baseline — trained fixed gait,0.5,0,0,0,0,0,FR,1,0,-11.23841103,12.40349753,235.222683,235.8174278,0.02203874129,-0.004525655153,2.689118079e-05,0.02249863096,,,,
409,5.82,0.818,baseline — trained fixed gait,0.5,0,0,0,0,0,RL,1,0,27.83395631,-11.64450401,213.8791291,215.9967718,0.01316955781,0.001251877269,0.02601762814,0.02918769301,,,,
409,5.82,0.818,baseline — trained fixed gait,0.5,0,0,0,0,0,RR,0,0,0,0,0,0,0.4921938996,-0.06052627241,0.3274876867,0.5942780909,,,,
410,5.822,0.82,baseline — trained fixed gait,0.5,0,0,0,0,0,FL,0,0,0,0,0,0,1.761243557,0.2009990181,0.6941275832,1.903731225,,,,
410,5.822,0.82,baseline — trained fixed gait,0.5,0,0,0,0,0,FR,1,0,-1.080976463,4.870949793,211.0611345,211.1201013,0.02164967072,-0.004280638099,-0.0008183920268,0.02208397316,,,,
410,5.822,0.82,baseline — trained fixed gait,0.5,0,0,0,0,0,RL,1,0,33.79323475,-15.70008134,227.7276841,230.7560907,0.01276659772,0.001643272178,0.02242008024,0.02585239561,,,,
410,5.822,0.82,baseline — trained fixed gait,0.5,0,0,0,0,0,RR,0,0,0,0,0,0,0.6006150035,-0.08897722055,0.3486858188,0.7001693569,,,,
411,5.824,0.822,baseline — trained fixed gait,0.5,0,0,0,0,0,FL,0,0,0,0,0,0,2.036139854,0.2381893188,0.8073956079,2.203290113,,,,
411,5.824,0.822,baseline — trained fixed gait,0.5,0,0,0,0,0,FR,1,0,-0.7971312047,4.243832557,211.5438292,211.5878948,0.01969882631,-0.003103184558,0.0002138179022,0.01994289925,,,,
411,5.824,0.822,baseline — trained fixed gait,0.5,0,0,0,0,0,RL,1,0,33.93807221,-15.39114194,227.2727841,230.3076168,0.01171223861,0.002354177836,0.01832396442,0.02187433104,,,,
411,5.824,0.822,baseline — trained fixed gait,0.5,0,0,0,0,0,RR,0,0,0,0,0,0,0.8623758288,-0.09572601916,0.5125909075,1.007772285,,,,
412,5.826,0.824,baseline — trained fixed gait,0.5,0,0,0,0,0,FL,0,0,0,0,0,0,2.221330488,0.2786864095,0.8851039537,2.407360434,,,,
412,5.826,0.824,baseline — trained fixed gait,0.5,0,0,0,0,0,FR,1,0,-0.6237229199,3.781737042,212.096217,212.130846,0.01843813724,-0.002401039623,0.0004859070759,0.01860016134,,,,
412,5.826,0.824,baseline — trained fixed gait,0.5,0,0,0,0,0,RL,1,0,34.03978982,-15.19014077,226.9692714,230.0097776,0.01095718563,0.00275205379,0.01500685816,0.0187840227,,,,
412,5.826,0.824,baseline — trained fixed gait,0.5,0,0,0,0,0,RR,0,0,0,0,0,0,1.055863243,-0.1134633331,0.6154590754,1.227400093,,,,
413,5.828,0.826,baseline — trained fixed gait,0.5,0,0,0,0,0,FL,0,0,0,0,0,0,2.334826843,0.3218220341,0.9330911665,2.534885586,,,,
413,5.828,0.826,baseline — trained fixed gait,0.5,0,0,0,0,0,FR,1,0,-0.5320325872,3.533552519,212.7212166,212.751228,0.01761970983,-0.001998990049,0.0003019480625,0.01773531247,,,,
413,5.828,0.826,baseline — trained fixed gait,0.5,0,0,0,0,0,RL,1,0,34.07870701,-14.86784552,226.8049491,229.8323216,0.01035613287,0.003003387966,0.01219391363,0.01627763364,,,,
413,5.828,0.826,baseline — trained fixed gait,0.5,0,0,0,0,0,RR,0,0,0,0,0,0,1.197148859,-0.1384938047,0.6733742902,1.380499496,,,,
414,5.83,0.828,baseline — trained fixed gait,0.5,0,0,0,0,0,FL,0,0,0,0,0,0,2.397065838,0.3690037433,0.9502442099,2.604813324,,,,
414,5.83,0.828,baseline — trained fixed gait,0.5,0,0,0,0,0,FR,1,0,-0.4828308261,3.448791989,213.3943927,213.422806,0.01706814312,-0.001797901061,-0.000142753903,0.01716316802,,,,
414,5.83,0.828,baseline — trained fixed gait,0.5,0,0,0,0,0,RL,1,0,34.08634334,-14.59632251,226.745793,229.7576682,0.009845996369,0.003157827413,0.009736410403,0.01420257744,,,,
414,5.83,0.828,baseline — trained fixed gait,0.5,0,0,0,0,0,RR,0,0,0,0,0,0,1.298777809,-0.1678677515,0.6985207977,1.484228649,,,,
415,5.832,0.83,baseline — trained fixed gait,0.5,0,0,0,0,0,FL,0,0,0,0,0,0,2.422984813,0.4177828203,0.9424468203,2.633173732,,,,
415,5.832,0.83,baseline — trained fixed gait,0.5,0,0,0,0,0,FR,1,0,8.278273407,0.6483427868,205.4751998,205.6429135,0.01667997746,-0.001731907971,-0.000713395744,0.01678481715,,,,
415,5.832,0.83,baseline — trained fixed gait,0.5,0,0,0,0,0,RL,1,0,37.02767698,-15.4243022,227.4620999,230.9717836,0.009390553471,0.003264695628,0.007565159825,0.01249289299,,,,
415,5.832,0.83,baseline — trained fixed gait,0.5,0,0,0,0,0,RR,0,0,0,0,0,0,1.370501074,-0.1995958697,0.6999857331,1.551802736,,,,
416,5.834,0.832,baseline — trained fixed gait,0.5,0,0,0,0,0,FL,0,0,0,0,0,0,2.461591001,0.4520425467,0.9506903609,2.677234558,,,,
416,5.834,0.832,baseline — trained fixed gait,0.5,0,0,0,0,0,FR,1,0,8.455756454,0.5482043415,206.0375117,206.2116791,0.01509078459,-0.001298987041,-0.0006938563911,0.01516247287,,,,
416,5.834,0.832,baseline — trained fixed gait,0.5,0,0,0,0,0,RL,1,0,37.03865896,-15.19645113,227.6656935,231.1589548,0.008536553231,0.003463787392,0.005597393762,0.01077967444,,,,
416,5.834,0.832,baseline — trained fixed gait,0.5,0,0,0,0,0,RR,0,0,0,0,0,0,1.501094135,-0.2158287541,0.7581098503,1.695463417,,,,
417,5.836,0.834,baseline — trained fixed gait,0.5,0,0,0,0,0,FL,0,0,0,0,0,0,2.468222528,0.4894317465,0.9378101655,2.685359155,,,,
417,5.836,0.834,baseline — trained fixed gait,0.5,0,0,0,0,0,FR,1,0,8.553167066,0.5372785188,206.6671969,206.8448105,0.01409275236,-0.001089954986,-0.0009521398278,0.01416687125,,,,
417,5.836,0.834,baseline — trained fixed gait,0.5,0,0,0,0,0,RL,1,0,37.01500735,-15.04268845,227.9997063,231.4741008,0.007866408694,0.00359704547,0.003886308634,0.00948274837,,,,
417,5.836,0.834,baseline — trained fixed gait,0.5,0,0,0,0,0,RR,0,0,0,0,0,0,1.590236781,-0.2364043014,0.7809443967,1.787348361,,,,
418,5.838,0.836,baseline — trained fixed gait,0.5,0,0,0,0,0,FL,0,0,0,0,0,0,2.451930635,0.5271295837,0.9098424741,2.667891071,,,,
418,5.838,0.836,baseline — trained fixed gait,0.5,0,0,0,0,0,FR,1,0,8.59935046,0.5877090125,207.3449567,207.5240355,0.01345944028,-0.001019757036,-0.001355162646,0.01356587272,,,,
418,5.838,0.836,baseline — trained fixed gait,0.5,0,0,0,0,0,RL,1,0,36.96565822,-14.95640673,228.4565561,231.9106552,0.007315908728,0.003702285258,0.002413998328,0.008547328505,,,,
418,5.838,0.836,baseline — trained fixed gait,0.5,0,0,0,0,0,RR,0,0,0,0,0,0,1.648399974,-0.2593452108,0.7783367639,1.841274159,,,,
419,5.84,0.838,baseline — trained fixed gait,0.5,0,0,0,0,0,FL,0,0,0,0,0,0,2.419637493,0.563126835,0.871470983,2.632720856,,,,
419,5.84,0.838,baseline — trained fixed gait,0.5,0,0,0,0,0,FR,1,0,8.602789171,0.8377031017,208.1254626,208.3048677,0.01304965695,-0.001034687816,-0.001818579888,0.01321632922,,,,
419,5.84,0.838,baseline — trained fixed gait,0.5,0,0,0,0,0,RL,1,0,36.86759992,-14.45341673,228.9239872,232.3237248,0.0068460904,0.003798225263,0.001161553558,0.007914838949,,,,
419,5.84,0.838,baseline — trained fixed gait,0.5,0,0,0,0,0,RR,0,0,0,0,0,0,1.68358349,-0.2831796469,0.7577521696,1.867841651,,,,
420,5.842,0.84,baseline — trained fixed gait,0.5,0,0,0,0,0,FL,0,0,0,0,0,0,2.382392356,0.5866982516,0.820217291,2.5870378,,,,
420,5.842,0.84,baseline — trained fixed gait,0.5,0,0,0,0,0,FR,1,0,16.99114605,-0.9871303661,203.8571603,204.566408,0.01275679448,-0.001106906126,-0.002289479934,0.01300779632,,,,
420,5.842,0.84,baseline — trained fixed gait,0.5,0,0,0,0,0,RL,1,0,41.30741935,-15.94674359,233.8444499,237.9996392,0.00648635612,0.003815009368,0.0001097553492,0.007525899178,,,,
420,5.842,0.84,baseline — trained fixed gait,0.5,0,0,0,0,0,RR,0,0,0,0,0,0,1.701649481,-0.3080255839,0.7246161845,1.874982489,,,,
421,5.844,0.842,baseline — trained fixed gait,0.5,0,0,0,0,0,FL,0,0,0,0,0,0,2.384595943,0.5969076154,0.8016457735,2.585581648,,,,
421,5.844,0.842,baseline — trained fixed gait,0.5,0,0,0,0,0,FR,1,0,17.12249434,-1.062347892,204.4836165,205.2019927,0.01129164604,-0.0008690247661,-0.002366053624,0.01156955851,,,,
421,5.844,0.842,baseline — trained fixed gait,0.5,0,0,0,0,0,RL,1,0,41.28326817,-16.01556481,234.436751,238.5820545,0.00553008789,0.004045261136,-0.001081505276,0.006936545494,,,,
421,5.844,0.842,baseline — trained fixed gait,0.5,0,0,0,0,0,RR,0,0,0,0,0,0,1.753231324,-0.3194876268,0.7251644388,1.923994772,,,,
422,5.846,0.844,baseline — trained fixed gait,0.5,0,0,0,0,0,FL,0,0,0,0,0,0,2.371458067,0.6063219478,0.7717751393,2.566530057,,,,
422,5.846,0.844,baseline — trained fixed gait,0.5,0,0,0,0,0,FR,1,0,17.17518823,-1.111216506,205.1711206,205.8917449,0.0103987426,-0.0007467308623,-0.002569766727,0.01073755818,,,,
422,5.846,0.844,baseline — trained fixed gait,0.5,0,0,0,0,0,RL,1,0,41.2326743,-16.16457879,235.1341935,239.2687109,0.004859428512,0.004209433013,-0.00195240365,0.006719021638,,,,
422,5.846,0.844,baseline — trained fixed gait,0.5,0,0,0,0,0,RR,0,0,0,0,0,0,1.782546103,-0.3318807195,0.7072474122,1.946230799,,,,
423,5.848,0.846,baseline — trained fixed gait,0.5,0,0,0,0,0,FL,0,0,0,0,0,0,2.347535639,0.6141642107,0.7346167416,2.535307282,,,,
423,5.848,0.846,baseline — trained fixed gait,0.5,0,0,0,0,0,FR,1,0,17.17849314,-1.137327293,205.8971936,206.6157023,0.009859753536,-0.000692129565,-0.00283514184,0.01028259755,,,,
423,5.848,0.846,baseline — trained fixed gait,0.5,0,0,0,0,0,RL,1,0,41.16517647,-16.37772423,235.9316989,240.0553439,0.004367946726,0.004344791214,-0.002579396325,0.00667903097,,,,
423,5.848,0.846,baseline — trained fixed gait,0.5,0,0,0,0,0,RR,0,0,0,0,0,0,1.79546275,-0.3441171664,0.6765020474,1.94929683,,,,
424,5.85,0.848,baseline — trained fixed gait,0.5,0,0,0,0,0,FL,0,0,0,0,0,0,2.316212036,0.61996066,0.6931887538,2.49593671,,,,
424,5.85,0.848,baseline — trained fixed gait,0.5,0,0,0,0,0,FR,1,0,17.15054869,-1.142971739,206.6494308,207.3630511,0.009539069627,-0.0006771437598,-0.003122292389,0.01005987489,,,,
424,5.85,0.848,baseline — trained fixed gait,0.5,0,0,0,0,0,RL,1,0,41.08626336,-16.64109077,236.827128,240.9400247,0.003988325035,0.004470226643,-0.003025510014,0.006711436036,,,,
424,5.85,0.848,baseline — trained fixed gait,0.5,0,0,0,0,0,RR,0,0,0,0,0,0,1.796438916,-0.3554441729,0.6372128211,1.938961969,,,,
425,5.852,0.85,baseline — trained fixed gait,0.5,0,0,0,0,0,FL,0,0,0,0,0,0,2.279979634,0.6234594233,0.6497360583,2.451359975,,,,
425,5.852,0.85,baseline — trained fixed gait,0.5,0,0,0,0,0,FR,1,0,18.84440214,-1.358846156,209.2763663,210.1274743,0.009355019322,-0.0006853848012,-0.003405122507,0.009979027915,,,,
425,5.852,0.85,baseline — trained fixed gait,0.5,0,0,0,0,0,RL,1,0,42.9535836,-16.61012898,234.7207889,239.1960607,0.003679655946,0.004594918087,-0.003339523024,0.006767980063,,,,
425,5.852,0.85,baseline — trained fixed gait,0.5,0,0,0,0,0,RR,0,0,0,0,0,0,1.788840735,-0.3653637695,0.5926167526,1.919540694,,,,
426,5.854,0.852,baseline — trained fixed gait,0.5,0,0,0,0,0,FL,0,0,0,0,0,0,2.290273561,0.6206925687,0.6475656506,2.459665327,,,,
426,5.854,0.852,baseline — trained fixed gait,0.5,0,0,0,0,0,FR,1,0,18.79004851,-1.346369389,210.0557325,210.8987658,0.009003160199,-0.0006546305474,-0.003815663367,0.009800240898,,,,
426,5.854,0.852,baseline — trained fixed gait,0.5,0,0,0,0,0,RL,1,0,42.91977696,-16.7873051,235.8779372,240.3379332,0.003090202011,0.004673674005,-0.003327202076,0.00651635257,,,,
426,5.854,0.852,baseline — trained fixed gait,0.5,0,0,0,0,0,RR,0,0,0,0,0,0,1.816176334,-0.3689120591,0.580287214,1.941990174,,,,
427,5.856,0.854,baseline — trained fixed gait,0.5,0,0,0,0,0,FL,0,0,0,0,0,0,2.286235592,0.6178386037,0.6336818299,2.451560806,,,,
427,5.856,0.854,baseline — trained fixed gait,0.5,0,0,0,0,0,FR,1,0,18.72527913,-1.317805764,210.8338136,211.6678286,0.008814250207,-0.0006523220824,-0.004127671632,0.009754701631,,,,
427,5.856,0.854,baseline — trained fixed gait,0.5,0,0,0,0,0,RL,1,0,42.8547315,-17.0119193,237.0518254,241.4943091,0.002652733892,0.004755458615,-0.003368543548,0.006403004715,,,,
427,5.856,0.854,baseline — trained fixed gait,0.5,0,0,0,0,0,RR,0,0,0,0,0,0,1.829037936,-0.3726936681,0.5561751228,1.947719464,,,,
428,5.858,0.856,baseline — trained fixed gait,0.5,0,0,0,0,0,FL,0,0,0,0,0,0,2.271740548,0.6142410122,0.6117982663,2.431541539,,,,
428,5.858,0.856,baseline — trained fixed gait,0.5,0,0,0,0,0,FR,1,0,18.65495736,-1.272857339,211.608223,212.4327367,0.0087283813,-0.0006669232238,-0.004359771098,0.009779418732,,,,
428,5.858,0.856,baseline — trained fixed gait,0.5,0,0,0,0,0,RL,1,0,42.77138643,-17.28692066,238.3262811,242.7501708,0.002313119014,0.004846023828,-0.003433781897,0.006373799858,,,,
428,5.858,0.856,baseline — trained fixed gait,0.5,0,0,0,0,0,RR,0,0,0,0,0,0,1.831194081,-0.3760486342,0.5240773735,1.941479187,,,,
429,5.86,0.858,baseline — trained fixed gait,0.5,0,0,0,0,0,FL,0,0,0,0,0,0,2.249720642,0.6094834625,0.5847387979,2.403046508,,,,
429,5.86,0.858,baseline — trained fixed gait,0.5,0,0,0,0,0,FR,1,0,18.58155908,-1.213122579,212.379415,213.1941883,0.008707039719,-0.000691762131,-0.004531068505,0.009839799658,,,,
429,5.86,0.858,baseline — trained fixed gait,0.5,0,0,0,0,0,RL,1,0,42.67520929,-17.60202208,239.6971617,244.1018926,0.002036115667,0.004947792333,-0.003512604184,0.006400375312,,,,
429,5.86,0.858,baseline — trained fixed gait,0.5,0,0,0,0,0,RR,0,0,0,0,0,0,1.825516653,-0.3785223143,0.4868786982,1.92687339,,,,
430,5.862,0.86,baseline — trained fixed gait,0.5,0,0,0,0,0,FL,0,0,0,0,0,0,2.222380185,0.6033283642,0.5546311427,2.368669354,,,,
430,5.862,0.86,baseline — trained fixed gait,0.5,0,0,0,0,0,FR,1,0,14.89889912,-0.9117887383,218.535451,219.0446345,0.008727469961,-0.0007227626898,-0.004656743372,0.009918486612,,,,
430,5.862,0.86,baseline — trained fixed gait,0.5,0,0,0,0,0,RL,1,0,43.18622935,-17.76454754,239.6834787,244.1900889,0.001800896973,0.005060447521,-0.003597633783,0.006464853274,,,,
430,5.862,0.86,baseline — trained fixed gait,0.5,0,0,0,0,0,RR,0,0,0,0,0,0,1.814181692,-0.3798229924,0.4467514183,1.906595801,,,,
431,5.864,0.862,baseline — trained fixed gait,0.5,0,0,0,0,0,FL,0,0,0,0,0,0,2.227091731,0.5958197475,0.555943436,2.371499916,,,,
431,5.864,0.862,baseline — trained fixed gait,0.5,0,0,0,0,0,FR,1,0,14.71034517,-0.8186060541,219.430607,219.9246591,0.009333419671,-0.0007907941923,-0.005155319728,0.010691838,,,,
431,5.864,0.862,baseline — trained fixed gait,0.5,0,0,0,0,0,RL,1,0,43.1065479,-17.97607019,241.2083202,245.6883541,0.001474303848,0.005160079341,-0.003572727349,0.006447043614,,,,
431,5.864,0.862,baseline — trained fixed gait,0.5,0,0,0,0,0,RR,0,0,0,0,0,0,1.830264178,-0.3779610041,0.4338637352,1.918582608,,,,
432,5.866,0.864,baseline — trained fixed gait,0.5,0,0,0,0,0,FL,0,0,0,0,0,0,2.220406243,0.5881974369,0.5473233482,2.361301116,,,,
432,5.866,0.864,baseline — trained fixed gait,0.5,0,0,0,0,0,FR,1,0,14.56778996,-0.7132517903,220.275297,220.7576402,0.009738668523,-0.000851637102,-0.005433975294,0.0111845893,,,,
432,5.866,0.864,baseline — trained fixed gait,0.5,0,0,0,0,0,RL,1,0,43.01504759,-18.23887806,242.8175937,247.2717833,0.0012104406,0.005256184507,-0.003598260605,0.006483835393,,,,
432,5.866,0.864,baseline — trained fixed gait,0.5,0,0,0,0,0,RR,0,0,0,0,0,0,1.835981273,-0.3762377557,0.4126184157,1.919019551,,,,
433,5.868,0.866,baseline — trained fixed gait,0.5,0,0,0,0,0,FL,0,0,0,0,0,0,2.205258598,0.5799975164,0.531798784,2.341446679,,,,
433,5.868,0.866,baseline — trained fixed gait,0.5,0,0,0,0,0,FR,1,0,14.45566405,-0.5975838787,221.0857813,221.558674,0.01001993079,-0.0009088854853,-0.005566652179,0.01149837825,,,,
433,5.868,0.866,baseline — trained fixed gait,0.5,0,0,0,0,0,RL,1,0,42.91582596,-18.5439399,244.5072286,248.9365996,0.0009895255954,0.005356614696,-0.003653850275,0.006559199932,,,,
433,5.868,0.866,baseline — trained fixed gait,0.5,0,0,0,0,0,RR,0,0,0,0,0,0,1.833923598,-0.3741894868,0.3857527569,1.9110465,,,,
434,5.87,0.868,baseline — trained fixed gait,0.5,0,0,0,0,0,FL,0,0,0,0,0,0,2.183893098,0.5709306859,0.5116855957,2.314556774,,,,
434,5.87,0.868,baseline — trained fixed gait,0.5,0,0,0,0,0,FR,1,0,14.3630259,-0.4732957796,221.8730769,222.3379922,0.01022727315,-0.0009641184569,-0.005605224221,0.01170235784,,,,
434,5.87,0.868,baseline — trained fixed gait,0.5,0,0,0,0,0,RL,1,0,42.81187441,-18.88353932,246.2732711,250.6790153,0.000799269317,0.005464119853,-0.003725730785,0.006661569416,,,,
434,5.87,0.868,baseline — trained fixed gait,0.5,0,0,0,0,0,RR,0,0,0,0,0,0,1.826079109,-0.3715007489,0.3553485828,1.897063609,,,,
435,5.872,0.87,baseline — trained fixed gait,0.5,0,0,0,0,0,FL,0,0,0,0,0,0,2.158015957,0.5608380345,0.4887389658,2.282638375,,,,
435,5.872,0.87,baseline — trained fixed gait,0.5,0,0,0,0,0,FR,1,0,7.026719759,0.8514909377,233.1867049,233.2941045,0.01039071709,-0.001017944644,-0.00558810514,0.01184188042,,,,
435,5.872,0.87,baseline — trained fixed gait,0.5,0,0,0,0,0,RL,1,0,42.0023551,-19.15013208,247.8585505,252.1205792,0.0006321138393,0.005578877182,-0.003804790673,0.006782320442,,,,
435,5.872,0.87,baseline — trained fixed gait,0.5,0,0,0,0,0,RR,0,0,0,0,0,0,1.813965467,-0.3679689631,0.3229732805,1.878878286,,,,
436,5.874,0.872,baseline — trained fixed gait,0.5,0,0,0,0,0,FL,0,0,0,0,0,0,2.148100186,0.5495663405,0.4838513295,2.269464625,,,,
436,5.874,0.872,baseline — trained fixed gait,0.5,0,0,0,0,0,FR,1,0,6.743779747,1.006942485,234.1557744,234.2550303,0.01165083054,-0.001246914361,-0.006335874097,0.0133206587,,,,
436,5.874,0.872,baseline — trained fixed gait,0.5,0,0,0,0,0,RL,1,0,41.89890157,-19.41192259,249.7346249,253.9679577,0.0005673761561,0.005690801665,-0.003864191253,0.00690210934,,,,
436,5.874,0.872,baseline — trained fixed gait,0.5,0,0,0,0,0,RR,0,0,0,0,0,0,1.821568659,-0.3626591222,0.3127437729,1.883465606,,,,
437,5.876,0.874,baseline — trained fixed gait,0.5,0,0,0,0,0,FL,0,0,0,0,0,0,2.131071976,0.5379870363,0.4727193823,2.248190702,,,,
437,5.876,0.874,baseline — trained fixed gait,0.5,0,0,0,0,0,FR,1,0,6.552347252,1.165117893,235.0342819,235.128485,0.01245133784,-0.001403456657,-0.00669024217,0.01420439527,,,,
437,5.876,0.874,baseline — trained fixed gait,0.5,0,0,0,0,0,RL,1,0,41.80104852,-19.71394367,251.662487,255.8710116,0.0004805532175,0.005796407702,-0.003928614274,0.007018780788,,,,
437,5.876,0.874,baseline — trained fixed gait,0.5,0,0,0,0,0,RR,0,0,0,0,0,0,1.821394636,-0.3574551181,0.2961418175,1.879615003,,,,
438,5.878,0.876,baseline — trained fixed gait,0.5,0,0,0,0,0,FL,0,0,0,0,0,0,2.108745653,0.5258649141,0.457324987,2.220920593,,,,
438,5.878,0.876,baseline — trained fixed gait,0.5,0,0,0,0,0,FR,1,0,6.42125605,1.326271919,235.8511317,235.9422554,0.01296874091,-0.001517877005,-0.006790627492,0.01471750024,,,,
438,5.878,0.876,baseline — trained fixed gait,0.5,0,0,0,0,0,RL,1,0,41.70805957,-20.04921023,253.6412171,257.8282375,0.0003850119054,0.005902405686,-0.00399310971,0.007136634515,,,,
438,5.878,0.876,baseline — trained fixed gait,0.5,0,0,0,0,0,RR,0,0,0,0,0,0,1.815306923,-0.3520261247,0.2752315342,1.869495658,,,,
439,5.88,0.878,baseline — trained fixed gait,0.5,0,0,0,0,0,FL,0,0,0,0,0,0,2.082513759,0.5130688103,0.4391802278,2.189288111,,,,
439,5.88,0.878,baseline — trained fixed gait,0.5,0,0,0,0,0,FR,1,0,6.329348375,1.489956426,236.6259534,236.7152772,0.01331447836,-0.001607437256,-0.006735680662,0.01500761748,,,,
439,5.88,0.878,baseline — trained fixed gait,0.5,0,0,0,0,0,RL,1,0,41.61976101,-20.41175142,255.6686961,259.8371148,0.0002890965831,0.006011620589,-0.004054542175,0.00725689129,,,,
439,5.88,0.878,baseline — trained fixed gait,0.5,0,0,0,0,0,RR,0,0,0,0,0,0,1.804746574,-0.34614682,0.251587677,1.854784132,,,,
440,5.882,0.88,baseline — trained fixed gait,0.5,0,0,0,0,0,FL,0,0,0,0,0,0,2.053439466,0.4995444747,0.4194258958,2.154547842,,,,
440,5.882,0.88,baseline — trained fixed gait,0.5,0,0,0,0,0,FR,1,0,-2.123155878,4.087840027,249.9697805,250.0122185,0.01355640717,-0.001681985806,-0.00659599725,0.01516945719,,,,
440,5.882,0.88,baseline — trained fixed gait,0.5,0,0,0,0,0,RL,1,0,40.19224663,-20.80580575,258.4981848,262.4301998,0.0001977993387,0.00612473443,-0.004111331938,0.007379332404,,,,
440,5.882,0.88,baseline — trained fixed gait,0.5,0,0,0,0,0,RR,0,0,0,0,0,0,1.790823048,-0.3396724507,0.2263989856,1.836758303,,,,
441,5.884,0.882,baseline — trained fixed gait,0.5,0,0,0,0,0,FL,0,0,0,0,0,0,2.025124441,0.4858341817,0.4021751695,2.121063111,,,,
441,5.884,0.882,baseline — trained fixed gait,0.5,0,0,0,0,0,FR,1,0,-2.41145755,4.285467896,250.922863,250.9710413,0.01501333309,-0.002097809697,-0.007353675272,0.01684866511,,,,
441,5.884,0.882,baseline — trained fixed gait,0.5,0,0,0,0,0,RL,1,0,40.09809752,-21.13550666,260.5825793,264.4954587,0.0003033335342,0.006246029271,-0.004216584201,0.007542179739,,,,
441,5.884,0.882,baseline — trained fixed gait,0.5,0,0,0,0,0,RR,0,0,0,0,0,0,1.786373624,-0.332322403,0.2156053317,1.829768991,,,,
442,5.886,0.884,baseline — trained fixed gait,0.5,0,0,0,0,0,FL,0,0,0,0,0,0,1.994675625,0.4715016994,0.3839363182,2.085294175,,,,
442,5.886,0.884,baseline — trained fixed gait,0.5,0,0,0,0,0,FR,1,0,-2.593022728,4.472858317,251.7715575,251.8246362,0.01592289584,-0.002360275166,-0.007656315824,0.01782494552,,,,
442,5.886,0.884,baseline — trained fixed gait,0.5,0,0,0,0,0,RL,1,0,40.0212403,-21.48984908,262.6879318,266.5866891,0.0003401461411,0.006359636978,-0.004289129325,0.00767836651,,,,
442,5.886,0.884,baseline — trained fixed gait,0.5,0,0,0,0,0,RR,0,0,0,0,0,0,1.776798995,-0.3248846178,0.200628343,1.81736524,,,,
443,5.888,0.886,baseline — trained fixed gait,0.5,0,0,0,0,0,FL,0,0,0,0,0,0,1.962696617,0.4565686309,0.3653302252,2.047949974,,,,
443,5.888,0.886,baseline — trained fixed gait,0.5,0,0,0,0,0,FR,1,0,-2.704058064,4.654394877,252.5494808,252.6068399,0.01649486944,-0.002532349647,-0.007674541445,0.01836823614,,,,
443,5.888,0.886,baseline — trained fixed gait,0.5,0,0,0,0,0,RL,1,0,39.95791041,-21.86428373,264.8151698,268.7038437,0.0003394537684,0.006470345068,-0.004338734076,0.007797769396,,,,
443,5.888,0.886,baseline — trained fixed gait,0.5,0,0,0,0,0,RR,0,0,0,0,0,0,1.763321212,-0.3171707089,0.1828736071,1.800928014,,,,
444,5.89,0.888,baseline — trained fixed gait,0.5,0,0,0,0,0,FL,0,0,0,0,0,0,1.929644827,0.4410850132,0.3468040189,2.009566663,,,,
444,5.89,0.888,baseline — trained fixed gait,0.5,0,0,0,0,0,FR,1,0,-2.76920819,4.832150248,253.279551,253.3407767,0.0168620411,-0.00265094819,-0.007526772075,0.01865497935,,,,
444,5.89,0.888,baseline — trained fixed gait,0.5,0,0,0,0,0,RL,1,0,39.90588096,-22.25494628,266.9633557,270.8453346,0.0003205347427,0.006580455645,-0.004372404133,0.007907152263,,,,
444,5.89,0.888,baseline — trained fixed gait,0.5,0,0,0,0,0,RR,0,0,0,0,0,0,1.746888941,-0.3090577928,0.1634120554,1.781527769,,,,
445,5.892,0.89,baseline — trained fixed gait,0.5,0,0,0,0,0,FL,0,0,0,0,0,0,1.895865181,0.4251198465,0.3286697498,1.970546999,,,,
445,5.892,0.89,baseline — trained fixed gait,0.5,0,0,0,0,0,FR,1,0,-12.62945336,5.79869061,262.3761323,262.7439109,0.01710549669,-0.002737762701,-0.007295570361,0.01879677388,,,,
445,5.892,0.89,baseline — trained fixed gait,0.5,0,0,0,0,0,RL,1,0,40.43957259,-22.80197927,271.140278,275.0860586,0.0002948409893,0.006690728997,-0.00439556036,0.008010851179,,,,
445,5.892,0.89,baseline — trained fixed gait,0.5,0,0,0,0,0,RR,0,0,0,0,0,0,1.7282358,-0.3004726397,0.1430498496,1.759984673,,,,
446,5.894,0.892,baseline — trained fixed gait,0.5,0,0,0,0,0,FL,0,0,0,0,0,0,1.851520161,0.4099141139,0.2995839558,1.919871619,,,,
446,5.894,0.892,baseline — trained fixed gait,0.5,0,0,0,0,0,FR,1,0,-12.77388851,6.02461717,263.1708379,263.5495364,0.01871236921,-0.003141467388,-0.006185463207,0.01995699211,,,,
446,5.894,0.892,baseline — trained fixed gait,0.5,0,0,0,0,0,RL,1,0,40.41404713,-23.20939459,273.264647,277.2102785,0.0002046648309,0.006825487546,-0.004556258557,0.008209059628,,,,
446,5.894,0.892,baseline — trained fixed gait,0.5,0,0,0,0,0,RR,0,0,0,0,0,0,1.708946622,-0.291933372,0.1239102776,1.738124681,,,,
447,5.896,0.894,baseline — trained fixed gait,0.5,0,0,0,0,0,FL,0,0,0,0,0,0,1.809341709,0.3937737383,0.2746751059,1.871956621,,,,
447,5.896,0.894,baseline — trained fixed gait,0.5,0,0,0,0,0,FR,1,0,-12.8377118,6.233364764,263.8941926,264.2797884,0.01967766972,-0.00340382956,-0.005282934311,0.02065686657,,,,
447,5.896,0.894,baseline — trained fixed gait,0.5,0,0,0,0,0,RL,1,0,40.39950738,-23.62098002,275.3961145,279.3440366,0.0001455814458,0.006951336534,-0.004640799715,0.008359383683,,,,
447,5.896,0.894,baseline — trained fixed gait,0.5,0,0,0,0,0,RR,0,0,0,0,0,0,1.688221777,-0.2828361945,0.1047066382,1.714949726,,,,
448,5.898,0.896,baseline — trained fixed gait,0.5,0,0,0,0,0,FL,0,0,0,0,0,0,1.768924183,0.376953155,0.2532348341,1.826284296,,,,
448,5.898,0.896,baseline — trained fixed gait,0.5,0,0,0,0,0,FR,1,0,-12.85597703,6.430156275,264.5808464,264.9710311,0.02026013343,-0.003582939671,-0.004570857385,0.02107612869,,,,
448,5.898,0.896,baseline — trained fixed gait,0.5,0,0,0,0,0,RL,1,0,40.39581077,-24.03584697,277.5313208,281.483885,0.0001087099146,0.00707076915,-0.004676449395,0.008478017054,,,,
448,5.898,0.896,baseline — trained fixed gait,0.5,0,0,0,0,0,RR,0,0,0,0,0,0,1.666427487,-0.2731982389,0.08578693995,1.690851042,,,,
449,5.9,0.898,baseline — trained fixed gait,0.5,0,0,0,0,0,FL,0,0,0,0,0,0,1.729941047,0.3596679407,0.2346635756,1.782448891,,,,
449,5.9,0.898,baseline — trained fixed gait,0.5,0,0,0,0,0,FR,1,0,-12.84947677,6.618123972,265.2502464,265.6437498,0.02061861328,-0.003712760721,-0.004020351077,0.02133248763,,,,
449,5.9,0.898,baseline — trained fixed gait,0.5,0,0,0,0,0,RL,1,0,40.40279038,-24.45302387,279.6671913,283.626645,8.811726226e-05,0.007185116057,-0.004682979611,0.008576943246,,,,
449,5.9,0.898,baseline — trained fixed gait,0.5,0,0,0,0,0,RR,0,0,0,0,0,0,1.643844229,-0.2630492472,0.06739244173,1.666121393,,,,
450,5.902,0.9,baseline — trained fixed gait,0.5,0,0,0,0,0,FL,0,0,0,0,0,0,1.69213106,0.3421007548,0.2184553759,1.740133099,,,,
450,5.902,0.9,baseline — trained fixed gait,0.5,0,0,0,0,0,FR,1,0,-20.39788128,8.52553846,275.4522212,276.3379897,0.0208468763,-0.003813259309,-0.003603613194,0.02149695853,,,,
450,5.902,0.9,baseline — trained fixed gait,0.5,0,0,0,0,0,RL,1,0,40.97750012,-24.75912269,282.8757436,286.898686,8.016921605e-05,0.007295097434,-0.004673978358,0.008664349218,,,,
450,5.902,0.9,baseline — trained fixed gait,0.5,0,0,0,0,0,RR,0,0,0,0,0,0,1.620686381,-0.2524273191,0.049682177,1.640979042,,,,
451,5.904,0.902,baseline — trained fixed gait,0.5,0,0,0,0,0,FL,0,0,0,0,0,0,1.643076994,0.3260368416,0.1874934132,1.685572843,,,,
451,5.904,0.902,baseline — trained fixed gait,0.5,0,0,0,0,0,FR,1,0,-20.54481731,8.734258836,276.247205,277.1477856,0.02209445659,-0.004140645501,-0.003967751528,0.02282658559,,,,
451,5.904,0.902,baseline — trained fixed gait,0.5,0,0,0,0,0,RL,1,0,41.01834848,-25.18528226,284.9359752,288.9728592,1.915616728e-05,0.007393652958,-0.004734152479,0.008779445923,,,,
451,5.904,0.902,baseline — trained fixed gait,0.5,0,0,0,0,0,RR,0,0,0,0,0,0,1.591385502,-0.2421424844,0.02215160352,1.609854494,,,,
452,5.906,0.904,baseline — trained fixed gait,0.5,0,0,0,0,0,FL,0,0,0,0,0,0,1.598050296,0.3090017036,0.1631185431,1.635803918,,,,
452,5.906,0.904,baseline — trained fixed gait,0.5,0,0,0,0,0,FR,1,0,-20.61461028,8.93173316,276.9773872,277.8870473,0.02286156945,-0.004354071827,-0.004096546192,0.02363029814,,,,
452,5.906,0.904,baseline — trained fixed gait,0.5,0,0,0,0,0,RL,1,0,41.06836939,-25.60314329,286.9880804,291.0400148,-7.657777457e-06,0.007495035382,-0.004753811654,0.00887549093,,,,
452,5.906,0.904,baseline — trained fixed gait,0.5,0,0,0,0,0,RR,0,0,0,0,0,0,1.563966359,-0.2309970353,-0.001027979249,1.58093373,,,,
453,5.908,0.906,baseline — trained fixed gait,0.5,0,0,0,0,0,FL,0,0,0,0,0,0,1.556195974,0.2913592327,0.1439065402,1.589762625,,,,
453,5.908,0.906,baseline — trained fixed gait,0.5,0,0,0,0,0,FR,1,0,-20.63470745,9.121175389,277.6690573,278.5840849,0.02333292075,-0.004500841891,-0.004083943079,0.02411143628,,,,
453,5.908,0.906,baseline — trained fixed gait,0.5,0,0,0,0,0,RL,1,0,41.12812615,-26.01370928,289.0276752,293.0959448,-1.109038588e-05,0.007595108914,-0.004750498371,0.008958405951,,,,
453,5.908,0.906,baseline — trained fixed gait,0.5,0,0,0,0,0,RR,0,0,0,0,0,0,1.537998546,-0.2191797785,-0.02064259176,1.553674812,,,,
454,5.91,0.908,baseline — trained fixed gait,0.5,0,0,0,0,0,FL,0,0,0,0,0,0,1.516840744,0.2734002175,0.1287031751,1.546647351,,,,
454,5.91,0.908,baseline — trained fixed gait,0.5,0,0,0,0,0,FR,1,0,-20.62316984,9.304129264,278.3382392,279.2562575,0.0236263986,-0.004608530599,-0.003990221152,0.02440014611,,,,
454,5.91,0.908,baseline — trained fixed gait,0.5,0,0,0,0,0,RL,1,0,41.19797067,-26.41775592,291.0509692,295.1369806,1.858711527e-06,0.007691664417,-0.004736331165,0.009032969493,,,,
454,5.91,0.908,baseline — trained fixed gait,0.5,0,0,0,0,0,RR,0,0,0,0,0,0,1.513139698,-0.2068458555,-0.03734460502,1.527668672,,,,
455,5.912,0.91,baseline — trained fixed gait,0.5,0,0,0,0,0,FL,0,0,0,0,0,0,1.479457264,0.2553561892,0.116578119,1.505852263,,,,
455,5.912,0.91,baseline — trained fixed gait,0.5,0,0,0,0,0,FR,1,0,-28.05359212,11.28453932,290.2901122,291.8607444,0.02381293225,-0.00469333213,-0.003857195804,0.02457561939,,,,
455,5.912,0.91,baseline — trained fixed gait,0.5,0,0,0,0,0,RL,1,0,39.78946597,-26.95569032,292.0535857,295.9816003,2.696702674e-05,0.007783660237,-0.004719048706,0.009102500458,,,,
455,5.912,0.91,baseline — trained fixed gait,0.5,0,0,0,0,0,RR,0,0,0,0,0,0,1.489119356,-0.1941228573,-0.05167405866,1.502607849,,,,
456,5.914,0.912,baseline — trained fixed gait,0.5,0,0,0,0,0,FL,0,0,0,0,0,0,1.42401958,0.2392505838,0.07780859149,1.446072883,,,,
456,5.914,0.912,baseline — trained fixed gait,0.5,0,0,0,0,0,FR,1,0,-28.18038254,11.50386522,291.0295266,292.6169138,0.02502357005,-0.005012933885,-0.004499783803,0.02591440947,,,,
456,5.914,0.912,baseline — trained fixed gait,0.5,0,0,0,0,0,RL,1,0,39.92833362,-27.43310642,293.9272927,297.8927668,0.0001531293075,0.008033705669,-0.003874792193,0.00892064403,,,,
456,5.914,0.912,baseline — trained fixed gait,0.5,0,0,0,0,0,RR,0,0,0,0,0,0,1.454414505,-0.1823183365,-0.08396294857,1.468200022,,,,
457,5.916,0.914,baseline — trained fixed gait,0.5,0,0,0,0,0,FL,0,0,0,0,0,0,1.375094757,0.2218046271,0.04947552393,1.393747003,,,,
457,5.916,0.914,baseline — trained fixed gait,0.5,0,0,0,0,0,FR,1,0,-28.22349579,11.70920915,291.6961758,293.2922267,0.02576362314,-0.005218027185,-0.004769803142,0.02671597101,,,,
457,5.916,0.914,baseline — trained fixed gait,0.5,0,0,0,0,0,RL,1,0,40.06151017,-27.87551529,295.7986503,299.7979494,0.0002452084354,0.00822062888,-0.003316148507,0.008867677671,,,,
457,5.916,0.914,baseline — trained fixed gait,0.5,0,0,0,0,0,RR,0,0,0,0,0,0,1.423947488,-0.1694645789,-0.108423298,1.438089115,,,,
458,5.918,0.916,baseline — trained fixed gait,0.5,0,0,0,0,0,FL,0,0,0,0,0,0,1.331266931,0.2035540833,0.02915651421,1.347054568,,,,
458,5.918,0.916,baseline — trained fixed gait,0.5,0,0,0,0,0,FR,1,0,-28.21158852,11.90386957,292.3178299,293.9171814,0.02621146018,-0.00535617647,-0.004810407792,0.02718215029,,,,
458,5.918,0.916,baseline — trained fixed gait,0.5,0,0,0,0,0,RL,1,0,40.19250673,-28.29136431,297.6602602,301.6910165,0.000318467612,0.00836574364,-0.002963819634,0.008880952375,,,,
458,5.918,0.916,baseline — trained fixed gait,0.5,0,0,0,0,0,RR,0,0,0,0,0,0,1.396717703,-0.1558817707,-0.1267702894,1.411095381,,,,
459,5.92,0.918,baseline — trained fixed gait,0.5,0,0,0,0,0,FL,0,0,0,0,0,0,1.291421216,0.1849170948,0.01490943935,1.304678267,,,,
459,5.92,0.918,baseline — trained fixed gait,0.5,0,0,0,0,0,FR,1,0,-28.16420941,12.09250888,292.9134946,294.5127617,0.02648223048,-0.005455131483,-0.004716157798,0.02744647764,,,,
459,5.92,0.918,baseline — trained fixed gait,0.5,0,0,0,0,0,RL,1,0,40.32441104,-28.68541104,299.5045969,303.5653381,0.0003833050433,0.008482293044,-0.002756345057,0.008927130341,,,,
459,5.92,0.918,baseline — trained fixed gait,0.5,0,0,0,0,0,RR,0,0,0,0,0,0,1.37193563,-0.1418205088,-0.1403869816,1.386372581,,,,
460,5.922,0.92,baseline — trained fixed gait,0.5,0,0,0,0,0,FL,0,0,0,0,0,0,1.254684631,0.1662050799,0.005189322045,1.26565579,,,,
460,5.922,0.92,baseline — trained fixed gait,0.5,0,0,0,0,0,FR,1,0,-34.3094759,13.86579083,304.2126642,306.4551278,0.02664590419,-0.005531725592,-0.004551760649,0.02759207718,,,,
460,5.922,0.92,baseline — trained fixed gait,0.5,0,0,0,0,0,RL,1,0,40.70736641,-28.57855003,301.2699626,305.3480205,0.0004459956998,0.008578399241,-0.00264806961,0.008988888605,,,,
460,5.922,0.92,baseline — trained fixed gait,0.5,0,0,0,0,0,RR,0,0,0,0,0,0,1.348985468,-0.1275688267,-0.1503884724,1.363323986,,,,
461,5.924,0.922,baseline — trained fixed gait,0.5,0,0,0,0,0,FL,0,0,0,0,0,0,1.196389037,0.1496800669,-0.03835747998,1.206325888,,,,
461,5.924,0.922,baseline — trained fixed gait,0.5,0,0,0,0,0,FR,1,0,-34.35565395,14.07797693,304.8130316,307.0659288,0.0276542833,-0.005813555922,-0.00509766955,0.02871485769,,,,
461,5.924,0.922,baseline — trained fixed gait,0.5,0,0,0,0,0,RL,1,0,40.86205889,-29.01512506,302.9871398,307.1038785,0.0004858683867,0.008609819941,-0.002599726305,0.009006866512,,,,
461,5.924,0.922,baseline — trained fixed gait,0.5,0,0,0,0,0,RR,0,0,0,0,0,0,1.306521024,-0.1142288382,-0.1941881227,1.325803319,,,,
462,5.926,0.924,baseline — trained fixed gait,0.5,0,0,0,0,0,FL,0,0,0,0,0,0,1.146413237,0.1314916021,-0.06839370419,1.155954605,,,,
462,5.926,0.924,baseline — trained fixed gait,0.5,0,0,0,0,0,FR,1,0,-34.33031938,14.27654918,305.3510339,307.6063143,0.0282652696,-0.0059912121,-0.005288876089,0.02937332631,,,,
462,5.926,0.924,baseline — trained fixed gait,0.5,0,0,0,0,0,RL,1,0,41.01997918,-29.41869567,304.6816676,308.8349347,0.0005351878123,0.008662475433,-0.002593516904,0.009058213761,,,,
462,5.926,0.924,baseline — trained fixed gait,0.5,0,0,0,0,0,RR,0,0,0,0,0,0,1.271602957,-0.099450945,-0.22460529,1.295110847,,,,
463,5.928,0.926,baseline — trained fixed gait,0.5,0,0,0,0,0,FL,0,0,0,0,0,0,1.102941589,0.1123251874,-0.08817191325,1.112147195,,,,
463,5.928,0.926,baseline — trained fixed gait,0.5,0,0,0,0,0,FR,1,0,-34.25832831,14.46387514,305.851465,308.1038062,0.02862972033,-0.006108506895,-0.005267611569,0.02974428473,,,,
463,5.928,0.926,baseline — trained fixed gait,0.5,0,0,0,0,0,RL,1,0,41.18316265,-29.79441961,306.3461442,310.534572,0.0005927936346,0.008720728777,-0.002613907625,0.009123323285,,,,
463,5.928,0.926,baseline — trained fixed gait,0.5,0,0,0,0,0,RR,0,0,0,0,0,0,1.242452652,-0.0837413885,-0.2447549188,1.269096601,,,,
464,5.93,0.928,baseline — trained fixed gait,0.5,0,0,0,0,0,FL,0,0,0,0,0,0,1.064541509,0.09271136889,-0.1002859741,1.073266649,,,,
464,5.93,0.928,baseline — trained fixed gait,0.5,0,0,0,0,0,FR,1,0,-34.15632733,14.64108252,306.3301232,308.5760205,0.02884497597,-0.006190835087,-0.005126674531,0.02994397886,,,,
464,5.93,0.928,baseline — trained fixed gait,0.5,0,0,0,0,0,RL,1,0,41.35316651,-30.14680463,307.9744344,312.1973198,0.0006574702425,0.008776472612,-0.002650234272,0.009191435161,,,,
464,5.93,0.928,baseline — trained fixed gait,0.5,0,0,0,0,0,RR,0,0,0,0,0,0,1.217665477,-0.06748966627,-0.2571303461,1.246346695,,,,
465,5.932,0.93,baseline — trained fixed gait,0.5,0,0,0,0,0,FL,0,0,0,0,0,0,1.03008656,0.07305676055,-0.1067876684,1.038180725,,,,
465,5.932,0.93,baseline — trained fixed gait,0.5,0,0,0,0,0,FR,1,0,-39.02207866,15.67464488,313.7331427,316.5389422,0.0289703861,-0.006253020885,-0.004927875252,0.03004442537,,,,
465,5.932,0.93,baseline — trained fixed gait,0.5,0,0,0,0,0,RL,1,0,41.7168018,-29.36143882,306.8134596,311.025537,0.000728241151,0.008825903099,-0.002695150334,0.009256929082,,,,
465,5.932,0.93,baseline — trained fixed gait,0.5,0,0,0,0,0,RR,0,0,0,0,0,0,1.196136192,-0.05099312811,-0.2637137907,1.225922939,,,,
466,5.934,0.932,baseline — trained fixed gait,0.5,0,0,0,0,0,FL,0,0,0,0,0,0,0.9684764902,0.05570193202,-0.1570200976,0.9827027671,,,,
466,5.934,0.932,baseline — trained fixed gait,0.5,0,0,0,0,0,FR,1,0,-38.96992717,15.87317814,314.1657101,316.9711445,0.02975911627,-0.006427141883,-0.005183714674,0.03088339443,,,,
466,5.934,0.932,baseline — trained fixed gait,0.5,0,0,0,0,0,RL,1,0,41.92961998,-29.78814723,308.277057,312.5382706,0.0007769964413,0.008739525691,-0.002554011101,0.009138162041,,,,
466,5.934,0.932,baseline — trained fixed gait,0.5,0,0,0,0,0,RR,0,0,0,0,0,0,1.149444235,-0.03594830273,-0.3151860487,1.192416276,,,,
467,5.936,0.934,baseline — trained fixed gait,0.5,0,0,0,0,0,FL,0,0,0,0,0,0,0.9172183813,0.03628665463,-0.1901323021,0.9374201686,,,,
467,5.936,0.934,baseline — trained fixed gait,0.5,0,0,0,0,0,FR,1,0,-38.86871133,16.06002556,314.5616252,317.3605476,0.03023256658,-0.006539067332,-0.005218243068,0.03136873514,,,,
467,5.936,0.934,baseline — trained fixed gait,0.5,0,0,0,0,0,RL,1,0,42.14083991,-30.17388268,309.7173202,314.0240947,0.0008355542838,0.008718542971,-0.002498952499,0.00910801329,,,,
467,5.936,0.934,baseline — trained fixed gait,0.5,0,0,0,0,0,RR,0,0,0,0,0,0,1.112931394,-0.01915690651,-0.3484989492,1.16637678,,,,
468,5.938,0.936,baseline — trained fixed gait,0.5,0,0,0,0,0,FL,0,0,0,0,0,0,0.8740604887,0.01566658234,-0.2103252665,0.8991462047,,,,
468,5.938,0.936,baseline — trained fixed gait,0.5,0,0,0,0,0,FR,1,0,-38.73653265,16.23608342,314.9393826,317.727783,0.03051112777,-0.006615572456,-0.00512842343,0.03163851203,,,,
468,5.938,0.936,baseline — trained fixed gait,0.5,0,0,0,0,0,RL,1,0,42.35363108,-30.52400816,311.1251878,315.4749239,0.0009020192007,0.008727561843,-0.00249919071,0.009123043821,,,,
468,5.938,0.936,baseline — trained fixed gait,0.5,0,0,0,0,0,RR,0,0,0,0,0,0,1.084191594,-0.0012855541,-0.3680349549,1.144955367,,,,
469,5.94,0.938,baseline — trained fixed gait,0.5,0,0,0,0,0,FL,0,0,0,0,0,0,0.837220347,-0.005498727917,-0.2209403541,0.8658999859,,,,
469,5.94,0.938,baseline — trained fixed gait,0.5,0,0,0,0,0,FR,1,0,-38.58518117,16.40113965,315.3097697,318.0849956,0.03067224815,-0.006671826032,-0.004974555206,0.0317812251,,,,
469,5.94,0.938,baseline — trained fixed gait,0.5,0,0,0,0,0,RL,1,0,42.57055108,-30.84642217,312.4936446,316.8848868,0.0009749818448,0.008747248468,-0.002533226319,0.009158721578,,,,
469,5.94,0.938,baseline — trained fixed gait,0.5,0,0,0,0,0,RR,0,0,0,0,0,0,1.061322169,0.01715643579,-0.3772869229,1.126518758,,,,
470,5.942,0.94,baseline — trained fixed gait,0.5,0,0,0,0,0,FL,0,0,0,0,0,0,0.8052941766,-0.02661930244,-0.2246111675,0.8364553034,,,,
470,5.942,0.94,baseline — trained fixed gait,0.5,0,0,0,0,0,FR,1,0,-41.14392068,16.77462158,320.0670935,323.1364332,0.03076265241,-0.006716555257,-0.004795547994,0.03185043451,,,,
470,5.942,0.94,baseline — trained fixed gait,0.5,0,0,0,0,0,RL,1,0,42.74768302,-29.47364556,308.5334584,312.8721067,0.001053019273,0.008767861019,-0.002586360463,0.009201820303,,,,
470,5.942,0.94,baseline — trained fixed gait,0.5,0,0,0,0,0,RR,0,0,0,0,0,0,1.042824538,0.03579382021,-0.3790150118,1.110142601,,,,
471,5.944,0.942,baseline — trained fixed gait,0.5,0,0,0,0,0,FL,0,0,0,0,0,0,0.7414912023,-0.04463946534,-0.2806711848,0.7940895409,,,,
471,5.944,0.942,baseline — trained fixed gait,0.5,0,0,0,0,0,FR,1,0,-43.08021768,17.58313342,319.336498,322.7086468,0.03122209397,-0.00679361289,-0.004915105775,0.0323284796,,,,
471,5.944,0.942,baseline — trained fixed gait,0.5,0,0,0,0,0,RL,1,0,43.00589784,-29.86311221,309.7457134,314.13965,0.001122237525,0.008591173352,-0.002287721436,0.00896110183,,,,
471,5.944,0.942,baseline — trained fixed gait,0.5,0,0,0,0,0,RR,0,0,0,0,0,0,0.98887711,0.05216661756,-0.4436923306,1.085109294,,,,
472,5.946,0.944,baseline — trained fixed gait,0.5,0,0,0,0,0,FL,0,0,0,0,0,0,0.6900418175,-0.06496836823,-0.3160225104,0.7617406552,,,,
472,5.946,0.944,baseline — trained fixed gait,0.5,0,0,0,0,0,FR,1,0,-42.81500481,17.83243897,319.4991509,322.8479951,0.03157160993,-0.007149057947,-0.003602125834,0.03257070607,,,,
472,5.946,0.944,baseline — trained fixed gait,0.5,0,0,0,0,0,RL,1,0,43.26113154,-30.2454892,310.9370433,315.3857321,0.001193085836,0.00851122942,-0.002157731187,0.008861167188,,,,
472,5.946,0.944,baseline — trained fixed gait,0.5,0,0,0,0,0,RR,0,0,0,0,0,0,0.9486693431,0.07074408591,-0.4836040801,1.067169693,,,,
473,5.948,0.946,baseline — trained fixed gait,0.5,0,0,0,0,0,FL,0,0,0,0,0,0,0.6482607257,-0.0868096252,-0.3358330104,0.7352290054,,,,
473,5.948,0.946,baseline — trained fixed gait,0.5,0,0,0,0,0,FR,1,0,-42.56440221,18.04810366,319.700303,323.0259217,0.03175935732,-0.007377033682,-0.00268105333,0.03271491174,,,,
473,5.948,0.946,baseline — trained fixed gait,0.5,0,0,0,0,0,RL,1,0,43.51212725,-30.58080041,312.1033149,316.6022264,0.001264220421,0.008483439495,-0.002135673191,0.008839010064,,,,
473,5.948,0.946,baseline — trained fixed gait,0.5,0,0,0,0,0,RR,0,0,0,0,0,0,0.9189666423,0.09068159398,-0.5048341854,1.052416456,,,,
474,5.95,0.948,baseline — trained fixed gait,0.5,0,0,0,0,0,FL,0,0,0,0,0,0,0.614018394,-0.1093569,-0.3442030019,0.7123575129,,,,
474,5.95,0.948,baseline — trained fixed gait,0.5,0,0,0,0,0,FR,1,0,-42.32757183,18.23852583,319.9381961,323.2409573,0.03185518433,-0.007529168934,-0.002044675751,0.03279667441,,,,
474,5.95,0.948,baseline — trained fixed gait,0.5,0,0,0,0,0,RL,1,0,43.76262059,-30.87650554,313.2343068,317.7802016,0.001337549681,0.008477575648,-0.002179375325,0.008854829463,,,,
474,5.95,0.948,baseline — trained fixed gait,0.5,0,0,0,0,0,RR,0,0,0,0,0,0,0.8972141497,0.1113085064,-0.5122308042,1.039116553,,,,
475,5.952,0.95,baseline — trained fixed gait,0.5,0,0,0,0,0,FL,0,0,0,0,0,0,0.5856265648,-0.1319974376,-0.3443554642,0.6920711544,,,,
475,5.952,0.95,baseline — trained fixed gait,0.5,0,0,0,0,0,FR,1,0,-42.82831405,17.99122534,322.0758092,325.4086286,0.03190003283,-0.007635797356,-0.001611009751,0.03284071936,,,,
475,5.952,0.95,baseline — trained fixed gait,0.5,0,0,0,0,0,RL,1,0,43.88317289,-28.8960894,306.4465356,310.9183109,0.00141374771,0.008477602093,-0.002260322832,0.00888692743,,,,
475,5.952,0.95,baseline — trained fixed gait,0.5,0,0,0,0,0,RR,0,0,0,0,0,0,0.8813905215,0.1321199812,-0.5096167821,1.02665194,,,,
476,5.954,0.952,baseline — trained fixed gait,0.5,0,0,0,0,0,FL,0,0,0,0,0,0,0.5195023637,-0.1514738527,-0.4072059907,0.6772324215,,,,
476,5.954,0.952,baseline — trained fixed gait,0.5,0,0,0,0,0,FR,1,0,-42.58103144,18.19216471,322.1638906,325.4745328,0.03206347856,-0.007668766184,-0.001447071328,0.03299955526,,,,
476,5.954,0.952,baseline — trained fixed gait,0.5,0,0,0,0,0,RL,1,0,44.18219127,-29.33910795,307.4419233,311.9829891,0.001474845078,0.008213027448,-0.00182521409,0.008541685685,,,,
476,5.954,0.952,baseline — trained fixed gait,0.5,0,0,0,0,0,RR,0,0,0,0,0,0,0.8220790298,0.1501774444,-0.5839008133,1.019464249,,,,
477,5.956,0.954,baseline — trained fixed gait,0.5,0,0,0,0,0,FL,0,0,0,0,0,0,0.4680724259,-0.1740087893,-0.4452408944,0.6690368515,,,,
477,5.956,0.954,baseline — trained fixed gait,0.5,0,0,0,0,0,FR,1,0,-42.34424058,18.38059194,322.2871,325.5761903,0.03215981728,-0.00770054808,-0.001314440322,0.03309501536,,,,
477,5.956,0.954,baseline — trained fixed gait,0.5,0,0,0,0,0,RL,1,0,44.46265092,-29.7182188,308.4398128,313.0418789,0.001535843698,0.008088057837,-0.001641891424,0.00839471875,,,,
477,5.956,0.954,baseline — trained fixed gait,0.5,0,0,0,0,0,RR,0,0,0,0,0,0,0.7797195996,0.1708359527,-0.6274522534,1.015304835,,,,
478,5.958,0.956,baseline — trained fixed gait,0.5,0,0,0,0,0,FL,0,0,0,0,0,0,0.4281458456,-0.1983456076,-0.464743397,0.6622962103,,,,
478,5.958,0.956,baseline — trained fixed gait,0.5,0,0,0,0,0,FR,1,0,-42.11609994,18.55644736,322.4427754,325.7106861,0.03221435281,-0.00773211209,-0.001211956509,0.03315145431,,,,
478,5.958,0.956,baseline — trained fixed gait,0.5,0,0,0,0,0,RL,1,0,44.732302,-30.0414508,309.4242543,314.0809398,0.001596999035,0.00803179503,-0.001620266972,0.00834777829,,,,
478,5.958,0.956,baseline — trained fixed gait,0.5,0,0,0,0,0,RR,0,0,0,0,0,0,0.7503485064,0.1930311761,-0.6479967115,1.010041412,,,,
479,5.96,0.958,baseline — trained fixed gait,0.5,0,0,0,0,0,FL,0,0,0,0,0,0,0.3971805368,-0.2235190462,-0.4706876458,0.6551793668,,,,
479,5.96,0.958,baseline — trained fixed gait,0.5,0,0,0,0,0,FR,1,0,-41.89469961,18.71994845,322.6274766,325.8743485,0.03224366342,-0.0077635712,-0.001135452895,0.03318457657,,,,
479,5.96,0.958,baseline — trained fixed gait,0.5,0,0,0,0,0,RL,1,0,44.99663442,-30.31773342,310.3816557,315.088296,0.001660770898,0.008005868727,-0.001696063127,0.008350372697,,,,
479,5.96,0.958,baseline — trained fixed gait,0.5,0,0,0,0,0,RR,0,0,0,0,0,0,0.7308181921,0.2159569211,-0.6516620675,1.002694406,,,,
480,5.962,0.96,baseline — trained fixed gait,0.5,0,0,0,0,0,FL,0,0,0,0,0,0,0.3731536263,-0.2487968233,-0.4669720256,0.6474614743,,,,
480,5.962,0.96,baseline — trained fixed gait,0.5,0,0,0,0,0,FR,1,0,-40.56860142,18.96914148,321.2367835,324.3435074,0.03225677219,-0.007794883939,-0.001081239248,0.03320284093,,,,
480,5.962,0.96,baseline — trained fixed gait,0.5,0,0,0,0,0,RL,1,0,43.81357096,-27.0596292,298.2805421,302.6931356,0.001727482149,0.00798966053,-0.001826618668,0.008375882384,,,,
480,5.962,0.96,baseline — trained fixed gait,0.5,0,0,0,0,0,RR,0,0,0,0,0,0,0.7186309682,0.2390088327,-0.6432616298,0.9936504491,,,,
481,5.964,0.962,baseline — trained fixed gait,0.5,0,0,0,0,0,FL,0,0,0,0,0,0,0.3065731374,-0.2706222834,-0.5337428479,0.6723874899,,,,
481,5.964,0.962,baseline — trained fixed gait,0.5,0,0,0,0,0,FR,1,0,-40.27035837,19.1649907,321.1934955,324.2749762,0.03214785709,-0.007849097998,-0.0009438011435,0.03310564627,,,,
481,5.964,0.962,baseline — trained fixed gait,0.5,0,0,0,0,0,RL,1,0,44.12864528,-27.54306138,299.1077983,303.5974845,0.001929885652,0.007554457483,-0.001103271939,0.007874737803,,,,
481,5.964,0.962,baseline — trained fixed gait,0.5,0,0,0,0,0,RR,0,0,0,0,0,0,0.6513868905,0.2586619075,-0.731481771,1.013053032,,,,
482,5.966,0.964,baseline — trained fixed gait,0.5,0,0,0,0,0,FL,0,0,0,0,0,0,0.256883816,-0.2958785252,-0.5721651781,0.6934741434,,,,
482,5.966,0.964,baseline — trained fixed gait,0.5,0,0,0,0,0,FR,1,0,-40.00231445,19.34640313,321.2117957,324.2706989,0.03207813736,-0.007889596068,-0.0008576512258,0.03304524456,,,,
482,5.966,0.964,baseline — trained fixed gait,0.5,0,0,0,0,0,RL,1,0,44.4170784,-27.95137932,299.961558,304.5178036,0.002066042041,0.007335522396,-0.0007955553461,0.007662331684,,,,
482,5.966,0.964,baseline — trained fixed gait,0.5,0,0,0,0,0,RR,0,0,0,0,0,0,0.6052597205,0.2814429259,-0.7814503339,1.027722761,,,,
483,5.968,0.966,baseline — trained fixed gait,0.5,0,0,0,0,0,FL,0,0,0,0,0,0,0.2204011516,-0.3231120492,-0.5895500944,0.7074937298,,,,
483,5.968,0.966,baseline — trained fixed gait,0.5,0,0,0,0,0,FR,1,0,-39.75594669,19.51412573,321.2809692,324.318975,0.03203318439,-0.00792222455,-0.0008098880272,0.0330082181,,,,
483,5.968,0.966,baseline — trained fixed gait,0.5,0,0,0,0,0,RL,1,0,44.68823031,-28.29319163,300.8209757,305.4354303,0.002163395908,0.007227760114,-0.0007530636897,0.007582077752,,,,
483,5.968,0.966,baseline — trained fixed gait,0.5,0,0,0,0,0,RR,0,0,0,0,0,0,0.5753401359,0.3060587539,-0.8029454643,1.034122648,,,,
484,5.97,0.968,baseline — trained fixed gait,0.5,0,0,0,0,0,FL,0,0,0,0,0,0,0.1941820734,-0.3512100827,-0.5916667938,0.714929923,,,,
484,5.97,0.968,baseline — trained fixed gait,0.5,0,0,0,0,0,FR,1,0,-39.53777533,19.63005366,321.3965367,324.413792,0.03200230482,-0.007950388862,-0.0007915211365,0.0329845828,,,,
484,5.97,0.968,baseline — trained fixed gait,0.5,0,0,0,0,0,RL,1,0,42.20889587,-27.23126519,300.1956677,304.3691371,0.002240571174,0.007173360609,-0.0008710668043,0.007565449028,,,,
484,5.97,0.968,baseline — trained fixed gait,0.5,0,0,0,0,0,RR,0,0,0,0,0,0,0.5577222806,0.3315336722,-0.8037041356,1.032912898,,,,
485,5.972,0.97,baseline — trained fixed gait,0.5,0,0,0,0,0,FL,0,0,0,0,0,0,0.1759586617,-0.3792963798,-0.5830697876,0.7174939523,,,,
485,5.972,0.97,baseline — trained fixed gait,0.5,0,0,0,0,0,FR,1,0,-38.33233176,21.37795372,317.0635015,320.0869391,0.0319817814,-0.007969172066,-0.0007960912583,0.03296931614,,,,
485,5.972,0.97,baseline — trained fixed gait,0.5,0,0,0,0,0,RL,1,0,40.08997773,-23.13593174,285.5091852,289.2368795,0.002644138869,0.007087515036,0.0004459865193,0.007577812595,,,,
485,5.972,0.97,baseline — trained fixed gait,0.5,0,0,0,0,0,RR,0,0,0,0,0,0,0.5493059312,0.3568955724,-0.789818163,1.026120941,,,,
486,5.974,0.972,baseline — trained fixed gait,0.5,0,0,0,0,0,FL,0,0,0,0,0,0,0.1075423263,-0.4025461534,-0.6565262045,0.7775830597,,,,
486,5.974,0.972,baseline — trained fixed gait,0.5,0,0,0,0,0,FR,1,0,-38.00510604,21.58642562,316.9490177,319.9484985,0.03183884743,-0.00821398823,-0.0005257286951,0.03288553176,,,,
486,5.974,0.972,baseline — trained fixed gait,0.5,0,0,0,0,0,RL,1,0,40.45062444,-23.7260513,286.1473359,289.9646123,0.003176270238,0.006507931247,0.002223273489,0.007575276018,,,,
486,5.974,0.972,baseline — trained fixed gait,0.5,0,0,0,0,0,RR,0,0,0,0,0,0,0.472784055,0.3788991849,-0.8933457115,1.079423881,,,,
487,5.976,0.974,baseline — trained fixed gait,0.5,0,0,0,0,0,FL,0,0,0,0,0,0,0.05899596193,-0.4297638017,-0.6969857263,0.8209546585,,,,
487,5.976,0.974,baseline — trained fixed gait,0.5,0,0,0,0,0,FR,1,0,-37.72225441,21.76966019,316.9240104,319.9026648,0.03173877688,-0.00836199277,-0.0003907145884,0.0328241609,,,,
487,5.976,0.974,baseline — trained fixed gait,0.5,0,0,0,0,0,RL,1,0,40.76473857,-24.21656611,286.8581718,290.7504372,0.003491071093,0.006211196184,0.003146989819,0.007789100098,,,,
487,5.976,0.974,baseline — trained fixed gait,0.5,0,0,0,0,0,RR,0,0,0,0,0,0,0.4223489508,0.4046290067,-0.9500560911,1.115665651,,,,
488,5.978,0.976,baseline — trained fixed gait,0.5,0,0,0,0,0,FL,0,0,0,0,0,0,0.0260056906,-0.4592132239,-0.7131333509,0.848594283,,,,
488,5.978,0.976,baseline — trained fixed gait,0.5,0,0,0,0,0,FR,1,0,-37.47077883,21.93200038,316.9714363,319.9311853,0.0316669514,-0.008452970563,-0.0003471935423,0.03277756955,,,,
488,5.978,0.976,baseline — trained fixed gait,0.5,0,0,0,0,0,RL,1,0,41.04649805,-24.62214584,287.6108271,291.5665498,0.003678796167,0.006060472314,0.003515961621,0.007913586547,,,,
488,5.978,0.976,baseline — trained fixed gait,0.5,0,0,0,0,0,RR,0,0,0,0,0,0,0.3919494638,0.4325380548,-0.9721377306,1.133915922,,,,
489,5.98,0.978,baseline — trained fixed gait,0.5,0,0,0,0,0,FL,0,0,0,0,0,0,0.005011253333,-0.489623928,-0.7117115915,0.8638808326,,,,
489,5.98,0.978,baseline — trained fixed gait,0.5,0,0,0,0,0,FR,1,0,-37.24110529,22.07821236,317.0790918,320.0210897,0.03161234821,-0.008510397093,-0.0003651171271,0.03273989506,,,,
489,5.98,0.978,baseline — trained fixed gait,0.5,0,0,0,0,0,RL,1,0,41.30604622,-24.95598421,288.3806961,292.3908625,0.003795854789,0.00598120243,0.003537483009,0.007918148908,,,,
489,5.98,0.978,baseline — trained fixed gait,0.5,0,0,0,0,0,RR,0,0,0,0,0,0,0.3767629116,0.4614593018,-0.9692057871,1.137653215,,,,
490,5.982,0.98,baseline — trained fixed gait,0.5,0,0,0,0,0,FL,0,0,0,0,0,0,-0.006791733179,-0.5200156702,-0.698017007,0.8704540005,,,,
490,5.982,0.98,baseline — trained fixed gait,0.5,0,0,0,0,0,FR,1,0,-36.83747628,24.82389964,310.1895695,313.3541043,0.0315671727,-0.008548283383,-0.0004234786248,0.03270686282,,,,
490,5.982,0.98,baseline — trained fixed gait,0.5,0,0,0,0,0,RL,1,0,37.63741813,-19.07157817,266.0433485,269.3684533,0.003874136991,0.005932623097,0.003351155774,0.007838060937,,,,
490,5.982,0.98,baseline — trained fixed gait,0.5,0,0,0,0,0,RR,0,0,0,0,0,0,0.3729401943,0.4905264617,-0.9487563855,1.131299818,,,,
491,5.984,0.982,baseline — trained fixed gait,0.5,0,0,0,0,0,FL,0,0,0,0,0,0,-0.07644332729,-0.5449832679,-0.7746720368,0.9502458151,,,,
491,5.984,0.982,baseline — trained fixed gait,0.5,0,0,0,0,0,FR,1,0,-36.47881919,25.40575289,310.2102014,313.3792041,0.03149190822,-0.008937583688,-4.818081918e-05,0.03273565345,,,,
491,5.984,0.982,baseline — trained fixed gait,0.5,0,0,0,0,0,RL,1,0,38.23879476,-22.09198971,266.8880445,270.5170784,0.004361372343,0.005146660194,0.004594194955,0.008161881349,,,,
491,5.984,0.982,baseline — trained fixed gait,0.5,0,0,0,0,0,RR,1,1,-181.2299071,-94.48161728,323.4232261,382.5880793,0.2880789716,0.5161956539,-1.061685634,1.215164117,0.3729401943,0.4905264617,-0.9487563855,1.131299818
492,5.986,0.984,baseline — trained fixed gait,0.5,0,0,0,0,0,FL,0,0,0,0,0,0,-0.1234984833,-0.5782418858,-0.8140521752,1.006129464,,,,
492,5.986,0.984,baseline — trained fixed gait,0.5,0,0,0,0,0,FR,1,0,-36.36123028,25.83410185,310.5988591,313.7852628,0.0314122074,-0.009261176187,0.0001095598746,0.03274917039,,,,
492,5.986,0.984,baseline — trained fixed gait,0.5,0,0,0,0,0,RL,1,0,38.28728956,-19.34117114,267.8986537,271.3110504,0.004473433019,0.004922991362,0.005117721723,0.008392766085,,,,
492,5.986,0.984,baseline — trained fixed gait,0.5,0,0,0,0,0,RR,1,0,-127.0273077,-55.33569656,265.4383727,299.4252927,0.1930724415,0.3114982657,-0.5853799973,0.6906358508,,,,
493,5.988,0.986,baseline — trained fixed gait,0.5,0,0,0,0,0,FL,0,0,0,0,0,0,-0.1530819986,-0.606368548,-0.8270579237,1.036890411,,,,
493,5.988,0.986,baseline — trained fixed gait,0.5,0,0,0,0,0,FR,1,0,-36.13656247,26.3530358,310.8548898,314.0558806,0.03136398807,-0.009484384656,0.0001063226923,0.0327668217,,,,
493,5.988,0.986,baseline — trained fixed gait,0.5,0,0,0,0,0,RL,1,0,38.46266052,-17.34290555,268.2764923,271.5739843,0.004714042258,0.004655915001,0.00511368938,0.008369561398,,,,
493,5.988,0.986,baseline — trained fixed gait,0.5,0,0,0,0,0,RR,1,0,-91.65255972,-31.01883298,227.6570301,247.3662932,0.1306517423,0.1868884785,-0.2859341749,0.3657260362,,,,
494,5.99,0.988,baseline — trained fixed gait,0.5,0,0,0,0,0,FL,0,0,0,0,0,0,-0.1697112757,-0.6316567611,-0.8218126001,1.050318109,,,,
494,5.99,0.988,baseline — trained fixed gait,0.5,0,0,0,0,0,FR,1,0,-35.83319604,26.92202435,311.028992,314.2417019,0.03130014635,-0.009661206373,1.385248841e-05,0.03275726274,,,,
494,5.99,0.988,baseline — trained fixed gait,0.5,0,0,0,0,0,RL,1,0,38.72693012,-15.78113614,268.1937645,271.4345496,0.004987803326,0.004335347128,0.004858786752,0.008202513361,,,,
494,5.99,0.988,baseline — trained fixed gait,0.5,0,0,0,0,0,RR,1,0,-68.36995019,-15.88575349,203.3127867,215.0881133,0.08953585478,0.1111156335,-0.1003800908,0.1744692406,,,,
495,5.992,0.99,baseline — trained fixed gait,0.5,0,0,0,0,0,FL,0,0,0,0,0,0,-0.1768786486,-0.6552984013,-0.8044445693,1.052536515,,,,
495,5.992,0.99,baseline — trained fixed gait,0.5,0,0,0,0,0,FR,1,0,-31.61516948,37.59662869,292.8630281,296.9541693,0.03121052884,-0.009815129877,-0.0001239691969,0.03271772078,,,,
495,5.992,0.99,baseline — trained fixed gait,0.5,0,0,0,0,0,RL,1,0,24.45047177,-7.679711964,255.2303091,256.5137701,0.005253560944,0.003993923897,0.004501917176,0.007988653763,,,,
495,5.992,0.99,baseline — trained fixed gait,0.5,0,0,0,0,0,RR,1,0,-47.10053101,0.2312263891,267.5340938,271.6486791,0.06306283278,0.06506062498,0.01276139377,0.09150223479,,,,
496,5.994,0.992,baseline — trained fixed gait,0.5,0,0,0,0,0,FL,0,0,0,0,0,0,-0.2384430288,-0.6802785505,-0.8770394955,1.135267484,,,,
496,5.994,0.992,baseline — trained fixed gait,0.5,0,0,0,0,0,FR,1,0,-30.96182151,38.34554423,292.7348145,296.854656,0.03046406852,-0.01126522212,0.0009070594949,0.03249288318,,,,
496,5.994,0.992,baseline — trained fixed gait,0.5,0,0,0,0,0,RL,1,0,24.78706022,-6.547622801,253.5356201,254.8285313,0.007674435164,0.002703311033,0.004977107998,0.00953815756,,,,
496,5.994,0.992,baseline — trained fixed gait,0.5,0,0,0,0,0,RR,1,0,-36.88441759,5.885132177,255.8235401,258.5358364,0.04607538594,0.03630159046,0.07323866022,0.0938330859,,,,
497,5.996,0.994,baseline — trained fixed gait,0.5,0,0,0,0,0,FL,0,0,0,0,0,0,-0.2777071948,-0.7090649035,-0.9141779315,1.189796459,,,,
497,5.996,0.994,baseline — trained fixed gait,0.5,0,0,0,0,0,FR,1,0,-30.36555082,38.9826498,292.7202173,296.8616501,0.02990998987,-0.01216048551,0.001384299159,0.03231719644,,,,
497,5.996,0.994,baseline — trained fixed gait,0.5,0,0,0,0,0,RL,1,0,25.20630249,-5.550727302,251.5623468,252.8829425,0.009241896131,0.001824043633,0.00513986189,0.01073116767,,,,
497,5.996,0.994,baseline — trained fixed gait,0.5,0,0,0,0,0,RR,1,0,-29.9285341,9.365656939,247.2280379,249.2090195,0.03565201549,0.01898285397,0.105711533,0.1131651146,,,,
498,5.998,0.996,baseline — trained fixed gait,0.5,0,0,0,0,0,FL,0,0,0,0,0,0,-0.3000319171,-0.7404072433,-0.925952395,1.222951297,,,,
498,5.998,0.996,baseline — trained fixed gait,0.5,0,0,0,0,0,FR,1,0,-29.80688265,39.5368139,292.7909309,296.9480412,0.02947769668,-0.01272094244,0.001506427533,0.03214072653,,,,
498,5.998,0.996,baseline — trained fixed gait,0.5,0,0,0,0,0,RL,1,0,25.67174187,-4.635919676,249.3762534,250.7370053,0.01028114036,0.001197527733,0.005119565008,0.01154754803,,,,
498,5.998,0.996,baseline — trained fixed gait,0.5,0,0,0,0,0,RR,1,0,-25.10985848,11.49569648,240.6488772,242.2282769,0.02943579344,0.008625651535,0.1202998433,0.1241487821,,,,
499,6,0.998,baseline — trained fixed gait,0.5,0,0,0,0,0,FL,0,0,0,0,0,0,-0.3097644054,-0.7733367249,-0.9200538629,1.241169927,,,,
499,6,0.998,baseline — trained fixed gait,0.5,0,0,0,0,0,FR,1,0,-29.27296173,40.02991886,292.928237,297.0963694,0.02912048149,-0.01307862066,0.001405750433,0.03195354276,,,,
499,6,0.998,baseline — trained fixed gait,0.5,0,0,0,0,0,RL,1,0,26.15889195,-3.769949208,247.0182533,248.4280935,0.01100348789,0.0007315867257,0.005009239865,0.0121121612,,,,
499,6,0.998,baseline — trained fixed gait,0.5,0,0,0,0,0,RR,1,0,-21.69201702,12.7808677,235.3507615,236.6936314,0.02591864173,0.002505541885,0.1237312761,0.1264416167,,,,
500,6.002,1,baseline — trained fixed gait,0.5,0,0,0,0,0,FL,0,0,0,0,0,0,-0.3102985754,-0.807060935,-0.9023887413,1.249775179,,,,
500,6.002,1,baseline — trained fixed gait,0.5,0,0,0,0,0,FR,1,0,-25.75813936,50.2162352,272.6131602,278.3937628,0.02880922054,-0.0133128563,0.001171774823,0.03175809168,,,,
500,6.002,1,baseline — trained fixed gait,0.5,0,0,0,0,0,RL,1,0,12.05704966,3.194783198,224.8825115,225.2281578,0.01153529327,0.0003684185566,0.004865434091,0.01252482223,,,,
500,6.002,1,baseline — trained fixed gait,0.5,0,0,0,0,0,RR,1,0,-1.135193652,15.88267366,272.6153189,273.0799518,0.0241051606,-0.001033754874,0.1204211045,0.1228143714,,,,
501,6.004,1.002,baseline — trained fixed gait,0.5,0,0,0,0,0,FL,0,0,0,0,0,0,-0.4000060715,-0.8428816595,-1.008289238,1.373718143,,,,
501,6.004,1.002,baseline — trained fixed gait,0.5,0,0,0,0,0,FR,1,0,-25.0521922,50.77313188,272.6653188,278.4814165,0.028059256,-0.01473855119,0.002201807896,0.03177097255,,,,
501,6.004,1.002,baseline — trained fixed gait,0.5,0,0,0,0,0,RL,1,0,12.48264071,3.792035875,221.8163259,222.1996361,0.01401224888,-0.0008323554008,0.006063914827,0.01529074874,,,,
501,6.004,1.002,baseline — trained fixed gait,0.5,0,0,0,0,0,RR,1,0,0.8454755509,15.81298124,268.7526944,269.2188254,0.02101960849,-0.003283394146,0.1104829794,0.1125126365,,,,
502,6.006,1.004,baseline — trained fixed gait,0.5,0,0,0,0,0,FL,0,0,0,0,0,0,-0.4588422404,-0.8840499406,-1.066295015,1.459131782,,,,
502,6.006,1.004,baseline — trained fixed gait,0.5,0,0,0,0,0,FR,1,0,-24.44271094,51.19767145,272.7859467,278.6230794,0.02749951058,-0.01558869326,0.002574072004,0.03171523745,,,,
502,6.006,1.004,baseline — trained fixed gait,0.5,0,0,0,0,0,RL,1,0,12.9350685,4.399762736,218.626261,219.0527697,0.01561240929,-0.001602685827,0.006665913243,0.01705140243,,,,
502,6.006,1.004,baseline — trained fixed gait,0.5,0,0,0,0,0,RR,1,0,2.416580409,15.59949134,265.2071041,265.6764801,0.01953835249,-0.004408945272,0.09983379551,0.1018232426,,,,
503,6.008,1.006,baseline — trained fixed gait,0.5,0,0,0,0,0,FL,0,0,0,0,0,0,-0.4941046696,-0.9284134254,-1.089589953,1.514363622,,,,
503,6.008,1.006,baseline — trained fixed gait,0.5,0,0,0,0,0,FR,1,0,-23.89034591,51.54385962,273.0210478,278.869164,0.02706636794,-0.01609117941,0.002533482495,0.03159007537,,,,
503,6.008,1.006,baseline — trained fixed gait,0.5,0,0,0,0,0,RL,1,0,13.39096678,5.029914397,215.3422087,215.8167854,0.01667785814,-0.00212874405,0.006882536187,0.01816732803,,,,
503,6.008,1.006,baseline — trained fixed gait,0.5,0,0,0,0,0,RR,1,0,3.738979072,15.30263471,261.7477321,262.2213299,0.01902064031,-0.004866810658,0.0892011959,0.0913363233,,,,
504,6.01,1.008,baseline — trained fixed gait,0.5,0,0,0,0,0,FL,0,0,0,0,0,0,-0.5115842317,-0.9743682127,-1.088400736,1.547813943,,,,
504,6.01,1.008,baseline — trained fixed gait,0.5,0,0,0,0,0,FR,1,0,-23.3757641,51.84073401,273.3406586,279.1934879,0.02671567838,-0.01638424772,0.002239629439,0.0314195319,,,,
504,6.01,1.008,baseline — trained fixed gait,0.5,0,0,0,0,0,RL,1,0,13.83592275,5.688975101,211.9802593,212.5074765,0.01742551165,-0.002514591189,0.006867547095,0.01889801122,,,,
504,6.01,1.008,baseline — trained fixed gait,0.5,0,0,0,0,0,RR,1,0,4.912687014,14.96494812,258.291189,258.7709846,0.01906258178,-0.004931552573,0.07900654016,0.08142318848,,,,
505,6.012,1.01,baseline — trained fixed gait,0.5,0,0,0,0,0,FL,0,0,0,0,0,0,-0.5158157273,-1.020703356,-1.070595827,1.566549275,,,,
505,6.012,1.01,baseline — trained fixed gait,0.5,0,0,0,0,0,FR,1,0,-27.15531564,56.91884358,235.8543539,244.1402101,0.02641834921,-0.01655070915,0.001801539038,0.0312266023,,,,
505,6.012,1.01,baseline — trained fixed gait,0.5,0,0,0,0,0,RL,1,0,-2.687499824,16.76882789,165.2831843,166.1533847,0.01798282848,-0.002821589499,0.006723014891,0.01940470089,,,,
505,6.012,1.01,baseline — trained fixed gait,0.5,0,0,0,0,0,RR,1,0,20.8253894,16.33689885,271.7543505,273.0403232,0.0194191687,-0.004768703843,0.06948365043,0.07230368128,,,,
506,6.014,1.012,baseline — trained fixed gait,0.5,0,0,0,0,0,FL,1,1,-48.02681013,160.8981348,259.5731499,309.1488386,-0.6295376141,-1.060437218,-1.197758187,1.719147863,-0.5158157273,-1.020703356,-1.070595827,1.566549275
506,6.014,1.012,baseline — trained fixed gait,0.5,0,0,0,0,0,FR,1,0,-26.08441004,65.24843896,238.0398452,248.1949297,0.0265136815,-0.01731715877,0.003843519515,0.03190034384,,,,
506,6.014,1.012,baseline — trained fixed gait,0.5,0,0,0,0,0,RL,1,0,-2.014195914,17.71981657,160.9895864,161.9743678,0.020692396,-0.004601017633,0.009613552979,0.0232758462,,,,
506,6.014,1.012,baseline — trained fixed gait,0.5,0,0,0,0,0,RR,1,0,21.96347418,11.04844553,267.5688011,268.6959726,0.01777292169,-0.004708876778,0.05969879988,0.06246596652,,,,
507,6.016,1.014,baseline — trained fixed gait,0.5,0,0,0,0,0,FL,1,0,-45.55621268,114.7783022,238.1937587,268.3014981,-0.352441287,-0.6785747339,-0.703040845,1.038722754,,,,
507,6.016,1.014,baseline — trained fixed gait,0.5,0,0,0,0,0,FR,1,0,-25.64027347,62.73575217,239.6446407,249.0436749,0.02590361385,-0.01872513432,0.004650105452,0.03229940164,,,,
507,6.016,1.014,baseline — trained fixed gait,0.5,0,0,0,0,0,RL,1,0,-1.594318827,19.42640158,156.8649308,158.0712923,0.02241994234,-0.00593097633,0.01107113223,0.0256982541,,,,
507,6.016,1.014,baseline — trained fixed gait,0.5,0,0,0,0,0,RR,1,0,23.32039733,13.67822753,264.136525,265.5165507,0.0173459261,-0.004129578657,0.0511128614,0.05413371568,,,,
508,6.018,1.016,baseline — trained fixed gait,0.5,0,0,0,0,0,FL,1,0,-35.9098784,72.72905519,215.142492,229.9246109,-0.1969891535,-0.4114032472,-0.3817529494,0.594804735,,,,
508,6.018,1.016,baseline — trained fixed gait,0.5,0,0,0,0,0,FR,1,0,-25.29775294,60.15237175,240.9297888,249.6105912,0.02545984063,-0.01939013812,0.004617238527,0.03233418984,,,,
508,6.018,1.016,baseline — trained fixed gait,0.5,0,0,0,0,0,RL,1,0,-1.285245501,20.48384036,152.763883,154.1364445,0.02363317933,-0.006959056882,0.01156773527,0.027217056,,,,
508,6.018,1.016,baseline — trained fixed gait,0.5,0,0,0,0,0,RR,1,0,24.39646453,15.41475208,261.2034844,262.7928125,0.01715491103,-0.003906345231,0.04378961728,0.04719195998,,,,
509,6.02,1.018,baseline — trained fixed gait,0.5,0,0,0,0,0,FL,1,0,-28.32857816,45.72784272,199.9821244,207.090304,-0.1077708989,-0.2473728992,-0.1811444548,0.3249942021,,,,
509,6.02,1.018,baseline — trained fixed gait,0.5,0,0,0,0,0,FR,1,0,-24.99443358,58.13740793,241.9947411,250.1322343,0.02518807185,-0.01950750173,0.004113171714,0.03212319674,,,,
509,6.02,1.018,baseline — trained fixed gait,0.5,0,0,0,0,0,RL,1,0,-1.058706373,21.0657745,148.6703404,150.1591084,0.0245419185,-0.007752402571,0.0114734929,0.02817883157,,,,
509,6.02,1.018,baseline — trained fixed gait,0.5,0,0,0,0,0,RR,1,0,25.25706889,16.10251425,258.5868694,260.3159226,0.01705628719,-0.003861020994,0.03744375894,0.04132625678,,,,
510,6.022,1.02,baseline — trained fixed gait,0.5,0,0,0,0,0,FL,1,0,-20.98999561,13.34615247,285.2751554,286.3574934,-0.05676651938,-0.1484273935,-0.05672558839,0.1687332843,,,,
510,6.022,1.02,baseline — trained fixed gait,0.5,0,0,0,0,0,FR,1,0,-33.92922186,50.08832776,160.2804795,171.3180224,0.02503504311,-0.0193250391,0.003371001163,0.03180525379,,,,
510,6.022,1.02,baseline — trained fixed gait,0.5,0,0,0,0,0,RL,1,0,-22.3360666,25.07560661,54.63936758,64.13381641,0.02526065607,-0.008366321601,0.01103666844,0.02880805673,,,,
510,6.022,1.02,baseline — trained fixed gait,0.5,0,0,0,0,0,RR,1,0,35.12417733,18.21498555,267.9261482,270.8318933,0.01702932485,-0.003842784502,0.03189858756,0.03636323399,,,,
511,6.024,1.022,baseline — trained fixed gait,0.5,0,0,0,0,0,FL,1,0,-16.97830551,2.571687363,278.3636755,278.892833,-0.0273330396,-0.08682267233,0.01191204656,0.09179960968,,,,
511,6.024,1.022,baseline — trained fixed gait,0.5,0,0,0,0,0,FR,1,0,-33.37670973,48.72183778,160.1751473,170.7158459,0.02600616531,-0.01817357281,0.008321732069,0.0328001617,,,,
511,6.024,1.022,baseline — trained fixed gait,0.5,0,0,0,0,0,RL,1,0,-21.99089471,24.64992286,50.92130048,60.69758636,0.02932072731,-0.01046943408,0.01826381369,0.0360954428,,,,
511,6.024,1.022,baseline — trained fixed gait,0.5,0,0,0,0,0,RR,1,0,35.54222948,17.82600446,266.8919257,269.8375744,0.01545000334,-0.004112377642,0.0263924626,0.03085735464,,,,
512,6.026,1.024,baseline — trained fixed gait,0.5,0,0,0,0,0,FL,1,0,-13.94171145,-4.230385643,273.4820127,273.8698209,-0.01040718747,-0.04970554537,0.05154865677,0.07236169433,,,,
512,6.026,1.024,baseline — trained fixed gait,0.5,0,0,0,0,0,FR,1,0,-32.97390479,47.55602462,160.1572763,170.2915354,0.02664411442,-0.01736472761,0.01059788226,0.03352249553,,,,
512,6.026,1.024,baseline — trained fixed gait,0.5,0,0,0,0,0,RL,1,0,-21.79017248,24.21531621,47.50162619,57.59859067,0.03243077368,-0.01237192753,0.02228897155,0.04125067181,,,,
512,6.026,1.024,baseline — trained fixed gait,0.5,0,0,0,0,0,RR,1,0,35.85086615,17.22754987,265.9957498,268.9531781,0.01445001467,-0.004212457917,0.02173697403,0.0264394358,,,,
513,6.028,1.026,baseline — trained fixed gait,0.5,0,0,0,0,0,FL,1,0,-11.69108406,-8.608786404,270.042667,270.4326804,-0.0005954159782,-0.02731878295,0.07257825208,0.07755174464,,,,
513,6.028,1.026,baseline — trained fixed gait,0.5,0,0,0,0,0,FR,1,0,-32.6831794,46.52962595,160.1868506,169.9794794,0.02712822011,-0.01680901974,0.01114484663,0.03380371396,,,,
513,6.028,1.026,baseline — trained fixed gait,0.5,0,0,0,0,0,RL,1,0,-21.70782018,23.77453058,44.33485019,54.79084506,0.03511017972,-0.0142490932,0.02426493387,0.04499498186,,,,
513,6.028,1.026,baseline — trained fixed gait,0.5,0,0,0,0,0,RR,1,0,36.09351861,16.52050519,265.1861748,268.1405909,0.01380370949,-0.004188778888,0.01776855995,0.02288689553,,,,
514,6.03,1.028,baseline — trained fixed gait,0.5,0,0,0,0,0,FL,1,0,-10.05209427,-11.45671495,267.5846691,268.0183876,0.005220456897,-0.01378232231,0.08185714789,0.08317330245,,,,
514,6.03,1.028,baseline — trained fixed gait,0.5,0,0,0,0,0,FR,1,0,-32.48492095,45.61658271,160.2487003,169.7521389,0.0275573988,-0.01643343378,0.01061637421,0.03379608522,,,,
514,6.03,1.028,baseline — trained fixed gait,0.5,0,0,0,0,0,RL,1,0,-21.72022093,23.30470671,41.39290352,52.23265084,0.03766529855,-0.01620481326,0.02498363767,0.04801513135,,,,
514,6.03,1.028,baseline — trained fixed gait,0.5,0,0,0,0,0,RR,1,0,34.50380108,16.23759699,263.7898321,266.531888,0.01336602376,-0.004077859841,0.0143557912,0.02003417763,,,,
515,6.032,1.03,baseline — trained fixed gait,0.5,0,0,0,0,0,FL,1,0,-6.433717794,-23.58697736,289.0897028,290.1216891,0.008756691578,-0.00558621711,0.08382734521,0.08446839216,,,,
515,6.032,1.03,baseline — trained fixed gait,0.5,0,0,0,0,0,FR,1,0,-45.58247818,12.60497733,48.48954626,67.73391962,0.02797382233,-0.01618255408,0.00946020858,0.03367351094,,,,
515,6.032,1.03,baseline — trained fixed gait,0.5,0,0,0,0,0,RL,1,0,-41.5793447,0,34.64945391,54.12417724,0.04026458003,-0.01827780907,0.02497561399,0.05078480091,,,,
515,6.032,1.03,baseline — trained fixed gait,0.5,0,0,0,0,0,RR,1,0,38.75001549,24.17851636,301.092056,304.5366817,0.01310070949,-0.004169882463,0.01292873712,0.01887243366,,,,
516,6.034,1.032,baseline — trained fixed gait,0.5,0,0,0,0,0,FL,1,0,-5.820224609,-25.16990002,289.4791446,290.6296166,0.01029018235,0.0006933832311,0.07992936232,0.08059200701,,,,
516,6.034,1.032,baseline — trained fixed gait,0.5,0,0,0,0,0,FR,1,0,-43.31047454,15.02097997,48.60954543,66.81552926,0.0783732484,-0.05762233648,0.07549080122,0.1231322898,,,,
516,6.034,1.032,baseline — trained fixed gait,0.5,0,0,0,0,0,RL,1,0,-37.24786294,0,31.03988578,48.48585157,0.2051455743,-0.07287989883,0.2281991019,0.3153902605,,,,
516,6.034,1.032,baseline — trained fixed gait,0.5,0,0,0,0,0,RR,1,0,39.03934004,22.64574479,300.0485818,303.4238806,0.01256692751,-0.005211933812,0.008738416607,0.01616947265,,,,
517,6.036,1.034,baseline — trained fixed gait,0.5,0,0,0,0,0,FL,1,0,-5.451679544,-26.26992434,290.2171674,291.454686,0.01127091967,0.004532350453,0.07420283753,0.07519067048,,,,
517,6.036,1.034,baseline — trained fixed gait,0.5,0,0,0,0,0,FR,1,0,-40.66094835,16.78961949,47.87547319,65.01742056,0.119828061,-0.09381123406,0.1234714053,0.1959706605,,,,
517,6.036,1.034,baseline — trained fixed gait,0.5,0,0,0,0,0,RL,0,0,0,0,0,0,0.3293549375,-0.1083745833,0.3697470626,0.5068852093,,,,
517,6.036,1.034,baseline — trained fixed gait,0.5,0,0,0,0,0,RR,1,0,39.3580979,21.34724974,298.9290262,302.2636724,0.01224138605,-0.005598784639,0.005711434162,0.01462253063,,,,
518,6.038,1.036,baseline — trained fixed gait,0.5,0,0,0,0,0,FL,1,0,-5.099618809,-28.39999493,291.2465513,292.6723756,0.01193150878,0.006908963426,0.06764225482,0.06903310303,,,,
518,6.038,1.036,baseline — trained fixed gait,0.5,0,0,0,0,0,FR,0,0,0,0,0,0,0.1562523834,-0.1259434259,0.1565540981,0.2545304294,,,,
518,6.038,1.036,baseline — trained fixed gait,0.5,0,0,0,0,0,RL,0,0,0,0,0,0,0.5508818041,-0.1207791156,0.4710151144,0.7347881292,,,,
518,6.038,1.036,baseline — trained fixed gait,0.5,0,0,0,0,0,RR,1,0,39.68119033,20.59824848,297.7994585,301.1368496,0.01199944629,-0.00565285509,0.003495564833,0.01371715916,,,,
519,6.04,1.038,baseline — trained fixed gait,0.5,0,0,0,0,0,FL,1,0,-4.754859438,-29.14360871,292.2686374,293.7565574,0.01229851128,0.008541764241,0.06085710622,0.06267218277,,,,
519,6.04,1.038,baseline — trained fixed gait,0.5,0,0,0,0,0,FR,0,0,0,0,0,0,0.3072552527,-0.2128314441,0.1556949023,0.4048998845,,,,
519,6.04,1.038,baseline — trained fixed gait,0.5,0,0,0,0,0,RL,0,0,0,0,0,0,0.7284087817,-0.1253756271,0.5335833635,0.9115972832,,,,
519,6.04,1.038,baseline — trained fixed gait,0.5,0,0,0,0,0,RR,1,0,40.17781667,19.59132539,296.4020769,299.7536792,0.01179491452,-0.005565975455,0.001832173795,0.01317030569,,,,
520,6.042,1.04,baseline — trained fixed gait,0.5,0,0,0,0,0,FL,1,0,-8.680935573,-34.69547044,299.3445836,301.473571,0.01255474419,0.00958038529,0.05422393014,0.05647689779,,,,
520,6.042,1.04,baseline — trained fixed gait,0.5,0,0,0,0,0,FR,0,0,0,0,0,0,0.4472087701,-0.2930662943,0.1513898321,0.5556999354,,,,
520,6.042,1.04,baseline — trained fixed gait,0.5,0,0,0,0,0,RL,0,0,0,0,0,0,0.8713112874,-0.1222156911,0.5676079283,1.047042881,,,,
520,6.042,1.04,baseline — trained fixed gait,0.5,0,0,0,0,0,RR,1,0,41.14850059,23.57002996,320.8432861,324.3287833,0.01160745384,-0.005387656746,0.0005721758947,0.0128096532,,,,
521,6.044,1.042,baseline — trained fixed gait,0.5,0,0,0,0,0,FL,1,0,-8.661289474,-34.26989216,301.4025447,303.4681819,0.01304161667,0.01090652646,0.04758754397,0.05053326059,,,,
521,6.044,1.042,baseline — trained fixed gait,0.5,0,0,0,0,0,FR,0,0,0,0,0,0,0.8128266511,-0.3245998175,0.4068289598,0.9651746002,,,,
521,6.044,1.042,baseline — trained fixed gait,0.5,0,0,0,0,0,RL,0,0,0,0,0,0,1.077765564,-0.08858957364,0.6763681491,1.275500136,,,,
521,6.044,1.042,baseline — trained fixed gait,0.5,0,0,0,0,0,RR,1,0,41.54769172,23.05941429,319.3912317,322.9066524,0.01156608421,-0.005825703809,-0.002158869492,0.01312912207,,,,
522,6.046,1.044,baseline — trained fixed gait,0.5,0,0,0,0,0,FL,1,0,-8.586602761,-33.83875874,303.3137254,305.3162415,0.01335084484,0.01161375156,0.04156603059,0.04517586947,,,,
522,6.046,1.044,baseline — trained fixed gait,0.5,0,0,0,0,0,FR,0,0,0,0,0,0,1.092308263,-0.364437844,0.5761653116,1.287601938,,,,
522,6.046,1.044,baseline — trained fixed gait,0.5,0,0,0,0,0,RL,0,0,0,0,0,0,1.234120404,-0.04749080161,0.7419326131,1.440754161,,,,
522,6.046,1.044,baseline — trained fixed gait,0.5,0,0,0,0,0,RR,1,0,42.01272443,22.7089021,317.8394095,321.4073016,0.01151040358,-0.006016468932,-0.003889244124,0.01355778407,,,,
523,6.048,1.046,baseline — trained fixed gait,0.5,0,0,0,0,0,FL,1,0,-8.46870961,-33.43614228,305.0954497,307.0389683,0.01355113415,0.01196393572,0.03615420211,0.04042147108,,,,
523,6.048,1.046,baseline — trained fixed gait,0.5,0,0,0,0,0,FR,0,0,0,0,0,0,1.304907169,-0.4090876446,0.681985152,1.528148935,,,,
523,6.048,1.046,baseline — trained fixed gait,0.5,0,0,0,0,0,RL,0,0,0,0,0,0,1.35168494,-0.002182529248,0.7757511113,1.55847577,,,,
523,6.048,1.046,baseline — trained fixed gait,0.5,0,0,0,0,0,RR,1,0,42.51474489,22.47957675,316.2371289,319.873032,0.01142545763,-0.006082322968,-0.004964806764,0.01386308195,,,,
524,6.05,1.048,baseline — trained fixed gait,0.5,0,0,0,0,0,FL,1,0,-8.316250095,-33.06844391,306.7579983,308.6472931,0.01368896642,0.01211144336,0.03132759035,0.03626972262,,,,
524,6.05,1.048,baseline — trained fixed gait,0.5,0,0,0,0,0,FR,0,0,0,0,0,0,1.466053868,-0.4558330526,0.7411796196,1.704829887,,,,
524,6.05,1.048,baseline — trained fixed gait,0.5,0,0,0,0,0,RL,0,0,0,0,0,0,1.439307645,0.04507271841,0.786501264,1.640799283,,,,
524,6.05,1.048,baseline — trained fixed gait,0.5,0,0,0,0,0,RR,1,0,43.03293362,22.34727173,314.620541,318.3352301,0.01131192487,-0.006090665582,-0.005611998239,0.0140196425,,,,
525,6.052,1.05,baseline — trained fixed gait,0.5,0,0,0,0,0,FL,1,0,-3.958198553,-33.36301485,310.2979703,312.1115001,0.01379280695,0.01214450683,0.0270464163,0.0326992233,,,,
525,6.052,1.05,baseline — trained fixed gait,0.5,0,0,0,0,0,FR,0,0,0,0,0,0,1.58781687,-0.5025979753,0.7665891349,1.833419221,,,,
525,6.052,1.05,baseline — trained fixed gait,0.5,0,0,0,0,0,RL,0,0,0,0,0,0,1.503854657,0.09253443953,0.7807915575,1.696990545,,,,
525,6.052,1.05,baseline — trained fixed gait,0.5,0,0,0,0,0,RR,1,0,44.28283966,23.20802548,316.0594768,319.9893361,0.01117262456,-0.006078113644,-0.005983063445,0.01405589034,,,,
526,6.054,1.052,baseline — trained fixed gait,0.5,0,0,0,0,0,FL,1,0,-3.750144899,-32.77784048,311.7768023,313.5175033,0.01334517857,0.01215708357,0.02312594661,0.02933765292,,,,
526,6.054,1.052,baseline — trained fixed gait,0.5,0,0,0,0,0,FR,0,0,0,0,0,0,1.741785398,-0.5260775124,0.8433762754,2.005456922,,,,
526,6.054,1.052,baseline — trained fixed gait,0.5,0,0,0,0,0,RL,0,0,0,0,0,0,1.54309445,0.1417871689,0.7719072423,1.731209079,,,,
526,6.054,1.052,baseline — trained fixed gait,0.5,0,0,0,0,0,RR,1,0,44.7498744,23.34148023,314.5873001,318.6103347,0.0109386813,-0.006189445551,-0.006385482614,0.01409745981,,,,
527,6.056,1.054,baseline — trained fixed gait,0.5,0,0,0,0,0,FL,1,0,-3.541132029,-32.25678987,313.1427837,314.8196993,0.01312878422,0.01206507,0.01971477851,0.02658201236,,,,
527,6.056,1.054,baseline — trained fixed gait,0.5,0,0,0,0,0,FR,0,0,0,0,0,0,1.851825728,-0.5517838825,0.879851994,2.123172982,,,,
527,6.056,1.054,baseline — trained fixed gait,0.5,0,0,0,0,0,RL,0,0,0,0,0,0,1.566886489,0.1892978289,0.75244778,1.748469216,,,,
527,6.056,1.054,baseline — trained fixed gait,0.5,0,0,0,0,0,RR,1,0,45.20437137,23.5437055,313.1606082,317.2811179,0.01072230096,-0.006264801499,-0.00659101857,0.01405905407,,,,
528,6.058,1.056,baseline — trained fixed gait,0.5,0,0,0,0,0,FL,1,0,-3.326594234,-31.76697477,314.3940897,316.0124215,0.0130598322,0.01192063912,0.01674854824,0.02435517855,,,,
528,6.058,1.056,baseline — trained fixed gait,0.5,0,0,0,0,0,FR,0,0,0,0,0,0,1.928770821,-0.5778927404,0.8872769872,2.200313012,,,,
528,6.058,1.056,baseline — trained fixed gait,0.5,0,0,0,0,0,RL,0,0,0,0,0,0,1.579006474,0.2343395174,0.7259479624,1.753618231,,,,
528,6.058,1.056,baseline — trained fixed gait,0.5,0,0,0,0,0,RR,1,0,45.64081239,23.73069064,311.7835995,315.9988011,0.01051137063,-0.006328431389,-0.006676672655,0.01396838981,,,,
529,6.06,1.058,baseline — trained fixed gait,0.5,0,0,0,0,0,FL,1,0,-3.104942937,-31.36817482,315.5418222,317.1123533,0.01308337188,0.01174792862,0.01416694724,0.02258076263,,,,
529,6.06,1.058,baseline — trained fixed gait,0.5,0,0,0,0,0,FR,0,0,0,0,0,0,1.980928931,-0.6030806297,0.8742312999,2.247680146,,,,
529,6.06,1.058,baseline — trained fixed gait,0.5,0,0,0,0,0,RL,0,0,0,0,0,0,1.582343517,0.2764673752,0.6950706401,1.750248099,,,,
529,6.06,1.058,baseline — trained fixed gait,0.5,0,0,0,0,0,RR,1,0,46.05516441,23.9228308,310.4708462,314.7785354,0.0102994073,-0.006383943478,-0.006693578674,0.01384328431,,,,
530,6.062,1.06,baseline — trained fixed gait,0.5,0,0,0,0,0,FL,1,0,2.877453387,-28.96615547,309.4002576,310.7665318,0.01316716907,0.01156852251,0.01191865695,0.02119574103,,,,
530,6.062,1.06,baseline — trained fixed gait,0.5,0,0,0,0,0,FR,0,0,0,0,0,0,2.014624472,-0.6264255293,0.8472432211,2.273530687,,,,
530,6.062,1.06,baseline — trained fixed gait,0.5,0,0,0,0,0,RL,0,0,0,0,0,0,1.579098839,0.3154408832,0.6618019014,1.740987608,,,,
530,6.062,1.06,baseline — trained fixed gait,0.5,0,0,0,0,0,RR,1,0,46.12518261,21.72565269,294.5915382,298.971087,0.01008398936,-0.006436277132,-0.006675445412,0.01369941883,,,,
531,6.064,1.062,baseline — trained fixed gait,0.5,0,0,0,0,0,FL,1,0,3.215753206,-28.57517048,310.1846448,311.5146792,0.01254968553,0.01109379405,0.01042990358,0.01973194775,,,,
531,6.064,1.062,baseline — trained fixed gait,0.5,0,0,0,0,0,FR,0,0,0,0,0,0,2.047015805,-0.6345675682,0.8264708332,2.29695532,,,,
531,6.064,1.062,baseline — trained fixed gait,0.5,0,0,0,0,0,RL,0,0,0,0,0,0,1.567643565,0.3472497242,0.6308471966,1.725125184,,,,
531,6.064,1.062,baseline — trained fixed gait,0.5,0,0,0,0,0,RR,1,0,46.50171066,21.94471975,293.5499432,298.0193768,0.009802422394,-0.006184266575,-0.005643740171,0.01289125444,,,,
532,6.066,1.064,baseline — trained fixed gait,0.5,0,0,0,0,0,FL,1,0,3.50737566,-28.23957449,310.919526,312.2190367,0.01227373305,0.01072782783,0.008979156959,0.01861064407,,,,
532,6.066,1.064,baseline — trained fixed gait,0.5,0,0,0,0,0,FR,0,0,0,0,0,0,2.065189463,-0.6414628032,0.7951803005,2.304081977,,,,
532,6.066,1.064,baseline — trained fixed gait,0.5,0,0,0,0,0,RL,0,0,0,0,0,0,1.551434025,0.376261279,0.5980240404,1.704744215,,,,
532,6.066,1.064,baseline — trained fixed gait,0.5,0,0,0,0,0,RR,1,0,46.82061152,22.16979089,292.6386822,297.1886061,0.009521288604,-0.006064641166,-0.005084220846,0.01238079605,,,,
533,6.068,1.066,baseline — trained fixed gait,0.5,0,0,0,0,0,FL,1,0,3.770704877,-27.95032965,311.5888666,312.862687,0.01221253204,0.01043231264,0.007613740205,0.0177749297,,,,
533,6.068,1.066,baseline — trained fixed gait,0.5,0,0,0,0,0,FR,0,0,0,0,0,0,2.072903987,-0.6466613201,0.757351957,2.29971385,,,,
533,6.068,1.066,baseline — trained fixed gait,0.5,0,0,0,0,0,RL,0,0,0,0,0,0,1.531854751,0.402442567,0.5645688122,1.681450844,,,,
533,6.068,1.066,baseline — trained fixed gait,0.5,0,0,0,0,0,RR,1,0,47.09195868,22.39158117,291.8480918,296.4698031,0.009244168218,-0.006024466191,-0.004834909467,0.01204679163,,,,
534,6.07,1.068,baseline — trained fixed gait,0.5,0,0,0,0,0,FL,1,0,4.017386014,-27.69981606,312.1853087,313.4375315,0.01228315668,0.0101823195,0.00635316461,0.01717318459,,,,
534,6.07,1.068,baseline — trained fixed gait,0.5,0,0,0,0,0,FR,0,0,0,0,0,0,2.072974437,-0.6499028622,0.7159676172,2.287401664,,,,
534,6.07,1.068,baseline — trained fixed gait,0.5,0,0,0,0,0,RL,0,0,0,0,0,0,1.509950644,0.42583836,0.5313734676,1.656395792,,,,
534,6.07,1.068,baseline — trained fixed gait,0.5,0,0,0,0,0,RR,1,0,47.32372967,22.60455027,291.170624,295.8561024,0.008971033609,-0.006031594164,-0.004787104941,0.01182268776,,,,
535,6.072,1.07,baseline — trained fixed gait,0.5,0,0,0,0,0,FL,1,0,5.820039449,-24.3991896,297.7648684,298.8195277,0.01243638138,0.009962942339,0.005205983584,0.01676383211,,,,
535,6.072,1.07,baseline — trained fixed gait,0.5,0,0,0,0,0,FR,0,0,0,0,0,0,2.067493544,-0.6510676223,0.6732304611,2.269726384,,,,
535,6.072,1.07,baseline — trained fixed gait,0.5,0,0,0,0,0,RL,0,0,0,0,0,0,1.48650597,0.4465467612,0.4990639461,1.630389165,,,,
535,6.072,1.07,baseline — trained fixed gait,0.5,0,0,0,0,0,RR,1,0,46.63405391,19.96839574,276.0015915,280.6249282,0.008701220157,-0.006066425988,-0.00486776335,0.01167081302,,,,
536,6.074,1.072,baseline — trained fixed gait,0.5,0,0,0,0,0,FL,1,0,6.138819463,-24.17280162,298.1998797,299.2410027,0.01234741402,0.009361026056,0.005173159132,0.01633551399,,,,
536,6.074,1.072,baseline — trained fixed gait,0.5,0,0,0,0,0,FR,0,0,0,0,0,0,2.070556392,-0.6431878338,0.6448501982,2.262018157,,,,
536,6.074,1.072,baseline — trained fixed gait,0.5,0,0,0,0,0,RL,0,0,0,0,0,0,1.473650245,0.4587195528,0.4788268904,1.615965304,,,,
536,6.074,1.072,baseline — trained fixed gait,0.5,0,0,0,0,0,RR,1,0,46.85219367,20.11069263,275.5099493,280.187973,0.008473124025,-0.00574832643,-0.004029427289,0.01100333458,,,,
537,6.076,1.074,baseline — trained fixed gait,0.5,0,0,0,0,0,FL,1,0,6.399329743,-23.9504749,298.6150205,299.6422986,0.01239610327,0.008942828083,0.004793270825,0.01601914466,,,,
537,6.076,1.074,baseline — trained fixed gait,0.5,0,0,0,0,0,FR,0,0,0,0,0,0,2.066974613,-0.6342617684,0.6129605311,2.247307868,,,,
537,6.076,1.074,baseline — trained fixed gait,0.5,0,0,0,0,0,RL,0,0,0,0,0,0,1.456875338,0.4694549173,0.4561512836,1.597168639,,,,
537,6.076,1.074,baseline — trained fixed gait,0.5,0,0,0,0,0,RR,1,0,44.46925795,19.04900588,273.9112173,278.1505609,0.008217704339,-0.005588977195,-0.00370158714,0.01060514394,,,,
538,6.078,1.076,baseline — trained fixed gait,0.5,0,0,0,0,0,FL,1,0,6.638109713,-23.81300407,298.9796394,299.999914,0.01253843716,0.008629911766,0.004224350452,0.01579661103,,,,
538,6.078,1.076,baseline — trained fixed gait,0.5,0,0,0,0,0,FR,0,0,0,0,0,0,2.058483218,-0.6241711015,0.5794305238,2.227707893,,,,
538,6.078,1.076,baseline — trained fixed gait,0.5,0,0,0,0,0,RL,0,0,0,0,0,0,1.437318056,0.4789339493,0.4321078295,1.575429497,,,,
538,6.078,1.076,baseline — trained fixed gait,0.5,0,0,0,0,0,RR,1,0,44.70864059,19.2626951,273.598183,277.8954474,0.008280852621,-0.005602657761,-0.001589434051,0.01012366508,,,,
539,6.08,1.078,baseline — trained fixed gait,0.5,0,0,0,0,0,FL,1,0,6.858219204,-23.70013661,299.2913934,300.3066264,0.0127366048,0.008389373782,0.003567502975,0.01566300647,,,,
539,6.08,1.078,baseline — trained fixed gait,0.5,0,0,0,0,0,FR,0,0,0,0,0,0,2.046365757,-0.6128669802,0.5456373058,2.204753686,,,,
539,6.08,1.078,baseline — trained fixed gait,0.5,0,0,0,0,0,RL,0,0,0,0,0,0,1.415842136,0.4868721149,0.4075341781,1.551688601,,,,
539,6.08,1.078,baseline — trained fixed gait,0.5,0,0,0,0,0,RR,1,0,44.88302431,19.45994198,273.4431419,277.7846775,0.008195060982,-0.005641677991,-0.0004269735308,0.009958406572,,,,
540,6.082,1.08,baseline — trained fixed gait,0.5,0,0,0,0,0,FL,1,0,3.703486588,-21.27433385,285.5308738,286.3462816,0.0129701457,0.008194770665,0.002878159745,0.01560970048,,,,
540,6.082,1.08,baseline — trained fixed gait,0.5,0,0,0,0,0,FR,0,0,0,0,0,0,2.031575889,-0.600371106,0.51256148,2.179556223,,,,
540,6.082,1.08,baseline — trained fixed gait,0.5,0,0,0,0,0,RL,0,0,0,0,0,0,1.393111565,0.4933063686,0.3830266874,1.526702476,,,,
540,6.082,1.08,baseline — trained fixed gait,0.5,0,0,0,0,0,RR,1,0,43.00866004,18.08049647,267.4271181,271.4662275,0.00802784876,-0.005695812414,0.0001088070368,0.009843803825,,,,
541,6.084,1.082,baseline — trained fixed gait,0.5,0,0,0,0,0,FL,1,0,3.922271183,-21.19696928,285.8814084,286.6929985,0.01353279968,0.007734659179,0.003137454056,0.01589985024,,,,
541,6.084,1.082,baseline — trained fixed gait,0.5,0,0,0,0,0,FR,0,0,0,0,0,0,2.026606369,-0.5843110501,0.4934798371,2.166119832,,,,
541,6.084,1.082,baseline — trained fixed gait,0.5,0,0,0,0,0,RL,0,0,0,0,0,0,1.39348142,0.4889348606,0.3808890164,1.525098098,,,,
541,6.084,1.082,baseline — trained fixed gait,0.5,0,0,0,0,0,RR,1,0,43.12909801,18.1350309,267.3646796,271.4274679,0.008085002362,-0.005538731691,0.0006396582511,0.009821098442,,,,
542,6.086,1.084,baseline — trained fixed gait,0.5,0,0,0,0,0,FL,1,0,4.124761978,-21.14708998,286.2022731,287.0121151,0.01395708481,0.007428478737,0.002981296553,0.01608945748,,,,
542,6.086,1.084,baseline — trained fixed gait,0.5,0,0,0,0,0,FR,0,0,0,0,0,0,2.016926877,-0.5677904743,0.4719728381,2.147821783,,,,
542,6.086,1.084,baseline — trained fixed gait,0.5,0,0,0,0,0,RL,0,0,0,0,0,0,1.387391798,0.4849044049,0.3724302039,1.516143971,,,,
542,6.086,1.084,baseline — trained fixed gait,0.5,0,0,0,0,0,RR,1,0,43.22100872,18.20928421,267.4085633,271.4902822,0.008016006047,-0.005459020263,0.000738365431,0.009726378498,,,,
543,6.088,1.086,baseline — trained fixed gait,0.5,0,0,0,0,0,FL,1,0,4.314375877,-21.11724054,286.4900991,287.2997191,0.01429952329,0.007214722807,0.002575486255,0.01622226004,,,,
543,6.088,1.086,baseline — trained fixed gait,0.5,0,0,0,0,0,FR,0,0,0,0,0,0,2.003629964,-0.5507392628,0.4492545064,2.125953052,,,,
543,6.088,1.086,baseline — trained fixed gait,0.5,0,0,0,0,0,RL,0,0,0,0,0,0,1.376484112,0.4809027106,0.359496246,1.501736821,,,,
543,6.088,1.086,baseline — trained fixed gait,0.5,0,0,0,0,0,RR,1,0,43.28875272,18.29671673,267.552999,271.6492099,0.007873975147,-0.005428696553,0.0005680666244,0.009580862726,,,,
544,6.09,1.088,baseline — trained fixed gait,0.5,0,0,0,0,0,FL,1,0,4.49373863,-21.10324549,286.7420884,287.5527185,0.01459586721,0.007057729923,0.0020334699,0.01633970291,,,,
544,6.09,1.088,baseline — trained fixed gait,0.5,0,0,0,0,0,FR,0,0,0,0,0,0,1.987546935,-0.5331406928,0.4262143016,2.101485296,,,,
544,6.09,1.088,baseline — trained fixed gait,0.5,0,0,0,0,0,RL,0,0,0,0,0,0,1.362039305,0.4767128192,0.3435097619,1.483376263,,,,
544,6.09,1.088,baseline — trained fixed gait,0.5,0,0,0,0,0,RR,1,0,43.33645529,18.39295427,267.7920197,271.8987219,0.007692153685,-0.005429810822,0.0002414061475,0.009418617245,,,,
545,6.092,1.09,baseline — trained fixed gait,0.5,0,0,0,0,0,FL,1,0,-2.343382599,-20.18117481,278.4717427,279.2118958,0.01486622185,0.006936128039,0.001429995586,0.01646691567,,,,
545,6.092,1.09,baseline — trained fixed gait,0.5,0,0,0,0,0,FR,0,0,0,0,0,0,1.96930722,-0.5150161823,0.4034878357,2.075142171,,,,
545,6.092,1.09,baseline — trained fixed gait,0.5,0,0,0,0,0,RL,0,0,0,0,0,0,1.345052634,0.4721906168,0.3255585246,1.462230802,,,,
545,6.092,1.09,baseline — trained fixed gait,0.5,0,0,0,0,0,RR,1,0,41.04654088,17.26157691,264.9378211,268.6537356,0.00749073296,-0.005450714341,-0.0001657595428,0.00926546509,,,,
546,6.094,1.092,baseline — trained fixed gait,0.5,0,0,0,0,0,FL,1,0,-2.23292306,-20.20541375,278.8952169,279.6350956,0.01592157549,0.006732787123,0.001402558319,0.0173434183,,,,
546,6.094,1.092,baseline — trained fixed gait,0.5,0,0,0,0,0,FR,0,0,0,0,0,0,1.957590513,-0.4964889333,0.3910928046,2.057089074,,,,
546,6.094,1.092,baseline — trained fixed gait,0.5,0,0,0,0,0,RL,0,0,0,0,0,0,1.353471856,0.460871115,0.3286931494,1.467081264,,,,
546,6.094,1.092,baseline — trained fixed gait,0.5,0,0,0,0,0,RR,1,0,41.09484803,17.25214067,265.1421877,268.8620512,0.007617284936,-0.005311100586,-0.00039140792,0.009294300371,,,,
547,6.096,1.094,baseline — trained fixed gait,0.5,0,0,0,0,0,FL,1,0,-2.101836451,-20.24545081,279.2739661,280.0147213,0.01661625639,0.006600501069,0.001113816587,0.01791388227,,,,
547,6.096,1.094,baseline — trained fixed gait,0.5,0,0,0,0,0,FR,0,0,0,0,0,0,1.942235886,-0.477826353,0.3765447277,2.035284793,,,,
547,6.096,1.094,baseline — trained fixed gait,0.5,0,0,0,0,0,RL,0,0,0,0,0,0,1.354865247,0.4505264105,0.3246559078,1.464252486,,,,
547,6.096,1.094,baseline — trained fixed gait,0.5,0,0,0,0,0,RR,1,0,41.14432634,17.2719692,265.4073341,269.1323643,0.00761273529,-0.005234352903,-0.0007050249123,0.009265486983,,,,
548,6.098,1.096,baseline — trained fixed gait,0.5,0,0,0,0,0,FL,1,0,-1.96018159,-20.29702827,279.6179449,280.3604943,0.01709252715,0.006509670189,0.0006773404082,0.01830270692,,,,
548,6.098,1.096,baseline — trained fixed gait,0.5,0,0,0,0,0,FR,0,0,0,0,0,0,1.924010979,-0.4589807454,0.3607175583,2.010621478,,,,
548,6.098,1.096,baseline — trained fixed gait,0.5,0,0,0,0,0,RL,0,0,0,0,0,0,1.350898368,0.4407770627,0.315429625,1.455577778,,,,
548,6.098,1.096,baseline — trained fixed gait,0.5,0,0,0,0,0,RR,1,0,41.1917589,17.31327258,265.7356486,269.4660375,0.007531516098,-0.0051986106,-0.001057797988,0.0092123951,,,,
549,6.1,1.098,baseline — trained fixed gait,0.5,0,0,0,0,0,FL,1,0,-1.813751185,-20.3582463,279.9314306,280.6765999,0.01744050827,0.006444264504,0.0001734799077,0.01859381534,,,,
549,6.1,1.098,baseline — trained fixed gait,0.5,0,0,0,0,0,FR,0,0,0,0,0,0,1.903514107,-0.4399411677,0.3442615376,1.983791873,,,,
549,6.1,1.098,baseline — trained fixed gait,0.5,0,0,0,0,0,RL,0,0,0,0,0,0,1.342879889,0.4313453363,0.3025528675,1.442540618,,,,
549,6.1,1.098,baseline — trained fixed gait,0.5,0,0,0,0,0,RR,1,0,41.23576294,17.37046982,266.1268193,269.8621969,0.007408063059,-0.005189583154,-0.001416625512,0.009155217062,,,,
550,6.102,1.1,baseline — trained fixed gait,0.5,0,0,0,0,0,FL,1,0,-9.327608972,-21.23851308,281.3282087,282.2829073,0.01771277624,0.006394508124,-0.000346683252,0.018834871,,,,
550,6.102,1.1,baseline — trained fixed gait,0.5,0,0,0,0,0,FR,0,0,0,0,0,0,1.881211153,-0.4207230306,0.3276508306,1.955330748,,,,
550,6.102,1.1,baseline — trained fixed gait,0.5,0,0,0,0,0,RL,0,0,0,0,0,0,1.331833736,0.4220327426,0.2872113734,1.426318025,,,,
550,6.102,1.1,baseline — trained fixed gait,0.5,0,0,0,0,0,RR,1,0,39.74115831,16.76800385,265.5827434,269.0626678,0.007262992407,-0.005197889243,-0.001761447188,0.009103395382,,,,
551,6.104,1.102,baseline — trained fixed gait,0.5,0,0,0,0,0,FL,1,0,-9.294472469,-21.34580581,281.7995643,282.7596595,0.01891821933,0.006471334925,-0.0009171179013,0.02001545162,,,,
551,6.104,1.102,baseline — trained fixed gait,0.5,0,0,0,0,0,FR,0,0,0,0,0,0,1.859317582,-0.4015227898,0.3126914282,1.927708056,,,,
551,6.104,1.102,baseline — trained fixed gait,0.5,0,0,0,0,0,RL,0,0,0,0,0,0,1.338459283,0.4082531602,0.2869705311,1.428459303,,,,
551,6.104,1.102,baseline — trained fixed gait,0.5,0,0,0,0,0,RR,1,0,39.79370268,16.75368099,265.9445655,269.4266812,0.00733769725,-0.005123783716,-0.002015278037,0.009173674622,,,,
552,6.106,1.104,baseline — trained fixed gait,0.5,0,0,0,0,0,FL,1,0,-9.209749959,-21.45621927,282.2026567,283.1669618,0.01968894286,0.006514374187,-0.001428861189,0.02078781341,,,,
552,6.106,1.104,baseline — trained fixed gait,0.5,0,0,0,0,0,FR,0,0,0,0,0,0,1.835770675,-0.3822019296,0.2975299705,1.89859326,,,,
552,6.106,1.104,baseline — trained fixed gait,0.5,0,0,0,0,0,RL,0,0,0,0,0,0,1.339344224,0.3954241755,0.2810371458,1.424494685,,,,
552,6.106,1.104,baseline — trained fixed gait,0.5,0,0,0,0,0,RR,1,0,39.85360432,16.76338335,266.3465991,269.8329699,0.007320830457,-0.005083943848,-0.002261696469,0.009195450752,,,,
553,6.108,1.106,baseline — trained fixed gait,0.5,0,0,0,0,0,FL,1,0,-9.092990523,-21.569428,282.5571599,283.5250806,0.02019335778,0.006535544564,-0.001881878806,0.0213078978,,,,
553,6.108,1.106,baseline — trained fixed gait,0.5,0,0,0,0,0,FR,0,0,0,0,0,0,1.810881912,-0.3627880806,0.2824417165,1.868336644,,,,
553,6.108,1.106,baseline — trained fixed gait,0.5,0,0,0,0,0,RL,0,0,0,0,0,0,1.335808545,0.3832305151,0.2710257979,1.415876082,,,,
553,6.108,1.106,baseline — trained fixed gait,0.5,0,0,0,0,0,RR,1,0,39.91712955,16.79144145,266.7916014,270.2833482,0.007250995651,-0.005067380828,-0.002492239136,0.009190568116,,,,
554,6.11,1.108,baseline — trained fixed gait,0.5,0,0,0,0,0,FL,1,0,-8.964066811,-21.67000839,282.7851091,283.7558135,0.02053838513,0.006543742554,-0.002274879286,0.02167535251,,,,
554,6.11,1.108,baseline — trained fixed gait,0.5,0,0,0,0,0,FR,0,0,0,0,0,0,1.784899324,-0.343320652,0.2676166205,1.837213466,,,,
554,6.11,1.108,baseline — trained fixed gait,0.5,0,0,0,0,0,RL,0,0,0,0,0,0,1.328890675,0.3714398256,0.2581875081,1.403773044,,,,
554,6.11,1.108,baseline — trained fixed gait,0.5,0,0,0,0,0,RR,1,0,39.98229876,16.83134693,267.2793892,270.7769384,0.007152431124,-0.005066627392,-0.002701918512,0.009172150662,,,,
555,6.112,1.11,baseline — trained fixed gait,0.5,0,0,0,0,0,FL,1,0,-16.66603313,-22.96843576,286.3476769,287.7504088,0.02078772503,0.006542207528,-0.002605285675,0.02194806381,,,,
555,6.112,1.11,baseline — trained fixed gait,0.5,0,0,0,0,0,FR,0,0,0,0,0,0,1.758020507,-0.3238547698,0.2531781746,1.805440999,,,,
555,6.112,1.11,baseline — trained fixed gait,0.5,0,0,0,0,0,RL,0,0,0,0,0,0,1.319404169,0.3598852061,0.2434842673,1.389110979,,,,
555,6.112,1.11,baseline — trained fixed gait,0.5,0,0,0,0,0,RR,1,0,38.85744843,16.29659772,266.6489333,269.9576523,0.007039763965,-0.005076261183,-0.002889193263,0.009147357104,,,,
556,6.114,1.112,baseline — trained fixed gait,0.5,0,0,0,0,0,FL,1,0,-16.64229953,-23.12812773,286.8243734,288.2361837,0.0220061382,0.006707169085,-0.003101608421,0.02321370738,,,,
556,6.114,1.112,baseline — trained fixed gait,0.5,0,0,0,0,0,FR,0,0,0,0,0,0,1.725199773,-0.3055645673,0.2323074154,1.767385271,,,,
556,6.114,1.112,baseline — trained fixed gait,0.5,0,0,0,0,0,RL,0,0,0,0,0,0,1.328621575,0.3464005294,0.2465044561,1.394988553,,,,
556,6.114,1.112,baseline — trained fixed gait,0.5,0,0,0,0,0,RR,1,0,38.93363366,16.28431942,267.1181297,270.4313261,0.007091387614,-0.005016211,-0.002974616484,0.009181421149,,,,
557,6.116,1.114,baseline — trained fixed gait,0.5,0,0,0,0,0,FL,1,0,-16.55601458,-23.28779587,287.2286081,288.6463171,0.02276355613,0.006808379039,-0.003460688513,0.02401062011,,,,
557,6.116,1.114,baseline — trained fixed gait,0.5,0,0,0,0,0,FR,0,0,0,0,0,0,1.692903255,-0.287111588,0.2138600792,1.730344078,,,,
557,6.116,1.114,baseline — trained fixed gait,0.5,0,0,0,0,0,RL,0,0,0,0,0,0,1.332057049,0.3339255627,0.2436414979,1.394719843,,,,
557,6.116,1.114,baseline — trained fixed gait,0.5,0,0,0,0,0,RR,1,0,39.01688768,16.2570506,267.6103642,270.9278802,0.007073940766,-0.004986836925,-0.003072260445,0.009184114803,,,,
558,6.118,1.116,baseline — trained fixed gait,0.5,0,0,0,0,0,FL,1,0,-16.42992447,-23.44174298,287.5823126,289.0035368,0.02323790162,0.00687003082,-0.003721600586,0.02451627431,,,,
558,6.118,1.116,baseline — trained fixed gait,0.5,0,0,0,0,0,FR,0,0,0,0,0,0,1.660984305,-0.2685851361,0.1974131815,1.694101178,,,,
558,6.118,1.116,baseline — trained fixed gait,0.5,0,0,0,0,0,RL,0,0,0,0,0,0,1.330978734,0.3221532959,0.2365107115,1.38968502,,,,
558,6.118,1.116,baseline — trained fixed gait,0.5,0,0,0,0,0,RR,1,0,39.10468911,16.28237198,268.1370739,271.4623045,0.007017021207,-0.004973488692,-0.003173418278,0.009167592921,,,,
559,6.12,1.118,baseline — trained fixed gait,0.5,0,0,0,0,0,FL,1,0,-16.27887925,-23.59494992,287.8991939,289.3227772,0.02354270679,0.00690748868,-0.003909523724,0.02484465372,,,,
559,6.12,1.118,baseline — trained fixed gait,0.5,0,0,0,0,0,FR,0,0,0,0,0,0,1.629331286,-0.2500840607,0.1826076197,1.65849571,,,,
559,6.12,1.118,baseline — trained fixed gait,0.5,0,0,0,0,0,RL,0,0,0,0,0,0,1.326389949,0.3108361294,0.2263694414,1.381004171,,,,
559,6.12,1.118,baseline — trained fixed gait,0.5,0,0,0,0,0,RR,1,0,39.19525736,16.32041365,268.6939664,272.0277039,0.006938842502,-0.004976562997,-0.003272876168,0.009144694251,,,,
560,6.122,1.12,baseline — trained fixed gait,0.5,0,0,0,0,0,FL,1,0,-23.91998611,-25.92933396,296.9726485,299.0606127,0.02374552793,0.00693046575,-0.004044973975,0.0250647814,,,,
560,6.122,1.12,baseline — trained fixed gait,0.5,0,0,0,0,0,FR,0,0,0,0,0,0,1.59786324,-0.2316852374,0.1691410975,1.62340805,,,,
560,6.122,1.12,baseline — trained fixed gait,0.5,0,0,0,0,0,RL,0,0,0,0,0,0,1.31908083,0.2998027748,0.2141889872,1.369573971,,,,
560,6.122,1.12,baseline — trained fixed gait,0.5,0,0,0,0,0,RR,1,0,38.54463971,16.11333082,269.6913705,272.9079772,0.006850336424,-0.004990605198,-0.003367542451,0.009119955676,,,,
561,6.124,1.122,baseline — trained fixed gait,0.5,0,0,0,0,0,FL,1,0,-23.90616836,-26.11390611,297.4355234,299.5351925,0.02495252527,0.007242539291,-0.00473965363,0.02641111905,,,,
561,6.124,1.122,baseline — trained fixed gait,0.5,0,0,0,0,0,FR,0,0,0,0,0,0,1.559230362,-0.2134182025,0.1452970178,1.580461285,,,,
561,6.124,1.122,baseline — trained fixed gait,0.5,0,0,0,0,0,RL,0,0,0,0,0,0,1.324769373,0.2879254013,0.2146835374,1.372590234,,,,
561,6.124,1.122,baseline — trained fixed gait,0.5,0,0,0,0,0,RR,1,0,38.64151185,16.12228481,270.2214952,273.4460659,0.006872040639,-0.004981076738,-0.003485699255,0.009175302028,,,,
562,6.126,1.124,baseline — trained fixed gait,0.5,0,0,0,0,0,FL,1,0,-25.78277483,-26.77691213,296.9030964,299.2209938,0.02568920282,0.007428529691,-0.005132528777,0.02722978234,,,,
562,6.126,1.124,baseline — trained fixed gait,0.5,0,0,0,0,0,FR,0,0,0,0,0,0,1.522523166,-0.1950562701,0.1256801043,1.540103642,,,,
562,6.126,1.124,baseline — trained fixed gait,0.5,0,0,0,0,0,RL,0,0,0,0,0,0,1.325803224,0.2767610062,0.2106504338,1.370665695,,,,
562,6.126,1.124,baseline — trained fixed gait,0.5,0,0,0,0,0,RR,1,0,38.74297011,16.10505276,270.7613327,273.9928644,0.006848902666,-0.00498596051,-0.00357802687,0.009196170193,,,,
563,6.128,1.126,baseline — trained fixed gait,0.5,0,0,0,0,0,FL,1,0,-25.5680454,-27.00293597,297.1498843,299.4677566,0.02625394504,0.007746705793,-0.004130283855,0.02768285256,,,,
563,6.128,1.126,baseline — trained fixed gait,0.5,0,0,0,0,0,FR,0,0,0,0,0,0,1.487297857,-0.1769028631,0.1093532405,1.501768181,,,,
563,6.128,1.126,baseline — trained fixed gait,0.5,0,0,0,0,0,RL,0,0,0,0,0,0,1.32317742,0.2660952478,0.2033706221,1.364904676,,,,
563,6.128,1.126,baseline — trained fixed gait,0.5,0,0,0,0,0,RR,1,0,38.85753099,16.14330142,271.3116957,274.5551859,0.006802294969,-0.004996224418,-0.003651206036,0.009195911092,,,,
564,6.13,1.128,baseline — trained fixed gait,0.5,0,0,0,0,0,FL,1,0,-25.340308,-27.20673895,297.378025,299.6932225,0.02658119672,0.007938402299,-0.003410847465,0.02795017228,,,,
564,6.13,1.128,baseline — trained fixed gait,0.5,0,0,0,0,0,FR,0,0,0,0,0,0,1.453225871,-0.1588951085,0.09557802217,1.465007934,,,,
564,6.13,1.128,baseline — trained fixed gait,0.5,0,0,0,0,0,RL,0,0,0,0,0,0,1.317662598,0.2557175712,0.1938422618,1.356171457,,,,
564,6.13,1.128,baseline — trained fixed gait,0.5,0,0,0,0,0,RR,1,0,38.9766784,16.18765488,271.8790155,275.1352771,0.006740702325,-0.005016759525,-0.003710607885,0.009185507871,,,,
565,6.132,1.13,baseline — trained fixed gait,0.5,0,0,0,0,0,FL,1,0,-32.66070999,-29.82285416,307.455198,310.6200628,0.02676991214,0.008055327713,-0.002905298677,0.02810617834,,,,
565,6.132,1.13,baseline — trained fixed gait,0.5,0,0,0,0,0,FR,0,0,0,0,0,0,1.420053841,-0.1411256164,0.08375563683,1.429504935,,,,
565,6.132,1.13,baseline — trained fixed gait,0.5,0,0,0,0,0,RL,0,0,0,0,0,0,1.309874784,0.2455094656,0.1828274226,1.345166426,,,,
565,6.132,1.13,baseline — trained fixed gait,0.5,0,0,0,0,0,RR,1,0,38.26645754,15.97459648,272.8186551,275.9520394,0.006672168199,-0.005043675458,-0.003760206245,0.009170367583,,,,
566,6.134,1.132,baseline — trained fixed gait,0.5,0,0,0,0,0,FL,1,0,-32.58802354,-30.03633484,307.8459931,311.0198003,0.02791249943,0.008455109359,-0.003225631474,0.0293428219,,,,
566,6.134,1.132,baseline — trained fixed gait,0.5,0,0,0,0,0,FR,0,0,0,0,0,0,1.379058633,-0.124166108,0.05940626171,1.385910906,,,,
566,6.134,1.132,baseline — trained fixed gait,0.5,0,0,0,0,0,RL,0,0,0,0,0,0,1.309067174,0.2361194478,0.1774680819,1.341977712,,,,
566,6.134,1.132,baseline — trained fixed gait,0.5,0,0,0,0,0,RR,1,0,38.39127131,16.00183259,273.3488938,276.4951466,0.006724822742,-0.005045664574,-0.003827581921,0.009237551368,,,,
567,6.136,1.134,baseline — trained fixed gait,0.5,0,0,0,0,0,FL,1,0,-32.44709801,-30.23337712,308.159668,311.3346306,0.02859343254,0.008694707725,-0.003350490091,0.03007337877,,,,
567,6.136,1.134,baseline — trained fixed gait,0.5,0,0,0,0,0,FR,0,0,0,0,0,0,1.340785922,-0.1071336308,0.0403227664,1.345663565,,,,
567,6.136,1.134,baseline — trained fixed gait,0.5,0,0,0,0,0,RL,0,0,0,0,0,0,1.305527945,0.2269088484,0.1701749231,1.335982913,,,,
567,6.136,1.134,baseline — trained fixed gait,0.5,0,0,0,0,0,RR,1,0,38.52571243,16.03356934,273.8835501,277.0442291,0.006727950596,-0.005062345906,-0.003874707587,0.009268550274,,,,
568,6.138,1.136,baseline — trained fixed gait,0.5,0,0,0,0,0,FL,1,0,-32.26277016,-30.41936293,308.4221892,311.5934383,0.02899170774,0.008837512002,-0.003357856234,0.0304941951,,,,
568,6.138,1.136,baseline — trained fixed gait,0.5,0,0,0,0,0,FR,0,0,0,0,0,0,1.304659859,-0.09019279159,0.02527993128,1.308018029,,,,
568,6.138,1.136,baseline — trained fixed gait,0.5,0,0,0,0,0,RL,0,0,0,0,0,0,1.299780724,0.2177897172,0.1615902131,1.327770194,,,,
568,6.138,1.136,baseline — trained fixed gait,0.5,0,0,0,0,0,RR,1,0,38.66708154,16.06813655,274.4240086,277.6001886,0.006702474084,-0.005087839055,-0.003909169055,0.009278516465,,,,
569,6.14,1.138,baseline — trained fixed gait,0.5,0,0,0,0,0,FL,1,0,-32.051397,-30.5982565,308.6494028,311.8140458,0.02922164674,0.008923392778,-0.003296511956,0.03073106845,,,,
569,6.14,1.138,baseline — trained fixed gait,0.5,0,0,0,0,0,FR,0,0,0,0,0,0,1.270231496,-0.07347203042,0.01329469658,1.272424041,,,,
569,6.14,1.138,baseline — trained fixed gait,0.5,0,0,0,0,0,RL,0,0,0,0,0,0,1.292241408,0.2087033494,0.1522041541,1.317805391,,,,
569,6.14,1.138,baseline — trained fixed gait,0.5,0,0,0,0,0,RR,1,0,38.81372719,16.10433208,274.9703582,278.1628171,0.006661542241,-0.005118329353,-0.003935798273,0.009277065724,,,,
570,6.142,1.14,baseline — trained fixed gait,0.5,0,0,0,0,0,FL,1,0,-38.70097106,-33.06233709,318.4880954,322.5299214,0.02935136073,0.008975926284,-0.00320020209,0.03085953536,,,,
570,6.142,1.14,baseline — trained fixed gait,0.5,0,0,0,0,0,FR,0,0,0,0,0,0,1.237154006,-0.05707073056,0.003584268143,1.238474848,,,,
570,6.142,1.14,baseline — trained fixed gait,0.5,0,0,0,0,0,RL,0,0,0,0,0,0,1.283240172,0.1996133344,0.1423862428,1.306454999,,,,
570,6.142,1.14,baseline — trained fixed gait,0.5,0,0,0,0,0,RR,1,0,38.26832042,15.90099194,276.2236913,279.3149361,0.006612910174,-0.005151364192,-0.00395810798,0.009270045997,,,,
571,6.144,1.142,baseline — trained fixed gait,0.5,0,0,0,0,0,FL,1,0,-38.60480802,-33.25838128,318.8232601,322.8695128,0.03035856821,0.00931639099,-0.003740150956,0.03197540514,,,,
571,6.144,1.142,baseline — trained fixed gait,0.5,0,0,0,0,0,FR,0,0,0,0,0,0,1.19397666,-0.04164772907,-0.02532697314,1.194971235,,,,
571,6.144,1.142,baseline — trained fixed gait,0.5,0,0,0,0,0,RL,0,0,0,0,0,0,1.276045468,0.1925832222,0.1314530137,1.297173939,,,,
571,6.144,1.142,baseline — trained fixed gait,0.5,0,0,0,0,0,RR,1,0,38.42291818,15.94650316,276.7066919,279.8163772,0.006669978392,-0.005160088997,-0.004027506012,0.009345369703,,,,
572,6.146,1.144,baseline — trained fixed gait,0.5,0,0,0,0,0,FL,1,0,-38.43929867,-33.444197,319.0783698,323.1208753,0.03095138171,0.009517595658,-0.003980847828,0.03262544722,,,,
572,6.146,1.144,baseline — trained fixed gait,0.5,0,0,0,0,0,FR,0,0,0,0,0,0,1.154746966,-0.0261213608,-0.0467514522,1.15598814,,,,
572,6.146,1.144,baseline — trained fixed gait,0.5,0,0,0,0,0,RL,0,0,0,0,0,0,1.268100607,0.185153123,0.1213874644,1.28728231,,,,
572,6.146,1.144,baseline — trained fixed gait,0.5,0,0,0,0,0,RR,1,0,38.58672267,15.98414398,277.185645,280.3146622,0.006682565532,-0.005184001488,-0.004068854381,0.009385421114,,,,
573,6.148,1.146,baseline — trained fixed gait,0.5,0,0,0,0,0,FL,1,0,-38.2291936,-33.62159152,319.2802755,323.3137439,0.0312890761,0.009635050755,-0.004037422254,0.0329869863,,,,
573,6.148,1.146,baseline — trained fixed gait,0.5,0,0,0,0,0,FR,0,0,0,0,0,0,1.118642912,-0.01062089604,-0.06245189416,1.120435186,,,,
573,6.148,1.146,baseline — trained fixed gait,0.5,0,0,0,0,0,RL,0,0,0,0,0,0,1.259449286,0.1774103712,0.1121253024,1.276815972,,,,
573,6.148,1.146,baseline — trained fixed gait,0.5,0,0,0,0,0,RR,1,0,38.75745948,16.01723247,277.6613132,280.8104294,0.006669642269,-0.005215046137,-0.004093193321,0.009403992013,,,,
574,6.15,1.148,baseline — trained fixed gait,0.5,0,0,0,0,0,FL,1,0,-37.99095393,-33.79330525,319.4457995,323.4670291,0.03147409692,0.009703573315,-0.003984533241,0.03317611516,,,,
574,6.15,1.148,baseline — trained fixed gait,0.5,0,0,0,0,0,FR,0,0,0,0,0,0,1.085016884,0.004683648393,-0.07384971401,1.087537289,,,,
574,6.15,1.148,baseline — trained fixed gait,0.5,0,0,0,0,0,RL,0,0,0,0,0,0,1.250130036,0.1694203699,0.1035986079,1.265804503,,,,
574,6.15,1.148,baseline — trained fixed gait,0.5,0,0,0,0,0,RR,1,0,38.93357664,16.04578208,278.1335157,281.3032937,0.006642809909,-0.005248943809,-0.004107732652,0.009410196711,,,,
575,6.152,1.15,baseline — trained fixed gait,0.5,0,0,0,0,0,FL,1,0,-43.41131864,-36.37614343,330.4845861,335.3025918,0.03156773171,0.009743672255,-0.003873028126,0.03326351125,,,,
575,6.152,1.15,baseline — trained fixed gait,0.5,0,0,0,0,0,FR,0,0,0,0,0,0,1.053362091,0.01966365904,-0.08207402658,1.056737668,,,,
575,6.152,1.15,baseline — trained fixed gait,0.5,0,0,0,0,0,RL,0,0,0,0,0,0,1.24017748,0.1612414581,0.09573934703,1.254274695,,,,
575,6.152,1.15,baseline — trained fixed gait,0.5,0,0,0,0,0,RR,1,0,39.59951293,16.18062614,281.2835271,284.5177617,0.00660886636,-0.005283219267,-0.004117479102,0.00940973722,,,,
576,6.154,1.152,baseline — trained fixed gait,0.5,0,0,0,0,0,FL,1,0,-43.27371873,-36.53327887,330.7003108,335.5145165,0.0323988602,0.01008765169,-0.004466352455,0.03422565066,,,,
576,6.154,1.152,baseline — trained fixed gait,0.5,0,0,0,0,0,FR,0,0,0,0,0,0,1.010509882,0.03401765718,-0.113843955,1.017471311,,,,
576,6.154,1.152,baseline — trained fixed gait,0.5,0,0,0,0,0,RL,0,0,0,0,0,0,1.227234083,0.155196556,0.07909156664,1.239534163,,,,
576,6.154,1.152,baseline — trained fixed gait,0.5,0,0,0,0,0,RR,1,0,37.91158362,16.79350772,281.0719014,284.1139276,0.006532480839,-0.005337437838,-0.004313462442,0.00947457159,,,,
577,6.156,1.154,baseline — trained fixed gait,0.5,0,0,0,0,0,FL,1,0,-43.06899751,-36.71678802,330.8355496,335.6415081,0.03288285094,0.0102818209,-0.004716649714,0.03477419318,,,,
577,6.156,1.154,baseline — trained fixed gait,0.5,0,0,0,0,0,FR,0,0,0,0,0,0,0.9725992314,0.04863654942,-0.1361195664,0.9832819103,,,,
577,6.156,1.154,baseline — trained fixed gait,0.5,0,0,0,0,0,RL,0,0,0,0,0,0,1.215523819,0.1483825928,0.06630147075,1.226340668,,,,
577,6.156,1.154,baseline — trained fixed gait,0.5,0,0,0,0,0,RR,1,0,38.1881047,16.87933126,281.3642937,284.4452652,0.00661860436,-0.005564983109,-0.003137277762,0.009198775595,,,,
578,6.158,1.156,baseline — trained fixed gait,0.5,0,0,0,0,0,FL,1,0,-42.82314206,-36.88851399,330.9192347,335.7113698,0.03315141233,0.01039277911,-0.004757482237,0.03506650302,,,,
578,6.158,1.156,baseline — trained fixed gait,0.5,0,0,0,0,0,FR,0,0,0,0,0,0,0.9385876009,0.06328612231,-0.1511807553,0.952789294,,,,
578,6.158,1.156,baseline — trained fixed gait,0.5,0,0,0,0,0,RL,0,0,0,0,0,0,1.204615191,0.1409085393,0.05653290391,1.214145355,,,,
578,6.158,1.156,baseline — trained fixed gait,0.5,0,0,0,0,0,RR,1,0,38.44566352,16.9313028,281.6510339,284.7666465,0.006653991466,-0.00571457983,-0.002339595221,0.009077760234,,,,
579,6.16,1.158,baseline — trained fixed gait,0.5,0,0,0,0,0,FL,1,0,-45.52028471,-35.57355632,329.4266205,334.4539917,0.0332903464,0.01045482276,-0.004676681227,0.0352054233,,,,
579,6.16,1.158,baseline — trained fixed gait,0.5,0,0,0,0,0,FR,0,0,0,0,0,0,0.9076596883,0.07775704091,-0.1608564079,0.9250767812,,,,
579,6.16,1.158,baseline — trained fixed gait,0.5,0,0,0,0,0,RL,0,0,0,0,0,0,1.194168735,0.1329705162,0.04911771152,1.202552567,,,,
579,6.16,1.158,baseline — trained fixed gait,0.5,0,0,0,0,0,RR,1,0,38.68287947,16.88340968,281.8877471,285.0300277,0.006657670633,-0.005815408907,-0.001816988326,0.00902468867,,,,
580,6.162,1.16,baseline — trained fixed gait,0.5,0,0,0,0,0,FL,1,0,-49.6578712,-37.45432246,336.8481435,342.5425553,0.03373124486,0.01051508909,-0.002682857747,0.03543390614,,,,
580,6.162,1.16,baseline — trained fixed gait,0.5,0,0,0,0,0,FR,0,0,0,0,0,0,0.8791540735,0.0916889615,-0.1666144528,0.8994882582,,,,
580,6.162,1.16,baseline — trained fixed gait,0.5,0,0,0,0,0,RL,0,0,0,0,0,0,1.183941072,0.1248120028,0.04351978025,1.19129697,,,,
580,6.162,1.16,baseline — trained fixed gait,0.5,0,0,0,0,0,RR,1,0,39.64739868,17.5153619,287.8434389,291.0885594,0.006647839189,-0.005875827124,-0.001484495347,0.008995712129,,,,
581,6.164,1.162,baseline — trained fixed gait,0.5,0,0,0,0,0,FL,1,0,-49.36724017,-37.65581666,336.8863424,342.5602029,0.0345696522,0.01078199014,-0.001822567383,0.03625788075,,,,
581,6.164,1.162,baseline — trained fixed gait,0.5,0,0,0,0,0,FR,0,0,0,0,0,0,0.8335704881,0.1047100899,-0.2064658155,0.8651196995,,,,
581,6.164,1.162,baseline — trained fixed gait,0.5,0,0,0,0,0,RL,0,0,0,0,0,0,1.169723806,0.1188983244,0.02726904758,1.176067258,,,,
581,6.164,1.162,baseline — trained fixed gait,0.5,0,0,0,0,0,RR,1,0,39.88489575,17.58081926,288.0310685,291.3104642,0.006584137736,-0.00600654167,-0.001676150055,0.009068566125,,,,
582,6.166,1.164,baseline — trained fixed gait,0.5,0,0,0,0,0,FL,1,0,-49.05219568,-37.83743456,336.9086923,342.5569388,0.03503440589,0.01094252784,-0.001181249638,0.03672252527,,,,
582,6.166,1.164,baseline — trained fixed gait,0.5,0,0,0,0,0,FR,0,0,0,0,0,0,0.7946143795,0.118224551,-0.2331505817,0.8365095638,,,,
582,6.166,1.164,baseline — trained fixed gait,0.5,0,0,0,0,0,RL,0,0,0,0,0,0,1.157573543,0.1118489994,0.01618634838,1.163077256,,,,
582,6.166,1.164,baseline — trained fixed gait,0.5,0,0,0,0,0,RR,1,0,40.12685063,17.61824115,288.2011944,291.514142,0.00654012057,-0.006098567631,-0.001771382744,0.009116112167,,,,
583,6.168,1.166,baseline — trained fixed gait,0.5,0,0,0,0,0,FL,1,0,-48.7248644,-38.00486387,336.9257889,342.5455726,0.03527796981,0.01103920156,-0.0007027302312,0.03697151546,,,,
583,6.168,1.166,baseline — trained fixed gait,0.5,0,0,0,0,0,FR,0,0,0,0,0,0,0.7608973637,0.1318760864,-0.2498488092,0.8116529602,,,,
583,6.168,1.166,baseline — trained fixed gait,0.5,0,0,0,0,0,RL,0,0,0,0,0,0,1.146825578,0.1039949508,0.009042233696,1.151566593,,,,
583,6.168,1.166,baseline — trained fixed gait,0.5,0,0,0,0,0,RR,1,0,40.37250851,17.63281069,288.3520921,291.698105,0.00650972885,-0.006163408697,-0.001804541785,0.009144427129,,,,
584,6.17,1.168,baseline — trained fixed gait,0.5,0,0,0,0,0,FL,1,0,-48.39231432,-38.16540841,336.9431003,342.5333084,0.03539401786,0.01109836267,-0.0003427641716,0.03709484656,,,,
584,6.17,1.168,baseline — trained fixed gait,0.5,0,0,0,0,0,FR,0,0,0,0,0,0,0.7313130228,0.1453966357,-0.2591039928,0.7893629064,,,,
584,6.17,1.168,baseline — trained fixed gait,0.5,0,0,0,0,0,RL,0,0,0,0,0,0,1.136961328,0.09559861137,0.004855673558,1.140983669,,,,
584,6.17,1.168,baseline — trained fixed gait,0.5,0,0,0,0,0,RR,1,0,40.6213164,17.62737993,288.4827785,291.86149,0.006487713835,-0.006208823078,-0.001800877989,0.009158770461,,,,
585,6.172,1.17,baseline — trained fixed gait,0.5,0,0,0,0,0,FL,1,0,-51.4615035,-40.08835797,345.9582593,352.0546548,0.03543600645,0.01113568385,-7.040914326e-05,0.03714456845,,,,
585,6.172,1.17,baseline — trained fixed gait,0.5,0,0,0,0,0,FR,0,0,0,0,0,0,0.7049839865,0.1585999755,-0.2629313634,0.7689533635,,,,
585,6.172,1.17,baseline — trained fixed gait,0.5,0,0,0,0,0,RL,0,0,0,0,0,0,1.127585542,0.08695869402,0.002848676547,1.130937259,,,,
585,6.172,1.17,baseline — trained fixed gait,0.5,0,0,0,0,0,RR,1,0,41.56905528,17.90650486,292.5262995,296.0072046,0.006471002746,-0.006239957249,-0.001777203102,0.009163481536,,,,
586,6.174,1.172,baseline — trained fixed gait,0.5,0,0,0,0,0,FL,1,0,-51.19671486,-40.26401018,345.9775673,352.0550684,0.03592451377,0.01139380027,-0.0004572703396,0.0376908274,,,,
586,6.174,1.172,baseline — trained fixed gait,0.5,0,0,0,0,0,FR,0,0,0,0,0,0,0.6589223961,0.1705856644,-0.3109051844,0.7482915386,,,,
586,6.174,1.172,baseline — trained fixed gait,0.5,0,0,0,0,0,RL,0,0,0,0,0,0,1.105910015,0.08128240621,-0.02232083909,1.109117672,,,,
586,6.174,1.172,baseline — trained fixed gait,0.5,0,0,0,0,0,RR,1,0,41.8309607,17.94564183,292.5104732,296.03083,0.006402283822,-0.006304296341,-0.002012413541,0.009207779252,,,,
587,6.176,1.174,baseline — trained fixed gait,0.5,0,0,0,0,0,FL,1,0,-50.89621974,-40.42184091,345.9580593,352.0104106,0.03619635835,0.01154585887,-0.0006188003421,0.03799823849,,,,
587,6.176,1.174,baseline — trained fixed gait,0.5,0,0,0,0,0,FR,0,0,0,0,0,0,0.6213909699,0.1833901473,-0.3413472916,0.7323091267,,,,
587,6.176,1.174,baseline — trained fixed gait,0.5,0,0,0,0,0,RL,0,0,0,0,0,0,1.088602038,0.07399382312,-0.03854886672,1.091794623,,,,
587,6.176,1.174,baseline — trained fixed gait,0.5,0,0,0,0,0,RR,1,0,42.09788958,17.95385254,292.4704396,296.029612,0.006361205355,-0.006350609798,-0.002112603664,0.009233540632,,,,
588,6.178,1.176,baseline — trained fixed gait,0.5,0,0,0,0,0,FL,1,0,-50.57375728,-40.56937118,345.9151603,351.9387404,0.03633497695,0.01163376877,-0.0006438911493,0.03815743337,,,,
588,6.178,1.176,baseline — trained fixed gait,0.5,0,0,0,0,0,FR,0,0,0,0,0,0,0.5905683778,0.1965316848,-0.3585453138,0.7182969121,,,,
588,6.178,1.176,baseline — trained fixed gait,0.5,0,0,0,0,0,RL,0,0,0,0,0,0,1.0744757,0.06551734758,-0.04799093928,1.077540571,,,,
588,6.178,1.176,baseline — trained fixed gait,0.5,0,0,0,0,0,RR,1,0,42.36850412,17.93402712,292.4051488,296.0025178,0.006337573515,-0.006381313068,-0.002128593217,0.009242126574,,,,
589,6.18,1.178,baseline — trained fixed gait,0.5,0,0,0,0,0,FL,1,0,-50.23796534,-40.70909816,345.8577938,351.8503906,0.03639328948,0.01168367801,-0.0005888580277,0.03822730183,,,,
589,6.18,1.178,baseline — trained fixed gait,0.5,0,0,0,0,0,FR,0,0,0,0,0,0,0.5649976358,0.2096597846,-0.3659252937,0.705039626,,,,
589,6.18,1.178,baseline — trained fixed gait,0.5,0,0,0,0,0,RL,0,0,0,0,0,0,1.062598886,0.05626554081,-0.05237032627,1.065375453,,,,
589,6.18,1.178,baseline — trained fixed gait,0.5,0,0,0,0,0,RR,1,0,42.64183101,17.89080365,292.3143139,295.9494293,0.006324255375,-0.006398753147,-0.00209593684,0.009237597043,,,,
590,6.182,1.18,baseline — trained fixed gait,0.5,0,0,0,0,0,FL,1,0,-53.07281145,-42.19873547,352.6213014,359.0811033,0.03640308008,0.01171097472,-0.0004903958119,0.0382435832,,,,
590,6.182,1.18,baseline — trained fixed gait,0.5,0,0,0,0,0,FR,0,0,0,0,0,0,0.5435154194,0.2225145289,-0.3662005662,0.6921160173,,,,
590,6.182,1.18,baseline — trained fixed gait,0.5,0,0,0,0,0,RL,0,0,0,0,0,0,1.052243006,0.04655984986,-0.0530498426,1.054607723,,,,
590,6.182,1.18,baseline — trained fixed gait,0.5,0,0,0,0,0,RR,1,0,42.87302262,17.89429385,295.4442392,299.0745732,0.006316979285,-0.006405158258,-0.0020382104,0.009224130378,,,,
591,6.184,1.182,baseline — trained fixed gait,0.5,0,0,0,0,0,FL,1,0,-52.77178499,-42.36262547,352.5390123,358.9752199,0.03682483662,0.01190760609,-0.0008239132562,0.03871096108,,,,
591,6.184,1.182,baseline — trained fixed gait,0.5,0,0,0,0,0,FR,0,0,0,0,0,0,0.4996056668,0.233298647,-0.4155020847,0.6904173111,,,,
591,6.184,1.182,baseline — trained fixed gait,0.5,0,0,0,0,0,RL,0,0,0,0,0,0,1.026515641,0.04104252668,-0.08417157937,1.030778203,,,,
591,6.184,1.182,baseline — trained fixed gait,0.5,0,0,0,0,0,RR,1,0,43.15524905,17.90154349,295.1822349,298.8568095,0.006357696811,-0.006417762176,-0.002190019503,0.009295384097,,,,
592,6.186,1.184,baseline — trained fixed gait,0.5,0,0,0,0,0,FL,1,0,-52.44037296,-42.51389793,352.4258487,358.8333918,0.03705149624,0.01202086065,-0.0009432044108,0.03896413863,,,,
592,6.186,1.184,baseline — trained fixed gait,0.5,0,0,0,0,0,FR,0,0,0,0,0,0,0.465449928,0.2450524932,-0.4445986412,0.6887396545,,,,
592,6.186,1.184,baseline — trained fixed gait,0.5,0,0,0,0,0,RL,0,0,0,0,0,0,1.007057297,0.03335482281,-0.1029640651,1.012856625,,,,
592,6.186,1.184,baseline — trained fixed gait,0.5,0,0,0,0,0,RR,1,0,43.44345237,17.86998895,294.8917632,298.6098157,0.006384737154,-0.00642728928,-0.002230677177,0.009330103787,,,,
593,6.188,1.186,baseline — trained fixed gait,0.5,0,0,0,0,0,FL,1,0,-52.09054093,-42.65487431,352.2952399,358.6708781,0.03715767058,0.0120838153,-0.0009349006767,0.03908433336,,,,
593,6.188,1.186,baseline — trained fixed gait,0.5,0,0,0,0,0,FR,0,0,0,0,0,0,0.4389277486,0.2572447482,-0.458561895,0.6849171049,,,,
593,6.188,1.186,baseline — trained fixed gait,0.5,0,0,0,0,0,RL,0,0,0,0,0,0,0.9922237399,0.02419411032,-0.11247866,0.9988717405,,,,
593,6.188,1.186,baseline — trained fixed gait,0.5,0,0,0,0,0,RR,1,0,43.73497106,17.80583392,294.5732839,298.3340661,0.006403831808,-0.006429169429,-0.002205146989,0.009338412853,,,,
594,6.19,1.188,baseline — trained fixed gait,0.5,0,0,0,0,0,FL,1,0,-51.72987052,-42.78744321,352.1548391,358.4965488,0.03719134669,0.01211686903,-0.0008535030186,0.03912471407,,,,
594,6.19,1.188,baseline — trained fixed gait,0.5,0,0,0,0,0,FR,0,0,0,0,0,0,0.4183376474,0.2694767381,-0.461430132,0.6786323499,,,,
594,6.19,1.188,baseline — trained fixed gait,0.5,0,0,0,0,0,RL,0,0,0,0,0,0,0.9807179953,0.01410367323,-0.115138772,0.9875543716,,,,
594,6.19,1.188,baseline — trained fixed gait,0.5,0,0,0,0,0,RR,1,0,44.02808409,17.71454418,294.2270163,298.0298884,0.006418019036,-0.006422037006,-0.002143884493,0.009328974669,,,,
595,6.192,1.19,baseline — trained fixed gait,0.5,0,0,0,0,0,FL,1,0,-53.85833857,-43.56881516,356.1210081,362.7962716,0.03718133526,0.01213200467,-0.0007342577391,0.03911746878,,,,
595,6.192,1.19,baseline — trained fixed gait,0.5,0,0,0,0,0,FR,0,0,0,0,0,0,0.4023170643,0.2814539658,-0.456388081,0.67034725,,,,
595,6.192,1.19,baseline — trained fixed gait,0.5,0,0,0,0,0,RL,0,0,0,0,0,0,0.9715227554,0.003503131033,-0.1128542724,0.9780617685,,,,
595,6.192,1.19,baseline — trained fixed gait,0.5,0,0,0,0,0,RR,1,0,44.34823877,17.25786695,294.9216082,298.7362637,0.006429077148,-0.006406111251,-0.002066691894,0.009308195836,,,,
596,6.194,1.192,baseline — trained fixed gait,0.5,0,0,0,0,0,FL,1,0,-53.5099926,-43.73093455,355.9209218,362.5678095,0.03748814186,0.01222949718,-0.0008720336521,0.0394421326,,,,
596,6.194,1.192,baseline — trained fixed gait,0.5,0,0,0,0,0,FR,0,0,0,0,0,0,0.3600092907,0.2911556203,-0.5086635067,0.6878348986,,,,
596,6.194,1.192,baseline — trained fixed gait,0.5,0,0,0,0,0,RL,0,0,0,0,0,0,0.9429515871,-0.002429191985,-0.1469645688,0.9543386093,,,,
596,6.194,1.192,baseline — trained fixed gait,0.5,0,0,0,0,0,RR,1,0,44.65801291,17.22852996,294.406331,298.2721041,0.006457640578,-0.00634475407,-0.00205690809,0.009283743692,,,,
597,6.196,1.194,baseline — trained fixed gait,0.5,0,0,0,0,0,FL,1,0,-53.14386647,-43.88143191,355.7093038,362.3243843,0.03764022903,0.01228393302,-0.0008793849698,0.03960372671,,,,
597,6.196,1.194,baseline — trained fixed gait,0.5,0,0,0,0,0,FR,0,0,0,0,0,0,0.3289393401,0.3019939659,-0.5376504506,0.6989058963,,,,
597,6.196,1.194,baseline — trained fixed gait,0.5,0,0,0,0,0,RL,0,0,0,0,0,0,0.9220578593,-0.01080799092,-0.1662682558,0.9369912707,,,,
597,6.196,1.194,baseline — trained fixed gait,0.5,0,0,0,0,0,RR,1,0,44.96567129,17.1569936,293.8724712,297.7873458,0.006475814256,-0.006306115622,-0.002011571966,0.00926011265,,,,
598,6.198,1.196,baseline — trained fixed gait,0.5,0,0,0,0,0,FL,1,0,-52.76772823,-44.0214137,355.4942413,362.075232,0.03769704151,0.01231162895,-0.0008135291572,0.03966490862,,,,
598,6.198,1.196,baseline — trained fixed gait,0.5,0,0,0,0,0,FR,0,0,0,0,0,0,0.3066230974,0.3133718062,-0.5493078035,0.7028219375,,,,
598,6.198,1.196,baseline — trained fixed gait,0.5,0,0,0,0,0,RL,0,0,0,0,0,0,0.9068605509,-0.02080837268,-0.174511342,0.923733325,,,,
598,6.198,1.196,baseline — trained fixed gait,0.5,0,0,0,0,0,RR,1,0,45.27046202,17.04985661,293.3181243,297.2803969,0.006488179182,-0.006274619231,-0.001949765678,0.009234116189,,,,
599,6.2,1.198,baseline — trained fixed gait,0.5,0,0,0,0,0,FL,1,0,-52.38642766,-44.15225731,355.2796846,361.8251151,0.03769705827,0.0123231107,-0.0007094773734,0.03966649238,,,,
599,6.2,1.198,baseline — trained fixed gait,0.5,0,0,0,0,0,FR,0,0,0,0,0,0,0.2910627545,0.3248425834,-0.5483666669,0.7006755543,,,,
599,6.2,1.198,baseline — trained fixed gait,0.5,0,0,0,0,0,RL,0,0,0,0,0,0,0.8957949657,-0.03179132116,-0.1746604296,0.9132171561,,,,
599,6.2,1.198,baseline — trained fixed gait,0.5,0,0,0,0,0,RR,1,0,45.57211771,16.91322057,292.7416734,296.7499996,0.006497112426,-0.006242553959,-0.0018836465,0.009204894022,,,,
600,6.202,1.2,baseline — trained fixed gait,0.5,0,0,0,0,0,FL,1,0,-52.85337395,-44.32381034,357.1578422,363.7578914,0.0376628402,0.01232445155,-0.0005896402323,0.03963242755,,,,
600,6.202,1.2,baseline — trained fixed gait,0.5,0,0,0,0,0,FR,0,0,0,0,0,0,0.28065443,0.3360776685,-0.5385454138,0.6940794414,,,,
600,6.202,1.2,baseline — trained fixed gait,0.5,0,0,0,0,0,RL,0,0,0,0,0,0,0.8876315692,-0.04326667614,-0.1690451324,0.9046203982,,,,
600,6.202,1.2,baseline — trained fixed gait,0.5,0,0,0,0,0,RR,1,0,45.81884888,16.28026598,292.5407658,296.5544025,0.006504077322,-0.006206516018,-0.001820335331,0.009172648669,,,,
601,6.204,1.202,baseline — trained fixed gait,0.5,0,0,0,0,0,FL,1,0,-52.45122402,-44.50867891,356.8202494,363.3907591,0.03773454839,0.01233515973,-0.00060548627,0.03970414237,,,,
601,6.204,1.202,baseline — trained fixed gait,0.5,0,0,0,0,0,FR,0,0,0,0,0,0,0.237749496,0.3435716606,-0.5990066065,0.7303254229,,,,
601,6.204,1.202,baseline — trained fixed gait,0.5,0,0,0,0,0,RL,0,0,0,0,0,0,0.8545817212,-0.04974135354,-0.2102694807,0.8814745459,,,,
601,6.204,1.202,baseline — trained fixed gait,0.5,0,0,0,0,0,RR,1,0,46.13547454,16.21225038,291.8025733,295.8716966,0.006532687928,-0.006110857281,-0.001790231396,0.009122692405,,,,
602,6.206,1.204,baseline — trained fixed gait,0.5,0,0,0,0,0,FL,1,0,-52.04888332,-44.67973473,356.4977744,363.0372269,0.03774256767,0.01234103235,-0.0005562400408,0.03971286815,,,,
602,6.206,1.204,baseline — trained fixed gait,0.5,0,0,0,0,0,FR,0,0,0,0,0,0,0.2084328503,0.3525867777,-0.6313522057,0.7525737814,,,,
602,6.206,1.204,baseline — trained fixed gait,0.5,0,0,0,0,0,RL,0,0,0,0,0,0,0.8312153805,-0.05908030961,-0.2330557965,0.8652886779,,,,
602,6.206,1.204,baseline — trained fixed gait,0.5,0,0,0,0,0,RR,1,0,46.44529296,16.09727254,291.0550128,295.1767401,0.006548157671,-0.006046944013,-0.001750663028,0.00908343117,,,,
603,6.208,1.206,baseline — trained fixed gait,0.5,0,0,0,0,0,FL,1,0,-51.65960305,-44.80127263,356.1982982,362.70249,0.03771068419,0.01234220405,-0.0004751359659,0.03968187819,,,,
603,6.208,1.206,baseline — trained fixed gait,0.5,0,0,0,0,0,FR,0,0,0,0,0,0,0.1896525664,0.362414605,-0.6428596231,0.7619586188,,,,
603,6.208,1.206,baseline — trained fixed gait,0.5,0,0,0,0,0,RL,0,0,0,0,0,0,0.815087261,-0.07028542013,-0.2421072354,0.8531841517,,,,
603,6.208,1.206,baseline — trained fixed gait,0.5,0,0,0,0,0,RR,1,0,43.94742612,14.72291513,289.2004607,292.8908448,0.006556268845,-0.005994949682,-0.00171025097,0.009047045995,,,,
604,6.21,1.208,baseline — trained fixed gait,0.5,0,0,0,0,0,FL,1,0,-51.26179213,-44.95697948,355.8960311,362.36844,0.03765660315,0.01233276788,-0.0003831472044,0.0396265533,,,,
604,6.21,1.208,baseline — trained fixed gait,0.5,0,0,0,0,0,FR,0,0,0,0,0,0,0.1789653948,0.3725240115,-0.639302844,0.7612561186,,,,
604,6.21,1.208,baseline — trained fixed gait,0.5,0,0,0,0,0,RL,0,0,0,0,0,0,0.804273378,-0.08235733758,-0.2411576999,0.8436796986,,,,
604,6.21,1.208,baseline — trained fixed gait,0.5,0,0,0,0,0,RR,1,0,44.35805256,14.58443049,288.341381,292.0977481,0.006901556562,-0.005920876684,0.0002508624294,0.009096768417,,,,
605,6.212,1.21,baseline — trained fixed gait,0.5,0,0,0,0,0,FL,1,0,-51.73537453,-44.08816373,352.3342722,358.8310947,0.03758723803,0.0123234305,-0.0002902373086,0.03955694174,,,,
605,6.212,1.21,baseline — trained fixed gait,0.5,0,0,0,0,0,FR,0,0,0,0,0,0,0.1743827703,0.3825300978,-0.6251985863,0.7534002247,,,,
605,6.212,1.21,baseline — trained fixed gait,0.5,0,0,0,0,0,RL,0,0,0,0,0,0,0.7972373722,-0.09496320144,-0.233116436,0.8360315245,,,,
605,6.212,1.21,baseline — trained fixed gait,0.5,0,0,0,0,0,RR,1,0,43.54349988,13.75531896,287.8995905,291.4985753,0.007101545413,-0.005856786758,0.001545526087,0.009333946071,,,,
606,6.214,1.212,baseline — trained fixed gait,0.5,0,0,0,0,0,FL,1,0,-51.2873344,-44.28328113,351.934858,358.3985825,0.03759466184,0.01219651933,1.047400907e-05,0.03952358527,,,,
606,6.214,1.212,baseline — trained fixed gait,0.5,0,0,0,0,0,FR,0,0,0,0,0,0,0.1307767495,0.3884505321,-0.6915072883,0.8038524143,,,,
606,6.214,1.212,baseline — trained fixed gait,0.5,0,0,0,0,0,RL,0,0,0,0,0,0,0.7609526297,-0.1013547543,-0.2793494394,0.8169197024,,,,
606,6.214,1.212,baseline — trained fixed gait,0.5,0,0,0,0,0,RR,1,0,43.90822796,13.70140928,286.9209491,290.5843976,0.007398707586,-0.005721261099,0.002347656815,0.009642883128,,,,
607,6.216,1.214,baseline — trained fixed gait,0.5,0,0,0,0,0,FL,1,0,-50.85537293,-44.46576736,351.5852091,358.0162464,0.03754993274,0.01212345621,0.0002087085089,0.03945908259,,,,
607,6.216,1.214,baseline — trained fixed gait,0.5,0,0,0,0,0,FR,0,0,0,0,0,0,0.1031425004,0.3960911407,-0.7253439216,0.8328567535,,,,
607,6.216,1.214,baseline — trained fixed gait,0.5,0,0,0,0,0,RL,0,0,0,0,0,0,0.7361411722,-0.1110686583,-0.3039124609,0.8041161956,,,,
607,6.216,1.214,baseline — trained fixed gait,0.5,0,0,0,0,0,RR,1,0,44.25342562,13.58995739,285.9587551,289.6816567,0.007567345681,-0.00563461983,0.002848578712,0.009855357019,,,,
608,6.218,1.216,baseline — trained fixed gait,0.5,0,0,0,0,0,FL,1,0,-50.43596008,-44.63497179,351.2774991,357.6757584,0.03747463412,0.01208004669,0.0003332197429,0.039374951,,,,
608,6.218,1.216,baseline — trained fixed gait,0.5,0,0,0,0,0,FR,0,0,0,0,0,0,0.08782830113,0.4046673878,-0.7352640112,0.8438499105,,,,
608,6.218,1.216,baseline — trained fixed gait,0.5,0,0,0,0,0,RL,0,0,0,0,0,0,0.7199286685,-0.1229360212,-0.3124101141,0.7943617768,,,,
608,6.218,1.216,baseline — trained fixed gait,0.5,0,0,0,0,0,RR,1,0,44.58146957,13.43135852,285.0047072,288.7829496,0.007660782371,-0.005568913075,0.003142999407,0.009978919012,,,,
609,6.22,1.218,baseline — trained fixed gait,0.5,0,0,0,0,0,FL,1,0,-50.02620034,-44.79161439,351.0046633,357.3698128,0.03738260422,0.01205275758,0.0004052367059,0.03927966752,,,,
609,6.22,1.218,baseline — trained fixed gait,0.5,0,0,0,0,0,FR,0,0,0,0,0,0,0.08189148446,0.4135965301,-0.7280253664,0.8413021093,,,,
609,6.22,1.218,baseline — trained fixed gait,0.5,0,0,0,0,0,RL,0,0,0,0,0,0,0.7100370627,-0.136057772,-0.3092675348,0.7863273846,,,,
609,6.22,1.218,baseline — trained fixed gait,0.5,0,0,0,0,0,RR,1,0,44.89491157,13.23501017,284.0515541,287.8819272,0.007711016718,-0.005509616078,0.003298317766,0.01003466732,,,,
610,6.222,1.22,baseline — trained fixed gait,0.5,0,0,0,0,0,FL,1,0,-50.25179949,-42.83398563,342.5529509,348.8588796,0.03728137578,0.0120337679,0.0004395693753,0.03917787349,,,,
610,6.222,1.22,baseline — trained fixed gait,0.5,0,0,0,0,0,FR,0,0,0,0,0,0,0.08296289577,0.4224517528,-0.7089059325,0.829394928,,,,
610,6.222,1.22,baseline — trained fixed gait,0.5,0,0,0,0,0,RL,0,0,0,0,0,0,0.7046675336,-0.1497500714,-0.2979455121,0.7795851108,,,,
610,6.222,1.22,baseline — trained fixed gait,0.5,0,0,0,0,0,RR,1,0,43.37120309,12.26149709,283.6496942,287.2082077,0.007736584967,-0.005449883961,0.003361699971,0.01004275902,,,,
611,6.224,1.222,baseline — trained fixed gait,0.5,0,0,0,0,0,FL,1,0,-49.7623118,-43.04283677,342.1906202,348.4585973,0.03719704831,0.01176418711,0.0009853720071,0.03902547193,,,,
611,6.224,1.222,baseline — trained fixed gait,0.5,0,0,0,0,0,FR,0,0,0,0,0,0,0.03676972379,0.4267843408,-0.783908649,0.893313862,,,,
611,6.224,1.222,baseline — trained fixed gait,0.5,0,0,0,0,0,RL,0,0,0,0,0,0,0.6670772284,-0.1579580225,-0.3454654542,0.7676517085,,,,
611,6.224,1.222,baseline — trained fixed gait,0.5,0,0,0,0,0,RR,1,0,43.67758945,12.17542386,282.4802735,286.0962734,0.008029640035,-0.005293782793,0.003329147029,0.01017754761,,,,
612,6.226,1.224,baseline — trained fixed gait,0.5,0,0,0,0,0,FL,1,0,-49.30476433,-43.24243623,341.9164737,348.1490242,0.03708149975,0.01161197164,0.001270418804,0.03887787896,,,,
612,6.226,1.224,baseline — trained fixed gait,0.5,0,0,0,0,0,FR,0,0,0,0,0,0,0.009628308137,0.4330406335,-0.8210976768,0.9283416878,,,,
612,6.226,1.224,baseline — trained fixed gait,0.5,0,0,0,0,0,RL,0,0,0,0,0,0,0.6421556183,-0.1696617807,-0.3693075923,0.7599585882,,,,
612,6.226,1.224,baseline — trained fixed gait,0.5,0,0,0,0,0,RR,1,0,43.98070332,12.03169256,281.3076034,284.979002,0.008202522407,-0.005188680859,0.003290197041,0.01024837448,,,,
613,6.228,1.226,baseline — trained fixed gait,0.5,0,0,0,0,0,FL,1,0,-48.86996747,-43.43042388,341.7136342,347.9118901,0.03694943893,0.01152644709,0.001383991975,0.03873029117,,,,
613,6.228,1.226,baseline — trained fixed gait,0.5,0,0,0,0,0,FR,0,0,0,0,0,0,-0.00289344627,0.4403575903,-0.8305915476,0.9401093013,,,,
613,6.228,1.226,baseline — trained fixed gait,0.5,0,0,0,0,0,RL,0,0,0,0,0,0,0.6267274175,-0.1835824882,-0.3757095642,0.7534238265,,,,
613,6.228,1.226,baseline — trained fixed gait,0.5,0,0,0,0,0,RR,1,0,44.27805064,11.84049612,280.1298802,283.8547038,0.008302855937,-0.0051059383,0.003246365631,0.0102736027,,,,
614,6.23,1.228,baseline — trained fixed gait,0.5,0,0,0,0,0,FL,1,0,-48.45126499,-43.60685035,341.5684261,347.7327597,0.0368104413,0.0114787248,0.001387276391,0.03858360076,,,,
614,6.23,1.228,baseline — trained fixed gait,0.5,0,0,0,0,0,FR,0,0,0,0,0,0,-0.004365204749,0.4480991964,-0.8203565411,0.9347709876,,,,
614,6.23,1.228,baseline — trained fixed gait,0.5,0,0,0,0,0,RL,0,0,0,0,0,0,0.618274581,-0.1987392331,-0.3695806002,0.7472285864,,,,
614,6.23,1.228,baseline — trained fixed gait,0.5,0,0,0,0,0,RR,1,0,44.56840189,11.61118124,278.9445192,282.7210759,0.008360700879,-0.005030569191,0.003200160597,0.01026883506,,,,
615,6.232,1.23,baseline — trained fixed gait,0.5,0,0,0,0,0,FL,1,0,-47.42454406,-41.11612969,331.2715051,337.1652912,0.0366687864,0.0114519142,0.00132089782,0.03843814519,,,,
615,6.232,1.23,baseline — trained fixed gait,0.5,0,0,0,0,0,FR,0,0,0,0,0,0,0.002339600204,0.4558031672,-0.7965898058,0.9177784698,,,,
615,6.232,1.23,baseline — trained fixed gait,0.5,0,0,0,0,0,RL,0,0,0,0,0,0,0.6148075011,-0.2143886441,-0.3547456323,0.7414817717,,,,
615,6.232,1.23,baseline — trained fixed gait,0.5,0,0,0,0,0,RR,1,0,41.64512419,10.02096649,274.6552914,277.975296,0.008393451399,-0.004955611159,0.003153085916,0.01024451361,,,,
616,6.234,1.232,baseline — trained fixed gait,0.5,0,0,0,0,0,FL,1,0,-46.90990736,-41.33961884,331.0256826,336.8790673,0.03638222885,0.01110803626,0.001882631285,0.03808673452,,,,
616,6.234,1.232,baseline — trained fixed gait,0.5,0,0,0,0,0,FR,0,0,0,0,0,0,-0.0394114264,0.4602790365,-0.8647431127,0.9804033368,,,,
616,6.234,1.232,baseline — trained fixed gait,0.5,0,0,0,0,0,RL,0,0,0,0,0,0,0.5732690593,-0.2233558823,-0.4043696343,0.7362337032,,,,
616,6.234,1.232,baseline — trained fixed gait,0.5,0,0,0,0,0,RR,1,0,41.93101403,9.926461777,273.2924983,276.6686361,0.00885402109,-0.004709715217,0.00331369975,0.01056199379,,,,
617,6.236,1.234,baseline — trained fixed gait,0.5,0,0,0,0,0,FL,1,0,-46.2560476,-44.49297202,331.278159,337.4380908,0.0361352691,0.01091501917,0.002120496579,0.03780729853,,,,
617,6.236,1.234,baseline — trained fixed gait,0.5,0,0,0,0,0,FR,1,1,-102.9069512,-75.64009524,205.0382884,241.5615125,-0.06099802853,0.466452439,-0.8946665574,1.010805068,-0.0394114264,0.4602790365,-0.8647431127,0.9804033368
617,6.236,1.234,baseline — trained fixed gait,0.5,0,0,0,0,0,RL,0,0,0,0,0,0,0.5457139081,-0.235969779,-0.4284435325,0.7328364529,,,,
617,6.236,1.234,baseline — trained fixed gait,0.5,0,0,0,0,0,RR,1,0,42.3713883,9.053659282,271.4925725,274.9282092,0.009123370339,-0.004550453646,0.003385395368,0.01074259822,,,,
618,6.238,1.236,baseline — trained fixed gait,0.5,0,0,0,0,0,FL,1,0,-45.9185802,-42.72879471,331.7173976,337.5954647,0.03572994236,0.01116254094,0.002137681175,0.03749400995,,,,
618,6.238,1.236,baseline — trained fixed gait,0.5,0,0,0,0,0,FR,1,0,-77.46624734,-43.26755222,174.3549088,195.6341861,-0.01668002451,0.2807680496,-0.5018718203,0.5753123021,,,,
618,6.238,1.236,baseline — trained fixed gait,0.5,0,0,0,0,0,RL,0,0,0,0,0,0,0.5287672104,-0.2549000383,-0.4332605389,0.7295776085,,,,
618,6.238,1.236,baseline — trained fixed gait,0.5,0,0,0,0,0,RR,1,0,42.54506723,8.426948175,270.0344392,273.4953282,0.009343448196,-0.004301425017,0.003447352557,0.01084834186,,,,
619,6.24,1.238,baseline — trained fixed gait,0.5,0,0,0,0,0,FL,1,0,-45.59846098,-41.39027542,331.9105601,337.5751686,0.0354761914,0.01113922763,0.002005316608,0.03723793553,,,,
619,6.24,1.238,baseline — trained fixed gait,0.5,0,0,0,0,0,FR,1,0,-60.01611189,-22.70139806,154.3939067,167.196787,0.004301648307,0.1670440423,-0.254622328,0.3045566387,,,,
619,6.24,1.238,baseline — trained fixed gait,0.5,0,0,0,0,0,RL,0,0,0,0,0,0,0.5195097654,-0.2703796992,-0.4247323701,0.7234591656,,,,
619,6.24,1.238,baseline — trained fixed gait,0.5,0,0,0,0,0,RR,1,0,42.71377463,8.112001731,268.5432786,272.0400037,0.00950226448,-0.004087426244,0.003441292481,0.01090149428,,,,
620,6.242,1.24,baseline — trained fixed gait,0.5,0,0,0,0,0,FL,1,0,-42.3383424,-38.04423106,335.0240275,339.8249516,0.0353200783,0.0109680479,0.001810566665,0.03702815358,,,,
620,6.242,1.24,baseline — trained fixed gait,0.5,0,0,0,0,0,FR,1,0,-53.72510163,1.646586523,215.4117409,222.0164766,0.01276277861,0.09810274543,-0.1006216723,0.1411090292,,,,
620,6.242,1.24,baseline — trained fixed gait,0.5,0,0,0,0,0,RL,0,0,0,0,0,0,0.5156521607,-0.2839194359,-0.4075026432,0.7159370092,,,,
620,6.242,1.24,baseline — trained fixed gait,0.5,0,0,0,0,0,RR,1,0,37.22805349,7.466242471,265.920056,268.6171047,0.00962761011,-0.003915714497,0.003405154636,0.01093703683,,,,
621,6.244,1.242,baseline — trained fixed gait,0.5,0,0,0,0,0,FL,1,0,-42.05585789,-36.91891739,334.2115869,338.8644072,0.03501243287,0.01044719891,0.001410302809,0.03656505674,,,,
621,6.244,1.242,baseline — trained fixed gait,0.5,0,0,0,0,0,FR,1,0,-45.60164951,9.847902097,206.2024093,211.4141083,0.0177587019,0.05493550381,-0.01158304157,0.0588850399,,,,
621,6.244,1.242,baseline — trained fixed gait,0.5,0,0,0,0,0,RL,0,0,0,0,0,0,0.4784510207,-0.2944686761,-0.4430865677,0.7155088308,,,,
621,6.244,1.242,baseline — trained fixed gait,0.5,0,0,0,0,0,RR,1,0,37.27197504,7.652986616,264.4549261,267.1781733,0.01048880321,-0.003721887522,0.003418955076,0.01164288166,,,,
622,6.246,1.244,baseline — trained fixed gait,0.5,0,0,0,0,0,FL,1,0,-41.79301689,-35.94233003,333.2587933,337.7868125,0.03488337175,0.009998120646,0.001148188785,0.03630606532,,,,
622,6.246,1.244,baseline — trained fixed gait,0.5,0,0,0,0,0,FR,1,0,-40.02327768,15.06170549,199.7728231,204.2985526,0.0200902709,0.02882854927,0.04090230682,0.05392312066,,,,
622,6.246,1.244,baseline — trained fixed gait,0.5,0,0,0,0,0,RL,0,0,0,0,0,0,0.4533423382,-0.3074408838,-0.4584554918,0.7142972845,,,,
622,6.246,1.244,baseline — trained fixed gait,0.5,0,0,0,0,0,RR,1,0,37.3303958,7.859712063,262.9529068,265.705786,0.01102084381,-0.003608622291,0.003380039905,0.01207914826,,,,
623,6.248,1.246,baseline — trained fixed gait,0.5,0,0,0,0,0,FL,1,0,-41.54640234,-35.06726449,332.1856249,336.6052674,0.03486448994,0.009611747702,0.0009863617248,0.03617860227,,,,
623,6.248,1.246,baseline — trained fixed gait,0.5,0,0,0,0,0,FR,1,0,-36.21149185,18.42922811,195.2135821,199.3972197,0.02123658757,0.0130530867,0.06979071437,0.07410883575,,,,
623,6.248,1.246,baseline — trained fixed gait,0.5,0,0,0,0,0,RL,0,0,0,0,0,0,0.4373354877,-0.3222500393,-0.4594324148,0.7114671886,,,,
623,6.248,1.246,baseline — trained fixed gait,0.5,0,0,0,0,0,RR,1,0,37.3927184,8.060168081,261.4259598,264.2096027,0.01134865534,-0.003544929248,0.00330684726,0.01234073499,,,,
624,6.25,1.248,baseline — trained fixed gait,0.5,0,0,0,0,0,FL,1,0,-41.31367514,-34.26253218,331.0064609,335.3297154,0.03491079587,0.009276129338,0.0008951681739,0.03613324743,,,,
624,6.25,1.248,baseline — trained fixed gait,0.5,0,0,0,0,0,FR,1,0,-33.6114915,20.64946655,191.9089222,195.9213293,0.02192681919,0.003538186979,0.08362917323,0.08652827735,,,,
624,6.25,1.248,baseline — trained fixed gait,0.5,0,0,0,0,0,RL,0,0,0,0,0,0,0.4280842295,-0.3383557429,-0.4504908157,0.7075893522,,,,
624,6.25,1.248,baseline — trained fixed gait,0.5,0,0,0,0,0,RR,1,0,37.45189975,8.240452714,259.8809815,262.6950216,0.01155316656,-0.003509810567,0.003215000339,0.01249522529,,,,
625,6.252,1.25,baseline — trained fixed gait,0.5,0,0,0,0,0,FL,1,0,-36.79291566,-28.98203538,322.7791732,326.15958,0.034995586,0.008980473604,0.0008535956847,0.03613957071,,,,
625,6.252,1.25,baseline — trained fixed gait,0.5,0,0,0,0,0,FR,1,0,-35.74100998,35.27615089,255.9664141,260.8459925,0.02252768731,-0.002183470658,0.08808481799,0.0909461346,,,,
625,6.252,1.25,baseline — trained fixed gait,0.5,0,0,0,0,0,RL,0,0,0,0,0,0,0.4237556935,-0.3552929173,-0.4350311178,0.7036007521,,,,
625,6.252,1.25,baseline — trained fixed gait,0.5,0,0,0,0,0,RR,1,0,30.56195286,10.52680222,261.9310459,263.9180163,0.01168300882,-0.003490288898,0.003114272389,0.01258465352,,,,
626,6.254,1.252,baseline — trained fixed gait,0.5,0,0,0,0,0,FL,1,0,-36.50507168,-28.12803122,320.5763344,323.8718768,0.03467492358,0.008141604397,0.001320809364,0.03564239869,,,,
626,6.254,1.252,baseline — trained fixed gait,0.5,0,0,0,0,0,FR,1,0,-34.88027983,36.179532,253.9459416,258.8708823,0.02407793397,-0.007203674599,0.08227751009,0.08603039288,,,,
626,6.254,1.252,baseline — trained fixed gait,0.5,0,0,0,0,0,RL,0,0,0,0,0,0,0.3559526277,-0.3739950903,-0.5200216283,0.732800856,,,,
626,6.254,1.252,baseline — trained fixed gait,0.5,0,0,0,0,0,RR,1,0,30.48202722,10.84537847,260.4109072,262.4130652,0.01275123173,-0.003779090443,0.002752140025,0.01358122638,,,,
627,6.256,1.254,baseline — trained fixed gait,0.5,0,0,0,0,0,FL,1,0,-36.28050517,-27.3253677,318.3254867,321.5494772,0.03458632698,0.007556194768,0.001649801437,0.03544054089,,,,
627,6.256,1.254,baseline — trained fixed gait,0.5,0,0,0,0,0,FR,1,0,-34.19855081,36.74286541,251.9115431,256.863786,0.02540621875,-0.01009658059,0.07522183903,0.08003587919,,,,
627,6.256,1.254,baseline — trained fixed gait,0.5,0,0,0,0,0,RL,0,0,0,0,0,0,0.3086224545,-0.3976034591,-0.5704945374,0.7607892923,,,,
627,6.256,1.254,baseline — trained fixed gait,0.5,0,0,0,0,0,RR,1,0,30.42794935,11.08043654,258.8574136,260.8750596,0.01340086979,-0.0039539489,0.002509141955,0.014195521,,,,
628,6.258,1.256,baseline — trained fixed gait,0.5,0,0,0,0,0,FL,1,0,-36.10530386,-26.54941305,316.0166461,319.1786098,0.0346417033,0.007127792936,0.001889097311,0.03541781654,,,,
628,6.258,1.256,baseline — trained fixed gait,0.5,0,0,0,0,0,FR,1,0,-33.63200536,37.11909575,249.9762322,254.9452014,0.02657089926,-0.01171078193,0.06770197974,0.0736662281,,,,
628,6.258,1.256,baseline — trained fixed gait,0.5,0,0,0,0,0,RL,0,0,0,0,0,0,0.2770957423,-0.4245209219,-0.5954710398,0.7820395276,,,,
628,6.258,1.256,baseline — trained fixed gait,0.5,0,0,0,0,0,RR,1,0,30.3845216,11.24680613,257.28167,259.313647,0.01379704244,-0.004052736762,0.002345048886,0.0145699111,,,,
629,6.26,1.258,baseline — trained fixed gait,0.5,0,0,0,0,0,FL,1,0,-35.96894666,-25.79050734,313.6439637,316.7514031,0.03478320103,0.006795410051,0.002068999384,0.03550111872,,,,
629,6.26,1.258,baseline — trained fixed gait,0.5,0,0,0,0,0,FR,1,0,-33.13324155,37.37321021,248.0072472,252.9864882,0.02762816543,-0.01256361121,0.06021525072,0.06743171562,,,,
629,6.26,1.258,baseline — trained fixed gait,0.5,0,0,0,0,0,RL,0,0,0,0,0,0,0.2576706481,-0.4535017675,-0.602025868,0.7965507905,,,,
629,6.26,1.258,baseline — trained fixed gait,0.5,0,0,0,0,0,RR,1,0,30.34207664,11.35698724,255.6886499,257.7330178,0.01404380884,-0.004099187937,0.002234128147,0.01479943367,,,,
630,6.262,1.26,baseline — trained fixed gait,0.5,0,0,0,0,0,FL,1,0,-30.27973355,-18.04463683,291.7086452,293.8305717,0.03497627533,0.00652266399,0.002210200758,0.03564786065,,,,
630,6.262,1.26,baseline — trained fixed gait,0.5,0,0,0,0,0,FR,1,0,-31.4894842,47.4181845,283.3349975,288.996181,0.02860609194,-0.01296309994,0.05306002635,0.06165806397,,,,
630,6.262,1.26,baseline — trained fixed gait,0.5,0,0,0,0,0,RL,0,0,0,0,0,0,0.2474122146,-0.4835976573,-0.5956466433,0.8061478907,,,,
630,6.262,1.26,baseline — trained fixed gait,0.5,0,0,0,0,0,RR,1,0,25.69012778,18.29070812,257.0292798,258.956721,0.01420207617,-0.004109853617,0.002157140075,0.01494132248,,,,
631,6.264,1.262,baseline — trained fixed gait,0.5,0,0,0,0,0,FL,1,0,-30.02214444,-17.40845733,288.2948381,290.3761306,0.03454742239,0.005380868571,0.003622576394,0.03515111947,,,,
631,6.264,1.262,baseline — trained fixed gait,0.5,0,0,0,0,0,FR,1,0,-31.2413011,47.14155543,281.4921358,287.116993,0.02943657885,-0.01432776743,0.04389157647,0.0547564387,,,,
631,6.264,1.262,baseline — trained fixed gait,0.5,0,0,0,0,0,RL,0,0,0,0,0,0,0.1675893634,-0.5212116916,-0.6980940313,0.8871770391,,,,
631,6.264,1.262,baseline — trained fixed gait,0.5,0,0,0,0,0,RR,1,0,25.57845604,18.4129396,255.4897855,257.4263472,0.01494785544,-0.005054876566,0.001877548852,0.01589073154,,,,
632,6.266,1.264,baseline — trained fixed gait,0.5,0,0,0,0,0,FL,1,0,-31.9824701,-17.22197702,284.6255119,286.9340637,0.03443095468,0.004662576972,0.004475551066,0.03503228256,,,,
632,6.266,1.264,baseline — trained fixed gait,0.5,0,0,0,0,0,FR,1,0,-30.92428625,46.90266392,279.4522154,285.0433512,0.03026622128,-0.01496208781,0.03643074441,0.0496699845,,,,
632,6.266,1.264,baseline — trained fixed gait,0.5,0,0,0,0,0,RL,0,0,0,0,0,0,0.1137442768,-0.5632631794,-0.7575794264,0.95085738,,,,
632,6.266,1.264,baseline — trained fixed gait,0.5,0,0,0,0,0,RR,1,0,25.47424763,18.38524147,253.9351033,255.8710438,0.01539638765,-0.005571945607,0.001708259315,0.01646248707,,,,
633,6.268,1.266,baseline — trained fixed gait,0.5,0,0,0,0,0,FL,1,0,-31.78314959,-16.66865491,281.1469775,283.4283607,0.03459579456,0.00446351628,0.006504277015,0.03548376528,,,,
633,6.268,1.266,baseline — trained fixed gait,0.5,0,0,0,0,0,FR,1,0,-30.54841095,46.60225443,277.2166486,282.7614645,0.03105166985,-0.01518110534,0.03026984282,0.04594491859,,,,
633,6.268,1.266,baseline — trained fixed gait,0.5,0,0,0,0,0,RL,0,0,0,0,0,0,0.08000220787,-0.6078503188,-0.7853968206,0.9963586348,,,,
633,6.268,1.266,baseline — trained fixed gait,0.5,0,0,0,0,0,RR,1,0,25.37819721,18.32482325,252.3640125,254.297949,0.01566950077,-0.005821409804,0.001607807553,0.01679306737,,,,
634,6.27,1.268,baseline — trained fixed gait,0.5,0,0,0,0,0,FL,1,0,-31.68040698,-16.07937305,277.718999,279.982208,0.03482454666,0.004315392927,0.007758239331,0.03593830747,,,,
634,6.27,1.268,baseline — trained fixed gait,0.5,0,0,0,0,0,FR,1,0,-30.12689263,46.31713903,274.8135863,280.3130647,0.0317899191,-0.01515523172,0.02512455604,0.04326110633,,,,
634,6.27,1.268,baseline — trained fixed gait,0.5,0,0,0,0,0,RL,0,0,0,0,0,0,0.06166860123,-0.6536077525,-0.7903867093,1.027481027,,,,
634,6.27,1.268,baseline — trained fixed gait,0.5,0,0,0,0,0,RR,1,0,25.27902457,18.2089626,250.7810708,252.7088065,0.01583938525,-0.005911277075,0.00154889378,0.01697729053,,,,
635,6.272,1.27,baseline — trained fixed gait,0.5,0,0,0,0,0,FL,1,0,-25.33906034,-9.359235655,246.5316581,248.0071001,0.03509248249,0.00419174751,0.008493839873,0.03634829282,,,,
635,6.272,1.27,baseline — trained fixed gait,0.5,0,0,0,0,0,FR,1,0,-25.71533885,49.52956403,284.8056314,290.2218187,0.03247737448,-0.01499230626,0.02078620483,0.04137167403,,,,
635,6.272,1.27,baseline — trained fixed gait,0.5,0,0,0,0,0,RL,0,0,0,0,0,0,0.05501706375,-0.6994720739,-0.7794048978,1.048694452,,,,
635,6.272,1.27,baseline — trained fixed gait,0.5,0,0,0,0,0,RR,1,0,21.03659333,25.38982351,237.7084998,239.9844001,0.0159503043,-0.005902934948,0.001513041763,0.01707472236,,,,
636,6.274,1.272,baseline — trained fixed gait,0.5,0,0,0,0,0,FL,1,0,-25.11985582,-8.949799174,242.2528523,243.7161269,0.03457913347,0.003273725199,0.01073657233,0.03635529856,,,,
636,6.274,1.272,baseline — trained fixed gait,0.5,0,0,0,0,0,FR,1,0,-25.31363402,48.72960812,282.5214821,287.8085173,0.03245101184,-0.01520240813,0.0163152722,0.03937473161,,,,
636,6.274,1.272,baseline — trained fixed gait,0.5,0,0,0,0,0,RL,0,0,0,0,0,0,-0.03021225655,-0.7515427452,-0.8868238877,1.162835279,,,,
636,6.274,1.272,baseline — trained fixed gait,0.5,0,0,0,0,0,RR,1,0,20.96817539,25.35823764,236.1949865,238.4759448,0.01650745944,-0.006887856842,0.002270247186,0.01803033032,,,,
637,6.276,1.274,baseline — trained fixed gait,0.5,0,0,0,0,0,FL,1,0,-25.05747513,-8.487959267,238.1210629,239.5862332,0.03442956827,0.002731228917,0.01194697776,0.0365456572,,,,
637,6.276,1.274,baseline — trained fixed gait,0.5,0,0,0,0,0,FR,1,0,-24.90039248,48.02739367,280.097891,285.2744093,0.03262419818,-0.01513896033,0.01272807809,0.03815141411,,,,
637,6.276,1.274,baseline — trained fixed gait,0.5,0,0,0,0,0,RL,0,0,0,0,0,0,-0.08501654605,-0.8073582657,-0.9456007789,1.246280873,,,,
637,6.276,1.274,baseline — trained fixed gait,0.5,0,0,0,0,0,RR,1,0,19.11517565,25.67080439,234.7728172,236.9444151,0.01681363181,-0.007394653543,0.00263882985,0.01855646891,,,,
638,6.278,1.276,baseline — trained fixed gait,0.5,0,0,0,0,0,FL,1,0,-25.10483006,-8.021683546,234.0827275,235.5617185,0.03451097042,0.002403194424,0.01247125649,0.0367738312,,,,
638,6.278,1.276,baseline — trained fixed gait,0.5,0,0,0,0,0,FR,1,0,-24.45899215,47.39786772,277.5256067,282.6044277,0.03290171877,-0.01493143072,0.009805621602,0.03743822828,,,,
638,6.278,1.276,baseline — trained fixed gait,0.5,0,0,0,0,0,RL,0,0,0,0,0,0,-0.1163533464,-0.8648001645,-0.9688425547,1.303868598,,,,
638,6.278,1.276,baseline — trained fixed gait,0.5,0,0,0,0,0,RR,1,0,19.12213423,25.51017228,233.233552,235.4024526,0.01708976189,-0.007789660008,0.004329725483,0.0192739536,,,,
639,6.28,1.278,baseline — trained fixed gait,0.5,0,0,0,0,0,FL,1,0,-27.65721247,-6.404502397,230.1519302,231.8962053,0.03473588165,0.002201932952,0.01254252262,0.03699655195,,,,
639,6.28,1.278,baseline — trained fixed gait,0.5,0,0,0,0,0,FR,1,0,-23.99567534,46.90978196,274.8374754,279.8427379,0.03322705526,-0.01464877886,0.007389623395,0.03705712425,,,,
639,6.28,1.278,baseline — trained fixed gait,0.5,0,0,0,0,0,RL,0,0,0,0,0,0,-0.1297586353,-0.9224513503,-0.9667495099,1.342519427,,,,
639,6.28,1.278,baseline — trained fixed gait,0.5,0,0,0,0,0,RR,1,0,19.07641796,25.23523187,231.7532534,233.9023239,0.01723236739,-0.007927416448,0.005304833569,0.01969618432,,,,
640,6.282,1.28,baseline — trained fixed gait,0.5,0,0,0,0,0,FL,1,0,-26.4603502,-5.420606249,179.3183674,181.3411425,0.03540824143,0.002269169887,0.01474720989,0.03842359813,,,,
640,6.282,1.28,baseline — trained fixed gait,0.5,0,0,0,0,0,FR,1,0,-19.02897526,44.35339767,268.7009675,273.0009812,0.03356204038,-0.01433612546,0.005366349557,0.0368881113,,,,
640,6.282,1.28,baseline — trained fixed gait,0.5,0,0,0,0,0,RL,0,0,0,0,0,0,-0.1296207621,-0.9791390276,-0.9471800179,1.36845342,,,,
640,6.282,1.28,baseline — trained fixed gait,0.5,0,0,0,0,0,RR,1,0,10.69962223,27.90702601,185.7233283,188.112835,0.01730177415,-0.007910523889,0.005788145212,0.0198854319,,,,
641,6.284,1.282,baseline — trained fixed gait,0.5,0,0,0,0,0,FL,1,0,-26.66185906,-6.025234667,175.887839,177.9991295,0.03561990235,0.002226050511,0.01908591373,0.04047227257,,,,
641,6.284,1.282,baseline — trained fixed gait,0.5,0,0,0,0,0,FR,1,0,-18.42392782,38.28577735,264.7530452,268.1406661,0.03303909335,-0.01375337079,0.003965547722,0.03600642257,,,,
641,6.284,1.282,baseline — trained fixed gait,0.5,0,0,0,0,0,RL,1,1,-94.24514456,174.6695211,267.4745312,333.0678815,-0.2229866993,-1.032833153,-1.061568482,1.497796725,-0.1296207621,-0.9791390276,-0.9471800179,1.36845342
641,6.284,1.282,baseline — trained fixed gait,0.5,0,0,0,0,0,RR,1,0,11.36546319,34.87582957,185.7439004,189.3311748,0.01823935901,-0.008302522799,0.009044826673,0.02198670033,,,,
642,6.286,1.284,baseline — trained fixed gait,0.5,0,0,0,0,0,FL,1,0,-26.69530742,-4.958544388,171.8679005,173.9994305,0.0358009551,0.002401753643,0.02120203621,0.04167736971,,,,
642,6.286,1.284,baseline — trained fixed gait,0.5,0,0,0,0,0,FR,1,0,-18.03917881,41.70024792,262.6355873,266.5366285,0.03309232518,-0.01239442753,0.002482537384,0.0354243816,,,,
642,6.286,1.284,baseline — trained fixed gait,0.5,0,0,0,0,0,RL,1,0,-73.10191157,119.751259,226.4578766,266.3971159,-0.1033106,-0.650186111,-0.6059253552,0.8947405183,,,,
642,6.286,1.284,baseline — trained fixed gait,0.5,0,0,0,0,0,RR,1,0,11.02328208,32.10505016,186.3940143,189.4596937,0.01808639092,-0.009467762572,0.01058890655,0.02299741304,,,,
643,6.288,1.286,baseline — trained fixed gait,0.5,0,0,0,0,0,FL,1,0,-26.81012826,-4.27849137,167.7669928,169.9495582,0.03608773411,0.00234556638,0.02195578462,0.04230700548,,,,
643,6.288,1.286,baseline — trained fixed gait,0.5,0,0,0,0,0,FR,1,0,-17.68550679,43.65488724,260.6520056,264.8735441,0.03309131429,-0.01190918947,0.00127740762,0.03519226684,,,,
643,6.288,1.286,baseline — trained fixed gait,0.5,0,0,0,0,0,RL,1,0,-54.63174634,80.40228122,196.3162309,219.064413,-0.04587546495,-0.3995080138,-0.3223618634,0.5153914845,,,,
643,6.288,1.286,baseline — trained fixed gait,0.5,0,0,0,0,0,RR,1,0,10.72735427,29.75165672,186.4017245,189.0657031,0.01802942266,-0.01010657375,0.01085562111,0.02334625075,,,,
644,6.29,1.288,baseline — trained fixed gait,0.5,0,0,0,0,0,FL,1,0,-26.98864293,-3.896213818,163.6348877,165.8913615,0.03645498394,0.002223797729,0.02185694518,0.04256333144,,,,
644,6.29,1.288,baseline — trained fixed gait,0.5,0,0,0,0,0,FR,1,0,-17.33879619,44.59299817,258.7569236,263.1431452,0.03298158479,-0.0118127274,0.0001702167488,0.03503361868,,,,
644,6.29,1.288,baseline — trained fixed gait,0.5,0,0,0,0,0,RL,1,0,-42.09107668,54.16305889,176.5382657,189.3965547,-0.01479304279,-0.242680342,-0.1463165838,0.283762445,,,,
644,6.29,1.288,baseline — trained fixed gait,0.5,0,0,0,0,0,RR,1,0,10.47705184,27.72975462,185.9172859,188.2656238,0.01804558279,-0.01031543731,0.01043448176,0.02325789575,,,,
645,6.292,1.29,baseline — trained fixed gait,0.5,0,0,0,0,0,FL,1,0,-33.1886805,-0.6772921955,46.4127467,57.06216167,0.03688138018,0.002111826876,0.02124737907,0.0426162778,,,,
645,6.292,1.29,baseline — trained fixed gait,0.5,0,0,0,0,0,FR,1,0,-15.2681585,34.92373764,249.7093012,252.6015028,0.03280595776,-0.01185073911,-0.0008829043066,0.03489198192,,,,
645,6.292,1.29,baseline — trained fixed gait,0.5,0,0,0,0,0,RL,1,0,-23.13602933,22.26787199,237.9074739,240.0647832,0.001750958059,-0.1476578355,-0.03770790858,0.1524066554,,,,
645,6.292,1.29,baseline — trained fixed gait,0.5,0,0,0,0,0,RR,1,0,-5.392247889,24.64386946,133.5464359,135.9082307,0.01809967831,-0.0102346245,0.009678495452,0.02293510775,,,,
646,6.294,1.292,baseline — trained fixed gait,0.5,0,0,0,0,0,FL,1,0,-32.79869691,-0.5587604173,42.32817657,53.55129563,0.04066732605,0.001599517821,0.02985326933,0.0504738304,,,,
646,6.294,1.292,baseline — trained fixed gait,0.5,0,0,0,0,0,FR,1,0,-14.89421035,34.97491119,248.6049123,251.4945016,0.03203062163,-0.01067103631,-0.001278515626,0.03378559368,,,,
646,6.294,1.292,baseline — trained fixed gait,0.5,0,0,0,0,0,RL,1,0,-17.00602908,12.27345242,228.5398006,229.5000721,0.009405100948,-0.08816644932,0.02339446301,0.09170103385,,,,
646,6.294,1.292,baseline — trained fixed gait,0.5,0,0,0,0,0,RR,1,0,-5.394544594,23.54265115,131.1272695,133.3331104,0.02055738874,-0.009782468713,0.01267262371,0.02605567727,,,,
647,6.296,1.294,baseline — trained fixed gait,0.5,0,0,0,0,0,FL,1,0,-32.60965164,-0.521690202,38.81371954,50.69680823,0.04341794705,0.001281295805,0.03411940587,0.05523489569,,,,
647,6.296,1.294,baseline — trained fixed gait,0.5,0,0,0,0,0,FR,1,0,-16.22189666,35.26315437,247.0194297,250.0504722,0.03137381345,-0.01000712831,-0.001917173989,0.03298688139,,,,
647,6.296,1.294,baseline — trained fixed gait,0.5,0,0,0,0,0,RL,1,0,-12.6888071,6.211858124,221.6637365,222.1134959,0.01336328461,-0.05239251573,0.05831661345,0.07952597365,,,,
647,6.296,1.294,baseline — trained fixed gait,0.5,0,0,0,0,0,RR,1,0,-5.424248624,22.58908512,128.6356346,130.7165472,0.02209927976,-0.009408855099,0.013944217,0.02777311484,,,,
648,6.298,1.296,baseline — trained fixed gait,0.5,0,0,0,0,0,FL,1,0,-32.5659911,-0.3849381024,35.73357985,48.34853341,0.04577731385,0.001092916373,0.03564895176,0.0580310666,,,,
648,6.298,1.296,baseline — trained fixed gait,0.5,0,0,0,0,0,FR,1,0,-15.81448121,35.06841895,246.0787092,249.0675068,0.03081105099,-0.009912454172,-0.001167306063,0.03238734651,,,,
648,6.298,1.296,baseline — trained fixed gait,0.5,0,0,0,0,0,RL,1,0,-9.635164698,2.469120814,216.4807274,216.7091099,0.01543406902,-0.03090201397,0.07644720256,0.08388873424,,,,
648,6.298,1.296,baseline — trained fixed gait,0.5,0,0,0,0,0,RR,1,0,-5.483804655,21.70650125,126.0936518,128.0658164,0.02309869633,-0.009112673772,0.01412644684,0.02856828829,,,,
649,6.3,1.298,baseline — trained fixed gait,0.5,0,0,0,0,0,FL,1,0,-32.63049631,-0.2334994437,33.05132335,46.4456003,0.04810445836,0.0009644492602,0.03551602957,0.05980265406,,,,
649,6.3,1.298,baseline — trained fixed gait,0.5,0,0,0,0,0,FR,1,0,-15.46609821,34.78866947,245.2777505,248.2148799,0.0302733838,-0.009835450663,-0.001008274253,0.03184698531,,,,
649,6.3,1.298,baseline — trained fixed gait,0.5,0,0,0,0,0,RL,1,0,-7.463571149,0.2428585833,212.3327884,212.4640602,0.0165935511,-0.01799293645,0.08398977688,0.08748356601,,,,
649,6.3,1.298,baseline — trained fixed gait,0.5,0,0,0,0,0,RR,1,0,-5.575485121,20.89223312,123.5234607,125.4018212,0.02378778102,-0.008873693557,0.01365956479,0.02883027356,,,,
650,6.302,1.3,baseline — trained fixed gait,0.5,0,0,0,0,0,FL,1,0,-50.38800038,0,41.99000032,65.59047728,0.0506252699,0.0008674141963,0.03449162826,0.06126453117,,,,
650,6.302,1.3,baseline — trained fixed gait,0.5,0,0,0,0,0,FR,1,0,-13.24205269,21.3303103,235.2617783,236.5976298,0.02976590638,-0.009759420006,-0.001211353276,0.03134841046,,,,
650,6.302,1.3,baseline — trained fixed gait,0.5,0,0,0,0,0,RL,1,0,9.151021578,-17.37263043,251.7559291,252.5204889,0.01730206938,-0.01026043859,0.08498044261,0.08732876863,,,,
650,6.302,1.3,baseline — trained fixed gait,0.5,0,0,0,0,0,RR,1,0,-26.43267069,0,22.02722557,34.40762628,0.0242988937,-0.008675744139,0.01284020014,0.02881970699,,,,
651,6.304,1.302,baseline — trained fixed gait,0.5,0,0,0,0,0,FL,0,0,0,0,0,0,0.2440475502,-0.0243227955,0.2710148166,0.3655131132,,,,
651,6.304,1.302,baseline — trained fixed gait,0.5,0,0,0,0,0,FR,1,0,-13.14829593,20.50285786,235.1064824,236.3647667,0.02887645837,-0.007950541772,-0.000914099287,0.02996492182,,,,
651,6.304,1.302,baseline — trained fixed gait,0.5,0,0,0,0,0,RL,1,0,9.926200754,-18.3167964,250.5539795,251.4186372,0.01556294451,-0.003502732882,0.0792755968,0.0808646686,,,,
651,6.304,1.302,baseline — trained fixed gait,0.5,0,0,0,0,0,RR,1,0,-25.2824464,0,21.06870533,32.9103698,0.06011144216,-0.01937951852,0.05838453421,0.08600991252,,,,
652,6.306,1.304,baseline — trained fixed gait,0.5,0,0,0,0,0,FL,0,0,0,0,0,0,0.5718796662,-0.02075762782,0.4409786066,0.7224537101,,,,
652,6.306,1.304,baseline — trained fixed gait,0.5,0,0,0,0,0,FR,1,0,-13.04365723,19.70884195,234.9426704,236.1284266,0.0281722739,-0.006793011711,-0.001077401584,0.02899970378,,,,
652,6.306,1.304,baseline — trained fixed gait,0.5,0,0,0,0,0,RL,1,0,10.56685595,-18.68269874,249.5431144,250.4645037,0.01458408121,0.0004859876281,0.07259924069,0.07405120767,,,,
652,6.306,1.304,baseline — trained fixed gait,0.5,0,0,0,0,0,RR,1,0,-24.00505654,0,20.00421378,31.24758084,0.09030152008,-0.03274279454,0.09291512778,0.1336400991,,,,
653,6.308,1.306,baseline — trained fixed gait,0.5,0,0,0,0,0,FL,0,0,0,0,0,0,0.82217267,-0.002064271829,0.5487757842,0.9884973555,,,,
653,6.308,1.306,baseline — trained fixed gait,0.5,0,0,0,0,0,FR,1,0,-12.95752313,19.04945649,234.8295878,235.9570184,0.02759817272,-0.006045860766,-0.00149192818,0.02829200275,,,,
653,6.308,1.306,baseline — trained fixed gait,0.5,0,0,0,0,0,RL,1,0,11.02271935,-18.83344705,248.7282684,249.683701,0.01406786954,0.002803277899,0.06563832652,0.06718744844,,,,
653,6.308,1.306,baseline — trained fixed gait,0.5,0,0,0,0,0,RR,1,0,-23.11592857,0,19.26327381,30.0901956,0.117267079,-0.04841897087,0.118796768,0.1738063194,,,,
654,6.31,1.308,baseline — trained fixed gait,0.5,0,0,0,0,0,FL,0,0,0,0,0,0,1.013090749,0.02678425255,0.6112866565,1.183529315,,,,
654,6.31,1.308,baseline — trained fixed gait,0.5,0,0,0,0,0,FR,1,0,-12.94348104,18.486788,234.8291571,235.9110596,0.02710484665,-0.005556940838,-0.002029820105,0.0277429716,,,,
654,6.31,1.308,baseline — trained fixed gait,0.5,0,0,0,0,0,RL,1,0,11.33583116,-18.91529675,248.0891196,249.0672616,0.01382638249,0.004125950866,0.05878830859,0.06053311119,,,,
654,6.31,1.308,baseline — trained fixed gait,0.5,0,0,0,0,0,RR,0,0,0,0,0,0,0.140901309,-0.06560613785,0.1377770161,0.207701349,,,,
655,6.312,1.31,baseline — trained fixed gait,0.5,0,0,0,0,0,FL,0,0,0,0,0,0,1.158863649,0.06206074433,0.6410385877,1.325800499,,,,
655,6.312,1.31,baseline — trained fixed gait,0.5,0,0,0,0,0,FR,1,0,-5.149778873,7.278600594,209.7936692,209.9830515,0.02666130459,-0.005243526468,-0.002605038273,0.02729662903,,,,
655,6.312,1.31,baseline — trained fixed gait,0.5,0,0,0,0,0,RL,1,0,23.03337549,-24.76731437,259.8278782,262.0200041,0.01372879785,0.004873004704,0.05227980348,0.05427157559,,,,
655,6.312,1.31,baseline — trained fixed gait,0.5,0,0,0,0,0,RR,0,0,0,0,0,0,0.2537321369,-0.0906755043,0.1544335287,0.3105668353,,,,
656,6.314,1.312,baseline — trained fixed gait,0.5,0,0,0,0,0,FL,0,0,0,0,0,0,1.412451615,0.08297212361,0.770384019,1.611023115,,,,
656,6.314,1.312,baseline — trained fixed gait,0.5,0,0,0,0,0,FR,1,0,-4.950160917,6.727267602,209.865469,210.0316054,0.0250090979,-0.003501338336,-0.001346461134,0.02528887711,,,,
656,6.314,1.312,baseline — trained fixed gait,0.5,0,0,0,0,0,RL,1,0,23.34040395,-23.91400312,259.5757691,261.7178517,0.01212827868,0.005995524087,0.04541715242,0.04738944172,,,,
656,6.314,1.312,baseline — trained fixed gait,0.5,0,0,0,0,0,RR,0,0,0,0,0,0,0.5810003267,-0.08043863057,0.3592862151,0.6878359813,,,,
657,6.316,1.314,baseline — trained fixed gait,0.5,0,0,0,0,0,FL,0,0,0,0,0,0,1.593395351,0.1170230452,0.8442784135,1.807044321,,,,
657,6.316,1.314,baseline — trained fixed gait,0.5,0,0,0,0,0,FR,1,0,-4.818119135,6.284021454,210.0237374,210.1729609,0.02385994268,-0.002473978409,-0.0009133108935,0.02400524048,,,,
657,6.316,1.314,baseline — trained fixed gait,0.5,0,0,0,0,0,RL,1,0,23.5813452,-23.27758264,259.3328385,261.4410963,0.01121426128,0.006497738308,0.03943037763,0.04150584223,,,,
657,6.316,1.314,baseline — trained fixed gait,0.5,0,0,0,0,0,RR,0,0,0,0,0,0,0.8257138562,-0.08447873463,0.4922482711,0.9650121188,,,,
658,6.318,1.316,baseline — trained fixed gait,0.5,0,0,0,0,0,FL,0,0,0,0,0,0,1.719914411,0.1591020667,0.8779257773,1.937568765,,,,
658,6.318,1.316,baseline — trained fixed gait,0.5,0,0,0,0,0,FR,1,0,-4.729869965,5.920729339,210.250586,210.387109,0.02303214146,-0.001876145189,-0.0009814602028,0.02312926123,,,,
658,6.318,1.316,baseline — trained fixed gait,0.5,0,0,0,0,0,RL,1,0,23.78569474,-22.83046604,259.0931638,261.1824208,0.01070932626,0.006681102295,0.03421247914,0.03646670434,,,,
658,6.318,1.316,baseline — trained fixed gait,0.5,0,0,0,0,0,RR,0,0,0,0,0,0,1.007093996,-0.09827607415,0.5723970004,1.162555301,,,,
659,6.32,1.318,baseline — trained fixed gait,0.5,0,0,0,0,0,FL,0,0,0,0,0,0,1.805911524,0.2053447998,0.8827763957,2.020588301,,,,
659,6.32,1.318,baseline — trained fixed gait,0.5,0,0,0,0,0,FR,1,0,-4.669969717,5.613057166,210.5370699,210.6636486,0.02240335975,-0.001536519824,-0.001340814224,0.02249598195,,,,
659,6.32,1.318,baseline — trained fixed gait,0.5,0,0,0,0,0,RL,1,0,23.96868599,-22.54210863,258.863777,260.9465455,0.01043618162,0.006711201537,0.02965619294,0.03214722216,,,,
659,6.32,1.318,baseline — trained fixed gait,0.5,0,0,0,0,0,RR,0,0,0,0,0,0,1.140260275,-0.1185066426,0.613947034,1.300449261,,,,
660,6.322,1.32,baseline — trained fixed gait,0.5,0,0,0,0,0,FL,0,0,0,0,0,0,1.862007521,0.2530139262,0.8673324642,2.069626454,,,,
660,6.322,1.32,baseline — trained fixed gait,0.5,0,0,0,0,0,FR,1,0,2.42063539,0.6431327744,200.5888919,200.604528,0.02190009683,-0.001351402867,-0.001847826465,0.0220194231,,,,
660,6.322,1.32,baseline — trained fixed gait,0.5,0,0,0,0,0,RL,1,0,31.73901475,-22.2223126,250.8975756,253.8716007,0.0102907719,0.006677550151,0.02567200739,0.02845244499,,,,
660,6.322,1.32,baseline — trained fixed gait,0.5,0,0,0,0,0,RR,0,0,0,0,0,0,1.236951076,-0.142545903,0.6275783155,1.394353557,,,,
661,6.324,1.322,baseline — trained fixed gait,0.5,0,0,0,0,0,FL,0,0,0,0,0,0,1.959887264,0.2809467479,0.8954281786,2.172988906,,,,
661,6.324,1.322,baseline — trained fixed gait,0.5,0,0,0,0,0,FR,1,0,2.572259071,0.3571340542,200.8254163,200.8422065,0.02043877684,-0.0005339595587,-0.001653764032,0.02051252415,,,,
661,6.324,1.322,baseline — trained fixed gait,0.5,0,0,0,0,0,RL,1,0,32.00908393,-21.79598858,250.8773267,253.8485368,0.009080213239,0.006592943344,0.02270878399,0.02532994364,,,,
661,6.324,1.322,baseline — trained fixed gait,0.5,0,0,0,0,0,RR,0,0,0,0,0,0,1.404649688,-0.1498271135,0.7055315904,1.579007199,,,,
662,6.326,1.324,baseline — trained fixed gait,0.5,0,0,0,0,0,FL,0,0,0,0,0,0,2.021122163,0.3127437575,0.8962105883,2.232921153,,,,
662,6.326,1.324,baseline — trained fixed gait,0.5,0,0,0,0,0,FR,1,0,2.659284841,0.1256894313,201.1399686,201.1575864,0.01945452588,-7.069449302e-05,-0.001810080168,0.0195386787,,,,
662,6.326,1.324,baseline — trained fixed gait,0.5,0,0,0,0,0,RL,1,0,32.20440836,-21.55324485,250.9375785,253.9120607,0.008340769134,0.006479285037,0.01992490385,0.0225510833,,,,
662,6.326,1.324,baseline — trained fixed gait,0.5,0,0,0,0,0,RR,0,0,0,0,0,0,1.52114984,-0.1640295115,0.7420131095,1.70040759,,,,
663,6.328,1.326,baseline — trained fixed gait,0.5,0,0,0,0,0,FL,0,0,0,0,0,0,2.05545819,0.3458477521,0.8777445138,2.26162651,,,,
663,6.328,1.326,baseline — trained fixed gait,0.5,0,0,0,0,0,FR,1,0,2.704206142,-0.06231979277,201.516275,201.534428,0.01876870636,0.0001822156233,-0.002158307212,0.01889327475,,,,
663,6.328,1.326,baseline — trained fixed gait,0.5,0,0,0,0,0,RL,1,0,32.35083212,-21.45049053,251.0651061,254.0480022,0.007887883196,0.006378369713,0.01736419454,0.0201101356,,,,
663,6.328,1.326,baseline — trained fixed gait,0.5,0,0,0,0,0,RR,0,0,0,0,0,0,1.59933974,-0.1822784143,0.7485729694,1.775239284,,,,
664,6.33,1.328,baseline — trained fixed gait,0.5,0,0,0,0,0,FL,0,0,0,0,0,0,2.070240261,0.3784650106,0.8461444843,2.268279302,,,,
664,6.33,1.328,baseline — trained fixed gait,0.5,0,0,0,0,0,FR,1,0,2.721975335,-0.2178850204,201.9443005,201.9627617,0.01826792375,0.0003097910747,-0.002596945055,0.0184541901,,,,
664,6.33,1.328,baseline — trained fixed gait,0.5,0,0,0,0,0,RL,1,0,32.464671,-21.45926829,251.2572158,254.2531092,0.007600786697,0.006304750932,0.01503387971,0.0179872005,,,,
664,6.33,1.328,baseline — trained fixed gait,0.5,0,0,0,0,0,RR,0,0,0,0,0,0,1.649146978,-0.2024964815,0.73381065,1.816361377,,,,
665,6.332,1.33,baseline — trained fixed gait,0.5,0,0,0,0,0,FL,0,0,0,0,0,0,2.07096877,0.4093648247,0.8060331994,2.25968598,,,,
665,6.332,1.33,baseline — trained fixed gait,0.5,0,0,0,0,0,FR,1,0,9.011387645,-1.336021153,203.211212,203.4153061,0.01788471116,0.0003629505211,-0.003058214087,0.01814792825,,,,
665,6.332,1.33,baseline — trained fixed gait,0.5,0,0,0,0,0,RL,1,0,38.79662372,-20.64772547,243.3023636,247.2398566,0.007408908354,0.006262452317,0.01293063857,0.01616513674,,,,
665,6.332,1.33,baseline — trained fixed gait,0.5,0,0,0,0,0,RR,0,0,0,0,0,0,1.678081162,-0.2231525717,0.7042902957,1.833515279,,,,
666,6.334,1.332,baseline — trained fixed gait,0.5,0,0,0,0,0,FL,0,0,0,0,0,0,2.112417012,0.4241978408,0.8016058942,2.298873953,,,,
666,6.334,1.332,baseline — trained fixed gait,0.5,0,0,0,0,0,FR,1,0,9.080637398,-1.468528503,203.5494462,203.7571878,0.01668726344,0.000561693112,-0.003591383603,0.01707859176,,,,
666,6.334,1.332,baseline — trained fixed gait,0.5,0,0,0,0,0,RL,1,0,38.98756361,-20.5952929,243.6655494,247.622891,0.006338732298,0.006132004193,0.01157698084,0.01455360739,,,,
666,6.334,1.332,baseline — trained fixed gait,0.5,0,0,0,0,0,RR,0,0,0,0,0,0,1.754665808,-0.2328521923,0.7138982318,1.90859187,,,,
667,6.336,1.334,baseline — trained fixed gait,0.5,0,0,0,0,0,FL,0,0,0,0,0,0,2.133047274,0.4397221072,0.7818892594,2.31400022,,,,
667,6.336,1.334,baseline — trained fixed gait,0.5,0,0,0,0,0,FR,1,0,9.106494259,-1.576498864,203.9295249,204.1388368,0.01591934575,0.0006608392129,-0.004032656585,0.01643546764,,,,
667,6.336,1.334,baseline — trained fixed gait,0.5,0,0,0,0,0,RL,1,0,39.10553,-20.64951339,244.1346565,248.1075883,0.005632678788,0.006062027874,0.01009671382,0.01305445832,,,,
667,6.336,1.334,baseline — trained fixed gait,0.5,0,0,0,0,0,RR,0,0,0,0,0,0,1.803093264,-0.2448052089,0.7015677558,1.950197996,,,,
668,6.338,1.336,baseline — trained fixed gait,0.5,0,0,0,0,0,FL,0,0,0,0,0,0,2.13847092,0.4546374372,0.7518039751,2.311917449,,,,
668,6.338,1.336,baseline — trained fixed gait,0.5,0,0,0,0,0,FR,1,0,9.106738226,-1.662819115,204.3393312,204.5489181,0.01541493202,0.0007009578406,-0.004389151886,0.01604294628,,,,
668,6.338,1.336,baseline — trained fixed gait,0.5,0,0,0,0,0,RL,1,0,39.17138734,-20.78789667,244.7021216,248.6878818,0.005140476146,0.006049402389,0.008564827878,0.01167801528,,,,
668,6.338,1.336,baseline — trained fixed gait,0.5,0,0,0,0,0,RR,0,0,0,0,0,0,1.830725278,-0.257503033,0.6739049781,1.967742558,,,,
669,6.34,1.338,baseline — trained fixed gait,0.5,0,0,0,0,0,FL,0,0,0,0,0,0,2.132911579,0.4680696821,0.715077365,2.297767758,,,,
669,6.34,1.338,baseline — trained fixed gait,0.5,0,0,0,0,0,FR,1,0,9.091666264,-1.727297444,204.7732999,204.9823073,0.01507306359,0.00070603031,-0.004671826574,0.01579625552,,,,
669,6.34,1.338,baseline — trained fixed gait,0.5,0,0,0,0,0,RL,1,0,39.20193717,-21.00912987,245.4546427,249.4517129,0.004769426362,0.006084802469,0.007037553014,0.0104546354,,,,
669,6.34,1.338,baseline — trained fixed gait,0.5,0,0,0,0,0,RR,0,0,0,0,0,0,1.843139415,-0.2698749542,0.6359174675,1.968346112,,,,
670,6.342,1.34,baseline — trained fixed gait,0.5,0,0,0,0,0,FL,0,0,0,0,0,0,2.119527867,0.4794649884,0.674510427,2.275356977,,,,
670,6.342,1.34,baseline — trained fixed gait,0.5,0,0,0,0,0,FR,1,0,11.44099261,-1.335774185,208.72389,209.041486,0.01483310462,0.0006899020728,-0.004891775716,0.01563414299,,,,
670,6.342,1.34,baseline — trained fixed gait,0.5,0,0,0,0,0,RL,1,0,43.09401534,-20.60563359,240.8912895,245.581554,0.004468069822,0.006160210798,0.005555340392,0.009421977069,,,,
670,6.342,1.34,baseline — trained fixed gait,0.5,0,0,0,0,0,RR,0,0,0,0,0,0,1.844537847,-0.2811761038,0.5913852523,1.957323781,,,,
671,6.344,1.342,baseline — trained fixed gait,0.5,0,0,0,0,0,FL,0,0,0,0,0,0,2.147393598,0.4836015314,0.6688413027,2.300547412,,,,
671,6.344,1.342,baseline — trained fixed gait,0.5,0,0,0,0,0,FR,1,0,11.41313483,-1.364028897,209.160429,209.4760255,0.01433294785,0.0006164669634,-0.005345342965,0.01530967397,,,,
671,6.344,1.342,baseline — trained fixed gait,0.5,0,0,0,0,0,RL,1,0,43.15280532,-20.72451963,241.7582432,246.4522641,0.003605157859,0.006174630208,0.004538243378,0.008468699685,,,,
671,6.344,1.342,baseline — trained fixed gait,0.5,0,0,0,0,0,RR,0,0,0,0,0,0,1.888365804,-0.2859483592,0.5831009356,1.996922275,,,,
672,6.346,1.344,baseline — trained fixed gait,0.5,0,0,0,0,0,FL,0,0,0,0,0,0,2.160108453,0.4877643632,0.6519861949,2.30847755,,,,
672,6.346,1.344,baseline — trained fixed gait,0.5,0,0,0,0,0,FR,1,0,11.37859727,-1.382443418,209.5993339,209.9125161,0.01402015559,0.0005535756449,-0.00561674378,0.01511353762,,,,
672,6.346,1.344,baseline — trained fixed gait,0.5,0,0,0,0,0,RL,1,0,43.15636627,-20.92027083,242.7446466,247.4370488,0.0029921193,0.00622379826,0.003458328592,0.007723242799,,,,
672,6.346,1.344,baseline — trained fixed gait,0.5,0,0,0,0,0,RR,0,0,0,0,0,0,1.913842267,-0.2915058501,0.5608655152,2.015524252,,,,
673,6.348,1.346,baseline — trained fixed gait,0.5,0,0,0,0,0,FL,0,0,0,0,0,0,2.161567083,0.4911336703,0.6275766132,2.303787521,,,,
673,6.348,1.346,baseline — trained fixed gait,0.5,0,0,0,0,0,FR,1,0,11.34134331,-1.38970515,210.0398219,210.3503842,0.01382257557,0.0004972129776,-0.005762547905,0.0149839172,,,,
673,6.348,1.346,baseline — trained fixed gait,0.5,0,0,0,0,0,RL,1,0,43.1222951,-21.17800196,243.8367437,248.5244409,0.002537853166,0.006303092545,0.002393558826,0.00720408205,,,,
673,6.348,1.346,baseline — trained fixed gait,0.5,0,0,0,0,0,RR,0,0,0,0,0,0,1.925701926,-0.2969301784,0.5291208121,2.019025575,,,,
674,6.35,1.348,baseline — trained fixed gait,0.5,0,0,0,0,0,FL,0,0,0,0,0,0,2.154726102,0.4931741808,0.5983677491,2.290002033,,,,
674,6.35,1.348,baseline — trained fixed gait,0.5,0,0,0,0,0,FR,1,0,11.30274519,-1.385295665,210.4835662,210.7913725,0.01369658634,0.0004449648917,-0.00582594248,0.01489080511,,,,
674,6.35,1.348,baseline — trained fixed gait,0.5,0,0,0,0,0,RL,1,0,43.06270882,-21.48504815,245.0258413,249.7071627,0.002184088645,0.006405540399,0.001390091382,0.006908946741,,,,
674,6.35,1.348,baseline — trained fixed gait,0.5,0,0,0,0,0,RR,0,0,0,0,0,0,1.927541925,-0.3015858216,0.4912349577,2.011885599,,,,
675,6.352,1.35,baseline — trained fixed gait,0.5,0,0,0,0,0,FL,0,0,0,0,0,0,2.14181638,0.4935641563,0.5664300857,2.269763429,,,,
675,6.352,1.35,baseline — trained fixed gait,0.5,0,0,0,0,0,FR,1,0,8.41880441,0.1878019642,218.4571367,218.6193773,0.01361668879,0.0003953776906,-0.005837886825,0.01482064302,,,,
675,6.352,1.35,baseline — trained fixed gait,0.5,0,0,0,0,0,RL,1,0,44.60669012,-20.82285733,240.5347595,245.5205057,0.001897308164,0.006524870155,0.0004763612969,0.006811800708,,,,
675,6.352,1.35,baseline — trained fixed gait,0.5,0,0,0,0,0,RR,0,0,0,0,0,0,1.922080118,-0.3050527815,0.4497423384,1.997427684,,,,
676,6.354,1.352,baseline — trained fixed gait,0.5,0,0,0,0,0,FL,0,0,0,0,0,0,2.160716545,0.4893714126,0.5648868906,2.28632403,,,,
676,6.354,1.352,baseline — trained fixed gait,0.5,0,0,0,0,0,FR,1,0,8.258319067,0.2636785681,219.027169,219.1829604,0.01403537177,0.0001222614121,-0.006404979173,0.01542823278,,,,
676,6.354,1.352,baseline — trained fixed gait,0.5,0,0,0,0,0,RL,1,0,44.57524677,-21.05003335,241.9053602,246.8770135,0.001360587543,0.006523378567,8.661782057e-05,0.006664320598,,,,
676,6.354,1.352,baseline — trained fixed gait,0.5,0,0,0,0,0,RR,0,0,0,0,0,0,1.951565102,-0.3057905489,0.4409830815,2.024001059,,,,
677,6.356,1.354,baseline — trained fixed gait,0.5,0,0,0,0,0,FL,0,0,0,0,0,0,2.167600839,0.4852639006,0.5540424587,2.289309393,,,,
677,6.356,1.354,baseline — trained fixed gait,0.5,0,0,0,0,0,FR,1,0,8.142899267,0.3059514964,219.5455916,219.6967619,0.0142974859,-6.289749683e-05,-0.006675959198,0.01577943251,,,,
677,6.356,1.354,baseline — trained fixed gait,0.5,0,0,0,0,0,RL,1,0,44.51077603,-21.34297325,243.3747418,248.3304182,0.0009608545541,0.006569966052,-0.0003965399998,0.006651686957,,,,
677,6.356,1.354,baseline — trained fixed gait,0.5,0,0,0,0,0,RR,0,0,0,0,0,0,1.967316455,-0.3068584321,0.4217027466,2.035271318,,,,
678,6.358,1.356,baseline — trained fixed gait,0.5,0,0,0,0,0,FL,0,0,0,0,0,0,2.16540198,0.4806585214,0.536807829,2.282139565,,,,
678,6.358,1.356,baseline — trained fixed gait,0.5,0,0,0,0,0,FR,1,0,8.058223879,0.3529553471,220.0327751,220.1805661,0.014462621,-0.0001907040722,-0.006755433392,0.01596369802,,,,
678,6.358,1.356,baseline — trained fixed gait,0.5,0,0,0,0,0,RL,1,0,44.42427308,-21.68609914,244.9325743,249.8715047,0.0006522801453,0.006651798504,-0.0009067944383,0.006744936536,,,,
678,6.358,1.356,baseline — trained fixed gait,0.5,0,0,0,0,0,RR,0,0,0,0,0,0,1.972740193,-0.3076092371,0.3952598864,2.035327416,,,,
679,6.36,1.358,baseline — trained fixed gait,0.5,0,0,0,0,0,FL,0,0,0,0,0,0,2.15636876,0.4751696589,0.5154032646,2.267455172,,,,
679,6.36,1.358,baseline — trained fixed gait,0.5,0,0,0,0,0,FR,1,0,7.993404117,0.4064268291,220.50033,220.6455421,0.01456992237,-0.0002844823362,-0.006717948669,0.01604663212,,,,
679,6.36,1.358,baseline — trained fixed gait,0.5,0,0,0,0,0,RL,1,0,44.32358075,-22.0692047,246.5710772,251.493391,0.0004052950517,0.006758076738,-0.001404061929,0.006914279079,,,,
679,6.36,1.358,baseline — trained fixed gait,0.5,0,0,0,0,0,RR,0,0,0,0,0,0,1.970443237,-0.3076076349,0.3642089344,2.027293061,,,,
680,6.362,1.36,baseline — trained fixed gait,0.5,0,0,0,0,0,FL,0,0,0,0,0,0,2.1422161,0.4685688496,0.4915062595,2.247270564,,,,
680,6.362,1.36,baseline — trained fixed gait,0.5,0,0,0,0,0,FR,1,0,0.8616772635,2.768246862,231.2642005,231.2823731,0.0146436124,-0.0003579489403,-0.006616374123,0.01607295611,,,,
680,6.362,1.36,baseline — trained fixed gait,0.5,0,0,0,0,0,RL,1,0,44.01488051,-21.57340504,244.187432,249.0586747,0.0002021762201,0.00688087778,-0.001864480439,0.007131875038,,,,
680,6.362,1.36,baseline — trained fixed gait,0.5,0,0,0,0,0,RR,0,0,0,0,0,0,1.962411165,-0.3065715463,0.3304754398,2.013518739,,,,
681,6.364,1.362,baseline — trained fixed gait,0.5,0,0,0,0,0,FL,0,0,0,0,0,0,2.143040787,0.4607454413,0.4830360917,2.244601087,,,,
681,6.364,1.362,baseline — trained fixed gait,0.5,0,0,0,0,0,FR,1,0,0.6062564204,2.86885235,231.9308107,231.9493454,0.01579390086,-0.0007600895962,-0.00726592781,0.01740168806,,,,
681,6.364,1.362,baseline — trained fixed gait,0.5,0,0,0,0,0,RL,1,0,43.92785396,-21.88980518,245.9514487,250.8005882,1.484231033e-05,0.006894212566,-0.001973064382,0.007171009013,,,,
681,6.364,1.362,baseline — trained fixed gait,0.5,0,0,0,0,0,RR,0,0,0,0,0,0,1.980243697,-0.3041387598,0.3246615707,2.029598635,,,,
682,6.366,1.364,baseline — trained fixed gait,0.5,0,0,0,0,0,FL,0,0,0,0,0,0,2.136741027,0.4525285153,0.4695719513,2.23404165,,,,
682,6.366,1.364,baseline — trained fixed gait,0.5,0,0,0,0,0,FR,1,0,0.4392225916,2.963675451,232.5142386,232.5335404,0.01649854916,-0.001015900814,-0.007535904636,0.01816656372,,,,
682,6.366,1.364,baseline — trained fixed gait,0.5,0,0,0,0,0,RL,1,0,43.8300973,-22.2547264,247.7825323,252.6114281,-0.0001510053054,0.006954062758,-0.002171805804,0.007286873945,,,,
682,6.366,1.364,baseline — trained fixed gait,0.5,0,0,0,0,0,RR,0,0,0,0,0,0,1.987345335,-0.3018360059,0.3102875415,2.033943168,,,,
683,6.368,1.366,baseline — trained fixed gait,0.5,0,0,0,0,0,FL,0,0,0,0,0,0,2.124983223,0.4436467693,0.45281974,2.21752607,,,,
683,6.368,1.366,baseline — trained fixed gait,0.5,0,0,0,0,0,FR,1,0,0.3301787897,3.057703705,233.0430392,233.0633319,0.01692919163,-0.001185168513,-0.007565902559,0.01858077058,,,,
683,6.368,1.366,baseline — trained fixed gait,0.5,0,0,0,0,0,RL,1,0,43.725814,-22.65817112,249.6756957,254.4863308,-0.0002975918635,0.007045763242,-0.002412236158,0.007453202255,,,,
683,6.368,1.366,baseline — trained fixed gait,0.5,0,0,0,0,0,RR,0,0,0,0,0,0,1.986283527,-0.2992047201,0.2900239615,2.029522016,,,,
684,6.37,1.368,baseline — trained fixed gait,0.5,0,0,0,0,0,FL,0,0,0,0,0,0,2.109049156,0.4339449769,0.4340706429,2.196545904,,,,
684,6.37,1.368,baseline — trained fixed gait,0.5,0,0,0,0,0,FR,1,0,0.2582813794,3.153383168,233.5366135,233.558045,0.01719481772,-0.001303142883,-0.007453344579,0.01878595973,,,,
684,6.37,1.368,baseline — trained fixed gait,0.5,0,0,0,0,0,RL,1,0,43.61826731,-23.09215945,251.6259704,256.4204166,-0.0004264036732,0.00715891063,-0.002662846695,0.007650004838,,,,
684,6.37,1.368,baseline — trained fixed gait,0.5,0,0,0,0,0,RR,0,0,0,0,0,0,1.979038809,-0.2959341147,0.2659113742,2.018633317,,,,
685,6.372,1.37,baseline — trained fixed gait,0.5,0,0,0,0,0,FL,0,0,0,0,0,0,2.089920453,0.4233542344,0.4142889963,2.172241165,,,,
685,6.372,1.37,baseline — trained fixed gait,0.5,0,0,0,0,0,FR,1,0,-10.56188011,4.813899614,244.7479231,245.0230047,0.01736145174,-0.001390627947,-0.007267498296,0.01887247689,,,,
685,6.372,1.37,baseline — trained fixed gait,0.5,0,0,0,0,0,RL,1,0,42.76283385,-23.11484349,252.116962,256.7604301,-0.0005386693348,0.007286052529,-0.002904413575,0.007862082697,,,,
685,6.372,1.37,baseline — trained fixed gait,0.5,0,0,0,0,0,RR,0,0,0,0,0,0,1.967132073,-0.2918260087,0.2394945464,2.003029867,,,,
686,6.374,1.372,baseline — trained fixed gait,0.5,0,0,0,0,0,FL,0,0,0,0,0,0,2.071564644,0.4131379705,0.397011536,2.149344369,,,,
686,6.374,1.372,baseline — trained fixed gait,0.5,0,0,0,0,0,FR,1,0,-10.77535804,4.992821,245.4043932,245.6915806,0.01909609506,-0.001915860266,-0.006353727054,0.02021636008,,,,
686,6.374,1.372,baseline — trained fixed gait,0.5,0,0,0,0,0,RL,1,0,42.66133258,-23.50677885,254.1412835,258.7669799,-0.0005508931681,0.007366396371,-0.003013758081,0.007978096048,,,,
686,6.374,1.372,baseline — trained fixed gait,0.5,0,0,0,0,0,RR,0,0,0,0,0,0,1.969988409,-0.2865197683,0.2333960113,2.004350669,,,,
687,6.376,1.374,baseline — trained fixed gait,0.5,0,0,0,0,0,FL,0,0,0,0,0,0,2.050702103,0.4020839432,0.3792762948,2.123888208,,,,
687,6.376,1.374,baseline — trained fixed gait,0.5,0,0,0,0,0,FR,1,0,-10.88982731,5.152731515,245.9728356,246.2676894,0.02012134925,-0.002250696808,-0.005546369675,0.02099277372,,,,
687,6.376,1.374,baseline — trained fixed gait,0.5,0,0,0,0,0,RL,1,0,42.56468071,-23.92947922,256.2019376,260.8137359,-0.0005887531424,0.007468729862,-0.003150209562,0.008127261304,,,,
687,6.376,1.374,baseline — trained fixed gait,0.5,0,0,0,0,0,RR,0,0,0,0,0,0,1.965173288,-0.2811671782,0.2209136897,1.997439334,,,,
688,6.378,1.376,baseline — trained fixed gait,0.5,0,0,0,0,0,FL,0,0,0,0,0,0,2.027877398,0.3902144822,0.361565461,2.096493183,,,,
688,6.378,1.376,baseline — trained fixed gait,0.5,0,0,0,0,0,FR,1,0,-10.94667591,5.301390268,246.4935934,246.7934887,0.02072221404,-0.002472935169,-0.004864650912,0.02142872819,,,,
688,6.378,1.376,baseline — trained fixed gait,0.5,0,0,0,0,0,RL,1,0,42.47299493,-24.37654494,258.2966357,262.8979332,-0.0006371597939,0.007586033341,-0.003294586242,0.008295069196,,,,
688,6.378,1.376,baseline — trained fixed gait,0.5,0,0,0,0,0,RR,0,0,0,0,0,0,1.954507081,-0.2754738261,0.2040430966,1.984343051,,,,
689,6.38,1.378,baseline — trained fixed gait,0.5,0,0,0,0,0,FL,0,0,0,0,0,0,2.003507158,0.3775843315,0.3442161894,2.067630442,,,,
689,6.38,1.378,baseline — trained fixed gait,0.5,0,0,0,0,0,FR,1,0,-10.97133621,5.443379516,246.9904465,247.2939168,0.02107464263,-0.002628452324,-0.004305361469,0.02166992065,,,,
689,6.38,1.378,baseline — trained fixed gait,0.5,0,0,0,0,0,RL,1,0,42.38670634,-24.84277978,260.4222158,265.0160883,-0.0006868356706,0.007713192093,-0.003434814038,0.00847130586,,,,
689,6.38,1.378,baseline — trained fixed gait,0.5,0,0,0,0,0,RR,0,0,0,0,0,0,1.939400087,-0.2692453597,0.1843120946,1.966656225,,,,
690,6.382,1.38,baseline — trained fixed gait,0.5,0,0,0,0,0,FL,0,0,0,0,0,0,1.977909714,0.3642701004,0.3274537096,2.037656859,,,,
690,6.382,1.38,baseline — trained fixed gait,0.5,0,0,0,0,0,FR,1,0,-19.365554,7.658237957,257.5667607,258.4072552,0.02128289366,-0.002744382786,-0.003858761581,0.02180328508,,,,
690,6.382,1.38,baseline — trained fixed gait,0.5,0,0,0,0,0,RL,1,0,43.05380565,-25.38214123,263.3832573,268.0832399,-0.0007325266201,0.007846349223,-0.003564293335,0.008649044939,,,,
690,6.382,1.38,baseline — trained fixed gait,0.5,0,0,0,0,0,RR,0,0,0,0,0,0,1.920940452,-0.2623633354,0.162878725,1.945604332,,,,
691,6.384,1.382,baseline — trained fixed gait,0.5,0,0,0,0,0,FL,0,0,0,0,0,0,1.94362574,0.3514780535,0.3032487559,1.998293684,,,,
691,6.384,1.382,baseline — trained fixed gait,0.5,0,0,0,0,0,FR,1,0,-19.57632057,7.831492594,258.2440286,259.1033441,0.02264828069,-0.003135089419,-0.004240780378,0.0232541958,,,,
691,6.384,1.382,baseline — trained fixed gait,0.5,0,0,0,0,0,RL,1,0,42.99381087,-25.83079597,265.5238892,270.2196025,-0.0008765140019,0.007995831863,-0.003736495809,0.008869216702,,,,
691,6.384,1.382,baseline — trained fixed gait,0.5,0,0,0,0,0,RR,0,0,0,0,0,0,1.908825975,-0.2544764698,0.1520997387,1.93171147,,,,
692,6.386,1.384,baseline — trained fixed gait,0.5,0,0,0,0,0,FL,0,0,0,0,0,0,1.910371465,0.3376725039,0.282302192,1.9604174,,,,
692,6.386,1.384,baseline — trained fixed gait,0.5,0,0,0,0,0,FR,1,0,-19.69681935,7.993760484,258.8457281,259.7171074,0.02347142664,-0.003388569075,-0.00435832014,0.02411193114,,,,
692,6.386,1.384,baseline — trained fixed gait,0.5,0,0,0,0,0,RL,1,0,42.93866498,-26.29248436,267.6810939,272.3750938,-0.0009701334548,0.008138244551,-0.003864154454,0.009061118747,,,,
692,6.386,1.384,baseline — trained fixed gait,0.5,0,0,0,0,0,RR,0,0,0,0,0,0,1.892366462,-0.2463142222,0.1379238997,1.913307222,,,,
693,6.388,1.386,baseline — trained fixed gait,0.5,0,0,0,0,0,FL,0,0,0,0,0,0,1.877878975,0.3230846335,0.264083618,1.92368222,,,,
693,6.388,1.386,baseline — trained fixed gait,0.5,0,0,0,0,0,FR,1,0,-19.759317,8.149731882,259.4023467,260.2814366,0.0239619438,-0.003561154768,-0.004316661278,0.02460670922,,,,
693,6.388,1.386,baseline — trained fixed gait,0.5,0,0,0,0,0,RL,1,0,42.89022769,-26.76444433,269.8502751,274.5452205,-0.001029219353,0.008276313688,-0.003958112717,0.009231647578,,,,
693,6.388,1.386,baseline — trained fixed gait,0.5,0,0,0,0,0,RR,0,0,0,0,0,0,1.872609533,-0.2377509389,0.1215339199,1.891550281,,,,
694,6.39,1.388,baseline — trained fixed gait,0.5,0,0,0,0,0,FL,0,0,0,0,0,0,1.845935503,0.3079159224,0.2481387162,1.887819621,,,,
694,6.39,1.388,baseline — trained fixed gait,0.5,0,0,0,0,0,FR,1,0,-19.78519591,8.301867713,259.9331231,260.817184,0.02425305284,-0.003686074209,-0.004184785938,0.02488594279,,,,
694,6.39,1.388,baseline — trained fixed gait,0.5,0,0,0,0,0,RL,1,0,42.84970838,-27.24414082,272.0275064,276.7260467,-0.001064007372,0.008411138363,-0.004027517229,0.009386173623,,,,
694,6.39,1.388,baseline — trained fixed gait,0.5,0,0,0,0,0,RR,0,0,0,0,0,0,1.850367185,-0.2287139388,0.1038275712,1.867337395,,,,
695,6.392,1.39,baseline — trained fixed gait,0.5,0,0,0,0,0,FL,0,0,0,0,0,0,1.814374218,0.2923418668,0.2340794322,1.852622668,,,,
695,6.392,1.39,baseline — trained fixed gait,0.5,0,0,0,0,0,FR,1,0,-28.29814683,11.00888191,273.6238173,275.3034217,0.024425189,-0.003783010661,-0.004010769684,0.02503971447,,,,
695,6.392,1.39,baseline — trained fixed gait,0.5,0,0,0,0,0,RL,1,0,42.36563326,-27.80490365,275.4594075,280.0818536,-0.001080792101,0.008543048312,-0.004079429617,0.009528564007,,,,
695,6.392,1.39,baseline — trained fixed gait,0.5,0,0,0,0,0,RR,0,0,0,0,0,0,1.826266602,-0.2191698975,0.08547731995,1.841355891,,,,
696,6.394,1.392,baseline — trained fixed gait,0.5,0,0,0,0,0,FL,0,0,0,0,0,0,1.771056827,0.2783919057,0.2053849588,1.804529667,,,,
696,6.394,1.392,baseline — trained fixed gait,0.5,0,0,0,0,0,FR,1,0,-28.50821813,11.20223816,274.3169125,276.0216968,0.02578468258,-0.004220614683,-0.004764656446,0.02655871599,,,,
696,6.394,1.392,baseline — trained fixed gait,0.5,0,0,0,0,0,RL,1,0,42.33637567,-28.26082137,277.6029731,282.2312056,-0.00101408723,0.008686825589,-0.004207076198,0.009705091543,,,,
696,6.394,1.392,baseline — trained fixed gait,0.5,0,0,0,0,0,RR,0,0,0,0,0,0,1.804784507,-0.2088822784,0.07244896232,1.818276045,,,,
697,6.396,1.394,baseline — trained fixed gait,0.5,0,0,0,0,0,FL,0,0,0,0,0,0,1.731163267,0.2632813052,0.1828617762,1.760591302,,,,
697,6.396,1.394,baseline — trained fixed gait,0.5,0,0,0,0,0,FR,1,0,-28.61708365,11.38134369,274.9215463,276.6411558,0.0266008694,-0.004498006117,-0.005076615387,0.02745196415,,,,
697,6.396,1.394,baseline — trained fixed gait,0.5,0,0,0,0,0,RL,1,0,42.32324616,-28.71878939,279.733569,284.3710528,-0.0009642118803,0.008818784335,-0.004282172098,0.009850769491,,,,
697,6.396,1.394,baseline — trained fixed gait,0.5,0,0,0,0,0,RR,0,0,0,0,0,0,1.781264873,-0.198283778,0.05824607444,1.793213208,,,,
698,6.398,1.396,baseline — trained fixed gait,0.5,0,0,0,0,0,FL,0,0,0,0,0,0,1.69387574,0.2473939329,0.1651688702,1.719796365,,,,
698,6.398,1.396,baseline — trained fixed gait,0.5,0,0,0,0,0,FR,1,0,-28.65883281,11.55143872,275.4706219,277.1981745,0.02707978356,-0.004681010779,-0.005113940475,0.02795315593,,,,
698,6.398,1.396,baseline — trained fixed gait,0.5,0,0,0,0,0,RL,1,0,42.32440575,-29.17769643,281.8499773,286.4997434,-0.0009218008783,0.008942242346,-0.004323039649,0.009975073275,,,,
698,6.398,1.396,baseline — trained fixed gait,0.5,0,0,0,0,0,RR,0,0,0,0,0,0,1.756217983,-0.1873565466,0.04343064215,1.76671738,,,,
699,6.4,1.398,baseline — trained fixed gait,0.5,0,0,0,0,0,FL,0,0,0,0,0,0,1.658554321,0.2310388894,0.1512184754,1.681382893,,,,
699,6.4,1.398,baseline — trained fixed gait,0.5,0,0,0,0,0,FR,1,0,-28.65691761,11.71518562,275.9855485,277.7165596,0.02735511847,-0.004808533757,-0.004988867145,0.0282190237,,,,
699,6.4,1.398,baseline — trained fixed gait,0.5,0,0,0,0,0,RL,1,0,42.33864547,-29.63650138,283.9503461,288.6151108,-0.0008811169443,0.009059185037,-0.004342645989,0.01008482894,,,,
699,6.4,1.398,baseline — trained fixed gait,0.5,0,0,0,0,0,RR,0,0,0,0,0,0,1.730039626,-0.1761031335,0.02841905214,1.739211622,,,,
700,6.402,1.4,baseline — trained fixed gait,0.5,0,0,0,0,0,FL,0,0,0,0,0,0,1.624701908,0.2144644841,0.1401328198,1.644776129,,,,
700,6.402,1.4,baseline — trained fixed gait,0.5,0,0,0,0,0,FR,1,0,-36.6048429,14.1132324,288.4692315,291.1247076,0.02750825232,-0.004903693144,-0.004779657169,0.02834775608,,,,
700,6.402,1.4,baseline — trained fixed gait,0.5,0,0,0,0,0,RL,1,0,42.14539663,-29.93797153,286.4452081,291.0727982,-0.0008389349356,0.009170678594,-0.004350207383,0.01018476617,,,,
700,6.402,1.4,baseline — trained fixed gait,0.5,0,0,0,0,0,RR,0,0,0,0,0,0,1.703036185,-0.164540439,0.01351337396,1.711019701,,,,
701,6.404,1.402,baseline — trained fixed gait,0.5,0,0,0,0,0,FL,0,0,0,0,0,0,1.575196303,0.200752147,0.108747719,1.591656648,,,,
701,6.404,1.402,baseline — trained fixed gait,0.5,0,0,0,0,0,FR,1,0,-36.74702531,14.32966172,289.0882118,291.7664773,0.02875176742,-0.00529054212,-0.005377323569,0.02972489823,,,,
701,6.404,1.402,baseline — trained fixed gait,0.5,0,0,0,0,0,RL,1,0,42.18566773,-30.3744844,288.4676172,293.1139813,-0.0007617548169,0.009264025053,-0.004379435805,0.01027530479,,,,
701,6.404,1.402,baseline — trained fixed gait,0.5,0,0,0,0,0,RR,0,0,0,0,0,0,1.672215568,-0.1523806155,-0.007347347678,1.67916013,,,,
702,6.406,1.404,baseline — trained fixed gait,0.5,0,0,0,0,0,FL,0,0,0,0,0,0,1.530745704,0.1856886525,0.0856633833,1.544344813,,,,
702,6.406,1.404,baseline — trained fixed gait,0.5,0,0,0,0,0,FR,1,0,-36.79554835,14.53025676,289.6253942,292.3147443,0.02948834215,-0.005536859424,-0.005572337288,0.030516718,,,,
702,6.406,1.404,baseline — trained fixed gait,0.5,0,0,0,0,0,RL,1,0,42.23959083,-30.80379175,290.4642058,295.1313462,-0.0006953925248,0.009358718346,-0.004391583163,0.0103612346,,,,
702,6.406,1.404,baseline — trained fixed gait,0.5,0,0,0,0,0,RR,0,0,0,0,0,0,1.642273146,-0.1397330362,-0.02561022706,1.648405985,,,,
703,6.408,1.406,baseline — trained fixed gait,0.5,0,0,0,0,0,FL,0,0,0,0,0,0,1.490187046,0.1697790039,0.06893104155,1.501410613,,,,
703,6.408,1.406,baseline — trained fixed gait,0.5,0,0,0,0,0,FR,1,0,-36.78247078,14.71938673,290.1127997,292.8054765,0.02991076854,-0.005700705204,-0.005525636888,0.03094648247,,,,
703,6.408,1.406,baseline — trained fixed gait,0.5,0,0,0,0,0,RL,1,0,42.30619918,-31.22623276,292.4326139,297.1224088,-0.0006333148559,0.00945158082,-0.004394876033,0.01044262434,,,,
703,6.408,1.406,baseline — trained fixed gait,0.5,0,0,0,0,0,RR,0,0,0,0,0,0,1.613038944,-0.1267227205,-0.0416611704,1.618545315,,,,
704,6.41,1.408,baseline — trained fixed gait,0.5,0,0,0,0,0,FL,0,0,0,0,0,0,1.45261005,0.1534197868,0.05698963398,1.461800741,,,,
704,6.41,1.408,baseline — trained fixed gait,0.5,0,0,0,0,0,FR,1,0,-36.72995256,14.90235743,290.5723192,293.2634351,0.03014437191,-0.00581622026,-0.005342526306,0.03116174199,,,,
704,6.41,1.408,baseline — trained fixed gait,0.5,0,0,0,0,0,RL,1,0,42.3849275,-31.64080489,294.3700723,299.0842057,-0.0005715886997,0.009540981639,-0.00439464838,0.01051997997,,,,
704,6.41,1.408,baseline — trained fixed gait,0.5,0,0,0,0,0,RR,0,0,0,0,0,0,1.584375689,-0.1134548367,-0.05583232108,1.589413593,,,,
705,6.412,1.41,baseline — trained fixed gait,0.5,0,0,0,0,0,FL,0,0,0,0,0,0,1.417307891,0.1369077472,0.0485982086,1.424734071,,,,
705,6.412,1.41,baseline — trained fixed gait,0.5,0,0,0,0,0,FR,1,0,-43.50810712,16.88883294,301.403705,304.9957072,0.03026491293,-0.005904156123,-0.005094622969,0.03125346696,,,,
705,6.412,1.41,baseline — trained fixed gait,0.5,0,0,0,0,0,RL,1,0,43.06884171,-31.62051735,296.0937029,300.8758268,-0.0005079940097,0.009625993426,-0.004394317963,0.0105937641,,,,
705,6.412,1.41,baseline — trained fixed gait,0.5,0,0,0,0,0,RR,0,0,0,0,0,0,1.556177492,-0.1001109652,-0.06841404428,1.560894318,,,,
706,6.414,1.412,baseline — trained fixed gait,0.5,0,0,0,0,0,FL,0,0,0,0,0,0,1.360531404,0.1229580467,0.009416504011,1.366108727,,,,
706,6.414,1.412,baseline — trained fixed gait,0.5,0,0,0,0,0,FR,1,0,-43.56347128,17.09576478,301.9135833,305.5189895,0.03130730209,-0.006228146592,-0.005543748414,0.03239861295,,,,
706,6.414,1.412,baseline — trained fixed gait,0.5,0,0,0,0,0,RL,1,0,43.18748237,-32.07061865,297.9007058,302.7185388,-0.0005153441966,0.009661677794,-0.004382599356,0.01062171241,,,,
706,6.414,1.412,baseline — trained fixed gait,0.5,0,0,0,0,0,RR,0,0,0,0,0,0,1.516017533,-0.08787896674,-0.1026987375,1.522031177,,,,
707,6.416,1.414,baseline — trained fixed gait,0.5,0,0,0,0,0,FL,0,0,0,0,0,0,1.311007902,0.1072667146,-0.01807330303,1.315513022,,,,
707,6.416,1.414,baseline — trained fixed gait,0.5,0,0,0,0,0,FR,1,0,-43.54211462,17.28829828,302.3591741,305.967108,0.03191780209,-0.006434381944,-0.005659581013,0.03304811974,,,,
707,6.416,1.414,baseline — trained fixed gait,0.5,0,0,0,0,0,RL,1,0,43.31212662,-32.49882754,299.6795403,304.5323316,-0.0004917569393,0.009722118018,-0.004377149933,0.01067337084,,,,
707,6.416,1.414,baseline — trained fixed gait,0.5,0,0,0,0,0,RR,0,0,0,0,0,0,1.480416562,-0.07457798072,-0.1286093628,1.487862709,,,,
708,6.418,1.416,baseline — trained fixed gait,0.5,0,0,0,0,0,FL,0,0,0,0,0,0,1.267122838,0.09051261115,-0.03667637531,1.270880787,,,,
708,6.418,1.416,baseline — trained fixed gait,0.5,0,0,0,0,0,FR,1,0,-43.47094237,17.46977123,302.7679471,306.3712544,0.03226144293,-0.006572056892,-0.005580179708,0.03339357779,,,,
708,6.418,1.416,baseline — trained fixed gait,0.5,0,0,0,0,0,RL,1,0,43.44441968,-32.90750346,301.424555,306.3120692,-0.000447510005,0.009792294442,-0.00437787864,0.0107356936,,,,
708,6.418,1.416,baseline — trained fixed gait,0.5,0,0,0,0,0,RR,0,0,0,0,0,0,1.448331768,-0.06055748924,-0.1479485196,1.457127614,,,,
709,6.42,1.418,baseline — trained fixed gait,0.5,0,0,0,0,0,FL,0,0,0,0,0,0,1.227606596,0.07322230812,-0.04863218589,1.230749589,,,,
709,6.42,1.418,baseline — trained fixed gait,0.5,0,0,0,0,0,FR,1,0,-43.36805107,17.6419064,303.157342,306.7513631,0.03244501223,-0.006669880255,-0.005394256023,0.03355985875,,,,
709,6.42,1.418,baseline — trained fixed gait,0.5,0,0,0,0,0,RL,1,0,43.58550462,-33.29885023,303.1311509,308.0535737,-0.000389358049,0.009863902217,-0.004384620259,0.01080153051,,,,
709,6.42,1.418,baseline — trained fixed gait,0.5,0,0,0,0,0,RR,0,0,0,0,0,0,1.41893874,-0.04609107158,-0.1621748035,1.428919942,,,,
710,6.422,1.42,baseline — trained fixed gait,0.5,0,0,0,0,0,FL,0,0,0,0,0,0,1.191465203,0.05580045919,-0.05571443531,1.194071656,,,,
710,6.422,1.42,baseline — trained fixed gait,0.5,0,0,0,0,0,FR,1,0,-48.45103699,18.88978183,310.7711319,315.0920869,0.03253334162,-0.006744743037,-0.005160663971,0.03362353831,,,,
710,6.422,1.42,baseline — trained fixed gait,0.5,0,0,0,0,0,RL,1,0,44.6061241,-32.94920686,303.2196177,308.2490764,-0.0003214528482,0.009932608267,-0.004396786036,0.01086700356,,,,
710,6.422,1.42,baseline — trained fixed gait,0.5,0,0,0,0,0,RR,0,0,0,0,0,0,1.391588684,-0.03139174697,-0.1724624284,1.402586111,,,,
711,6.424,1.422,baseline — trained fixed gait,0.5,0,0,0,0,0,FL,0,0,0,0,0,0,1.133194012,0.04152828973,-0.09628393498,1.138035089,,,,
711,6.424,1.422,baseline — trained fixed gait,0.5,0,0,0,0,0,FR,1,0,-48.41044828,19.10017982,311.1497054,315.4719124,0.03331468337,-0.006959289979,-0.005410908756,0.03446125039,,,,
711,6.424,1.422,baseline — trained fixed gait,0.5,0,0,0,0,0,RL,1,0,44.79405013,-33.3674339,304.7832649,309.8592118,-0.0003656586653,0.009914230274,-0.004304320645,0.01081447384,,,,
711,6.424,1.422,baseline — trained fixed gait,0.5,0,0,0,0,0,RR,0,0,0,0,0,0,1.346561297,-0.01672306753,-0.2140523386,1.363570824,,,,
712,6.426,1.424,baseline — trained fixed gait,0.5,0,0,0,0,0,FL,0,0,0,0,0,0,1.083230221,0.02534627964,-0.1234614111,1.090537879,,,,
712,6.426,1.424,baseline — trained fixed gait,0.5,0,0,0,0,0,FR,1,0,-48.31646621,19.29732616,311.4902089,315.8053481,0.03376769395,-0.007101889945,-0.005436655124,0.03493209433,,,,
712,6.426,1.424,baseline — trained fixed gait,0.5,0,0,0,0,0,RL,1,0,44.98106595,-33.75538737,306.3184439,311.4381343,-0.0003607851032,0.009935826739,-0.004264476472,0.01081834453,,,,
712,6.426,1.424,baseline — trained fixed gait,0.5,0,0,0,0,0,RR,0,0,0,0,0,0,1.308637449,-0.0008365343183,-0.2429116702,1.330991643,,,,
713,6.428,1.426,baseline — trained fixed gait,0.5,0,0,0,0,0,FL,0,0,0,0,0,0,1.039756785,0.008029771076,-0.1405450929,1.049243333,,,,
713,6.428,1.426,baseline — trained fixed gait,0.5,0,0,0,0,0,FR,1,0,-48.18863691,19.48243064,311.8127913,316.1153692,0.03401820414,-0.00720294834,-0.005336050022,0.03517945576,,,,
713,6.428,1.426,baseline — trained fixed gait,0.5,0,0,0,0,0,RL,1,0,45.17103732,-34.11951239,307.8172964,312.9793152,-0.0003244107483,0.009975017289,-0.004260121947,0.01085149074,,,,
713,6.428,1.426,baseline — trained fixed gait,0.5,0,0,0,0,0,RR,0,0,0,0,0,0,1.276168956,0.01578313515,-0.2619817668,1.302877875,,,,
714,6.43,1.428,baseline — trained fixed gait,0.5,0,0,0,0,0,FL,0,0,0,0,0,0,1.001344783,-0.009735696674,-0.1501542518,1.012587012,,,,
714,6.43,1.428,baseline — trained fixed gait,0.5,0,0,0,0,0,FR,1,0,-48.03940824,19.65862825,312.1299257,316.416398,0.03414714285,-0.00727994601,-0.005170492929,0.03529531096,,,,
714,6.43,1.428,baseline — trained fixed gait,0.5,0,0,0,0,0,RL,1,0,45.36623953,-34.45716797,309.2732262,314.4762639,-0.0002681341957,0.01001977182,-0.004279327134,0.01089864047,,,,
714,6.43,1.428,baseline — trained fixed gait,0.5,0,0,0,0,0,RR,0,0,0,0,0,0,1.247855589,0.03277486042,-0.2736191747,1.277922226,,,,
715,6.432,1.43,baseline — trained fixed gait,0.5,0,0,0,0,0,FL,0,0,0,0,0,0,0.9668665566,-0.02758957418,-0.1543516399,0.9794981121,,,,
715,6.432,1.43,baseline — trained fixed gait,0.5,0,0,0,0,0,FR,1,0,-50.42087693,20.70582126,320.1144259,324.721791,0.03420318337,-0.007343231858,-0.004979758252,0.03533523453,,,,
715,6.432,1.43,baseline — trained fixed gait,0.5,0,0,0,0,0,RL,1,0,45.82916958,-33.89340629,308.4091826,313.6324277,-0.0001985786047,0.01006293645,-0.004313565699,0.01095029554,,,,
715,6.432,1.43,baseline — trained fixed gait,0.5,0,0,0,0,0,RR,0,0,0,0,0,0,1.222671284,0.04984283947,-0.2797019193,1.255246008,,,,
716,6.434,1.432,baseline — trained fixed gait,0.5,0,0,0,0,0,FL,0,0,0,0,0,0,0.907049604,-0.04218659848,-0.2005173635,0.9299063965,,,,
716,6.434,1.432,baseline — trained fixed gait,0.5,0,0,0,0,0,FR,1,0,-50.29895061,20.91350966,320.3474496,324.9459152,0.03462403688,-0.007518107793,-0.005311190796,0.03582673056,,,,
716,6.434,1.432,baseline — trained fixed gait,0.5,0,0,0,0,0,RL,1,0,46.05767606,-34.28648344,309.7268945,315.0041613,-0.0001616938337,0.01000028138,-0.004200730056,0.01084794476,,,,
716,6.434,1.432,baseline — trained fixed gait,0.5,0,0,0,0,0,RR,0,0,0,0,0,0,1.173955508,0.06649563318,-0.3281869561,1.220778392,,,,
717,6.436,1.434,baseline — trained fixed gait,0.5,0,0,0,0,0,FL,0,0,0,0,0,0,0.8571790537,-0.05911240429,-0.2303259555,0.88955059,,,,
717,6.436,1.434,baseline — trained fixed gait,0.5,0,0,0,0,0,FR,1,0,-50.14430647,21.10627669,320.5621575,325.1461567,0.03486576783,-0.007634816069,-0.005405616489,0.03609893173,,,,
717,6.436,1.434,baseline — trained fixed gait,0.5,0,0,0,0,0,RL,1,0,46.28487153,-34.64042119,311.013575,316.3411007,-0.0001072670111,0.009989130349,-0.00416404237,0.01082282219,,,,
717,6.436,1.434,baseline — trained fixed gait,0.5,0,0,0,0,0,RR,0,0,0,0,0,0,1.134692343,0.08454731321,-0.3596173349,1.193314539,,,,
718,6.438,1.436,baseline — trained fixed gait,0.5,0,0,0,0,0,FL,0,0,0,0,0,0,0.8150977482,-0.07743280239,-0.2478426893,0.8554567065,,,,
718,6.438,1.436,baseline — trained fixed gait,0.5,0,0,0,0,0,FR,1,0,-52.06018469,21.89845203,319.7611401,324.7106277,0.03499485676,-0.007717755218,-0.005362376873,0.03623477378,,,,
718,6.438,1.436,baseline — trained fixed gait,0.5,0,0,0,0,0,RL,1,0,46.51037659,-34.91777624,312.2571642,317.6271444,-4.072224963e-05,0.01000093171,-0.004176600479,0.01083809416,,,,
718,6.438,1.436,baseline — trained fixed gait,0.5,0,0,0,0,0,RR,0,0,0,0,0,0,1.102687904,0.1033801832,-0.3780785848,1.170278382,,,,
719,6.44,1.438,baseline — trained fixed gait,0.5,0,0,0,0,0,FL,0,0,0,0,0,0,0.7790887229,-0.09624861531,-0.2563017063,0.8257927093,,,,
719,6.44,1.438,baseline — trained fixed gait,0.5,0,0,0,0,0,FR,1,0,-51.7872602,22.129349,319.9037037,324.8230411,0.03514482276,-0.008069154465,-0.004015786069,0.03628217686,,,,
719,6.44,1.438,baseline — trained fixed gait,0.5,0,0,0,0,0,RL,1,0,46.74627508,-35.21551473,313.4462037,318.8634023,3.604222258e-05,0.01001536116,-0.004219405434,0.01086794095,,,,
719,6.44,1.438,baseline — trained fixed gait,0.5,0,0,0,0,0,RR,0,0,0,0,0,0,1.07621532,0.1225006015,-0.3868288397,1.150166233,,,,
720,6.442,1.44,baseline — trained fixed gait,0.5,0,0,0,0,0,FL,0,0,0,0,0,0,0.7478018194,-0.1152013129,-0.2582449587,0.7994806829,,,,
720,6.442,1.44,baseline — trained fixed gait,0.5,0,0,0,0,0,FR,1,0,-52.31006451,22.73747429,326.3294747,331.2767146,0.03519997195,-0.008297618013,-0.003065313047,0.03629441602,,,,
720,6.442,1.44,baseline — trained fixed gait,0.5,0,0,0,0,0,RL,1,0,47.23241061,-34.06623343,310.0679946,315.4894137,0.0001173404073,0.010032753,-0.004279244328,0.01090787942,,,,
720,6.442,1.44,baseline — trained fixed gait,0.5,0,0,0,0,0,RR,0,0,0,0,0,0,1.053892627,0.1416000877,-0.3884431916,1.132090264,,,,
721,6.444,1.442,baseline — trained fixed gait,0.5,0,0,0,0,0,FL,0,0,0,0,0,0,0.6860395712,-0.13036815,-0.3103444944,0.7641726592,,,,
721,6.444,1.442,baseline — trained fixed gait,0.5,0,0,0,0,0,FR,1,0,-52.07044179,22.96756048,326.3681786,331.2929636,0.03538346212,-0.008510581282,-0.00282067832,0.03650172066,,,,
721,6.444,1.442,baseline — trained fixed gait,0.5,0,0,0,0,0,RL,1,0,47.50716804,-34.45141881,311.1321181,316.6181078,0.0001466093058,0.009882990433,-0.004038831444,0.01067741325,,,,
721,6.444,1.442,baseline — trained fixed gait,0.5,0,0,0,0,0,RR,0,0,0,0,0,0,0.9991770101,0.1594756302,-0.4497277926,1.107267927,,,,
722,6.446,1.444,baseline — trained fixed gait,0.5,0,0,0,0,0,FL,0,0,0,0,0,0,0.6360652913,-0.1483736364,-0.3428056028,0.7376377648,,,,
722,6.446,1.444,baseline — trained fixed gait,0.5,0,0,0,0,0,FR,1,0,-51.83096533,23.1747609,326.4283327,331.3291036,0.03547876692,-0.008652747702,-0.002580343003,0.03660971339,,,,
722,6.446,1.444,baseline — trained fixed gait,0.5,0,0,0,0,0,RL,1,0,47.77267068,-34.78675438,312.1768119,317.7211171,0.0001929002001,0.009819565631,-0.003943415587,0.01058355357,,,,
722,6.446,1.444,baseline — trained fixed gait,0.5,0,0,0,0,0,RR,0,0,0,0,0,0,0.9571934523,0.1791631583,-0.487639633,1.089087303,,,,
723,6.448,1.446,baseline — trained fixed gait,0.5,0,0,0,0,0,FL,0,0,0,0,0,0,0.5953387096,-0.1680963977,-0.360553978,0.7160193776,,,,
723,6.448,1.446,baseline — trained fixed gait,0.5,0,0,0,0,0,FR,1,0,-51.5934156,23.36291576,326.5108303,331.3865246,0.03552190891,-0.008752962539,-0.00235847185,0.03666037036,,,,
723,6.448,1.446,baseline — trained fixed gait,0.5,0,0,0,0,0,RL,1,0,48.03415906,-35.07885085,313.1903526,318.788336,0.0002504882356,0.00979748399,-0.003941635701,0.01056361344,,,,
723,6.448,1.446,baseline — trained fixed gait,0.5,0,0,0,0,0,RR,0,0,0,0,0,0,0.924999796,0.1998517673,-0.5078849345,1.074016973,,,,
724,6.45,1.448,baseline — trained fixed gait,0.5,0,0,0,0,0,FL,0,0,0,0,0,0,0.5618408009,-0.188673427,-0.3674935973,0.6973623819,,,,
724,6.45,1.448,baseline — trained fixed gait,0.5,0,0,0,0,0,FR,1,0,-51.35832153,23.53467596,326.6155793,331.465375,0.03553403839,-0.008828105583,-0.002162258337,0.03667804103,,,,
724,6.45,1.448,baseline — trained fixed gait,0.5,0,0,0,0,0,RL,1,0,48.29541273,-35.33434704,314.1631855,319.8116165,0.0003162057144,0.00979216163,-0.003997275451,0.01058133387,,,,
724,6.45,1.448,baseline — trained fixed gait,0.5,0,0,0,0,0,RR,0,0,0,0,0,0,0.9002628868,0.2209284732,-0.5150093486,1.060432593,,,,
725,6.452,1.45,baseline — trained fixed gait,0.5,0,0,0,0,0,FL,0,0,0,0,0,0,0.5339701766,-0.209448527,-0.3666891547,0.6807743907,,,,
725,6.452,1.45,baseline — trained fixed gait,0.5,0,0,0,0,0,FR,1,0,-49.89307828,23.30132834,329.7336861,334.300127,0.03552684987,-0.008888128748,-0.001994524606,0.03667606881,,,,
725,6.452,1.45,baseline — trained fixed gait,0.5,0,0,0,0,0,RL,1,0,45.69140047,-33.65528169,305.6065326,310.8307174,0.0003876890778,0.009790597043,-0.004085896339,0.01061605587,,,,
725,6.452,1.45,baseline — trained fixed gait,0.5,0,0,0,0,0,RR,0,0,0,0,0,0,0.8811354046,0.2419354203,-0.5126027673,1.047708903,,,,
726,6.454,1.452,baseline — trained fixed gait,0.5,0,0,0,0,0,FL,0,0,0,0,0,0,0.4674959198,-0.2255480319,-0.430180966,0.6741513281,,,,
726,6.454,1.452,baseline — trained fixed gait,0.5,0,0,0,0,0,FR,1,0,-49.61346495,23.50040271,329.6217691,334.1620498,0.03541073986,-0.008893857976,-0.002055604577,0.03656838412,,,,
726,6.454,1.452,baseline — trained fixed gait,0.5,0,0,0,0,0,RL,1,0,46.03492619,-34.10728204,306.4250561,311.735202,0.0007034157759,0.009653022256,-0.0026528225,0.01003559164,,,,
726,6.454,1.452,baseline — trained fixed gait,0.5,0,0,0,0,0,RR,0,0,0,0,0,0,0.8206292226,0.2596208696,-0.5864060459,1.041492855,,,,
727,6.456,1.454,baseline — trained fixed gait,0.5,0,0,0,0,0,FL,0,0,0,0,0,0,0.415802287,-0.2452919011,-0.4686890568,0.6728514625,,,,
727,6.456,1.454,baseline — trained fixed gait,0.5,0,0,0,0,0,FR,1,0,-49.34766595,23.68569731,329.5457251,334.0607569,0.03533445272,-0.008909396194,-0.002038360407,0.03649733966,,,,
727,6.456,1.454,baseline — trained fixed gait,0.5,0,0,0,0,0,RL,1,0,46.34667217,-34.48456138,307.2669372,312.6502354,0.0009105607489,0.009601431453,-0.001827125147,0.009816057922,,,,
727,6.456,1.454,baseline — trained fixed gait,0.5,0,0,0,0,0,RR,0,0,0,0,0,0,0.7763669345,0.27964809,-0.630056747,1.038229346,,,,
728,6.458,1.456,baseline — trained fixed gait,0.5,0,0,0,0,0,FL,0,0,0,0,0,0,0.3757048919,-0.267272577,-0.4885124889,0.6717389732,,,,
728,6.458,1.456,baseline — trained fixed gait,0.5,0,0,0,0,0,FR,1,0,-49.09220115,23.85705156,329.5015435,333.9917219,0.0352816919,-0.00893051769,-0.001979870703,0.03644820733,,,,
728,6.458,1.456,baseline — trained fixed gait,0.5,0,0,0,0,0,RL,1,0,46.63718382,-34.79913499,308.1115214,313.5581546,0.001053721388,0.009587199304,-0.001405819427,0.009746848081,,,,
728,6.458,1.456,baseline — trained fixed gait,0.5,0,0,0,0,0,RR,0,0,0,0,0,0,0.7446085001,0.3009945929,-0.6510607196,1.033885692,,,,
729,6.46,1.458,baseline — trained fixed gait,0.5,0,0,0,0,0,FL,0,0,0,0,0,0,0.344664346,-0.2904070959,-0.4946411228,0.6691783269,,,,
729,6.46,1.458,baseline — trained fixed gait,0.5,0,0,0,0,0,FR,1,0,-48.84414877,24.01489498,329.4861787,333.9515054,0.035241297,-0.008954717581,-0.001904414422,0.03641102546,,,,
729,6.46,1.458,baseline — trained fixed gait,0.5,0,0,0,0,0,RL,1,0,46.9145335,-35.06234385,308.9413187,314.4440806,0.001162247041,0.009585123052,-0.001245005995,0.009735267949,,,,
729,6.46,1.458,baseline — trained fixed gait,0.5,0,0,0,0,0,RR,0,0,0,0,0,0,0.7223810466,0.322889951,-0.6553836191,1.027433689,,,,
730,6.462,1.46,baseline — trained fixed gait,0.5,0,0,0,0,0,FL,0,0,0,0,0,0,0.3206574514,-0.3138721832,-0.4909884021,0.665136497,,,,
730,6.462,1.46,baseline — trained fixed gait,0.5,0,0,0,0,0,FR,1,0,-45.3376822,23.0532705,327.8651068,331.7868095,0.03520627045,-0.008980478836,-0.001826651218,0.03637948782,,,,
730,6.462,1.46,baseline — trained fixed gait,0.5,0,0,0,0,0,RL,1,0,45.69920282,-32.08841959,298.7878151,303.9609223,0.001253092363,0.009582535216,-0.001246200178,0.009744138573,,,,
730,6.462,1.46,baseline — trained fixed gait,0.5,0,0,0,0,0,RR,0,0,0,0,0,0,0.7073223644,0.3447603913,-0.6477218146,1.019170351,,,,
731,6.464,1.462,baseline — trained fixed gait,0.5,0,0,0,0,0,FL,0,0,0,0,0,0,0.2527113665,-0.3325135184,-0.5600578315,0.6986365646,,,,
731,6.464,1.462,baseline — trained fixed gait,0.5,0,0,0,0,0,FR,1,0,-44.98538866,23.23467172,327.562135,331.4520892,0.03479288593,-0.008872412546,-0.001646629853,0.03594406774,,,,
731,6.464,1.462,baseline — trained fixed gait,0.5,0,0,0,0,0,RL,1,0,46.00292143,-32.54143184,299.5284784,304.7827471,0.001477012725,0.009193411714,-0.0006030548479,0.009330812434,,,,
731,6.464,1.462,baseline — trained fixed gait,0.5,0,0,0,0,0,RR,0,0,0,0,0,0,0.6378832481,0.3641527144,-0.7381233218,1.041310845,,,,
732,6.466,1.464,baseline — trained fixed gait,0.5,0,0,0,0,0,FL,0,0,0,0,0,0,0.2020951792,-0.3553464755,-0.5999830127,0.7260118419,,,,
732,6.466,1.464,baseline — trained fixed gait,0.5,0,0,0,0,0,FR,1,0,-44.67489998,23.40690775,327.3317128,331.1944749,0.03453730595,-0.008816962827,-0.00151189973,0.0356770259,,,,
732,6.466,1.464,baseline — trained fixed gait,0.5,0,0,0,0,0,RL,1,0,46.28192232,-32.91902891,300.2927836,305.616483,0.001625628908,0.008996082753,-0.0003552905014,0.00914868327,,,,
732,6.466,1.464,baseline — trained fixed gait,0.5,0,0,0,0,0,RR,0,0,0,0,0,0,0.5892105814,0.3863901061,-0.7898636803,1.05846637,,,,
733,6.468,1.466,baseline — trained fixed gait,0.5,0,0,0,0,0,FL,0,0,0,0,0,0,0.1650521704,-0.3807172333,-0.6182485286,0.7445932271,,,,
733,6.468,1.466,baseline — trained fixed gait,0.5,0,0,0,0,0,FR,1,0,-44.39356954,23.5684881,327.1593387,330.9977274,0.03437882701,-0.008792297049,-0.001413155779,0.03551345158,,,,
733,6.468,1.466,baseline — trained fixed gait,0.5,0,0,0,0,0,RL,1,0,46.54479458,-33.22915586,301.0604914,306.4441453,0.001730632934,0.008896321958,-0.0003574427104,0.009070137817,,,,
733,6.468,1.466,baseline — trained fixed gait,0.5,0,0,0,0,0,RR,0,0,0,0,0,0,0.5565499676,0.4102195907,-0.8127274057,1.067030372,,,,
734,6.47,1.468,baseline — trained fixed gait,0.5,0,0,0,0,0,FL,0,0,0,0,0,0,0.1386434029,-0.4073288324,-0.6208042894,0.7553388224,,,,
734,6.47,1.468,baseline — trained fixed gait,0.5,0,0,0,0,0,FR,1,0,-44.13178602,23.71734903,327.0346219,330.8500735,0.03427661555,-0.008785881642,-0.00134549138,0.03541028716,,,,
734,6.47,1.468,baseline — trained fixed gait,0.5,0,0,0,0,0,RL,1,0,46.79876294,-33.48469799,301.8139596,307.2507371,0.001812986878,0.008842272885,-0.0005086987782,0.009040546756,,,,
734,6.47,1.468,baseline — trained fixed gait,0.5,0,0,0,0,0,RR,0,0,0,0,0,0,0.5361147252,0.4347037776,-0.8144739266,1.067592689,,,,
735,6.472,1.47,baseline — trained fixed gait,0.5,0,0,0,0,0,FL,0,0,0,0,0,0,0.1204103553,-0.4342529038,-0.6122103955,0.7601814299,,,,
735,6.472,1.47,baseline — trained fixed gait,0.5,0,0,0,0,0,FR,1,0,-40.81667645,24.56234411,320.8289696,324.3463235,0.03420629988,-0.008790038145,-0.001303646123,0.03534169231,,,,
735,6.472,1.47,baseline — trained fixed gait,0.5,0,0,0,0,0,RL,1,0,41.31759831,-27.6851504,285.881369,290.1754101,0.001883709621,0.008806193996,-0.0007420712888,0.009035932959,,,,
735,6.472,1.47,baseline — trained fixed gait,0.5,0,0,0,0,0,RR,0,0,0,0,0,0,0.5248845597,0.4591421335,-0.801192983,1.062179597,,,,
736,6.474,1.472,baseline — trained fixed gait,0.5,0,0,0,0,0,FL,0,0,0,0,0,0,0.05184416859,-0.4550831455,-0.6864104167,0.8251955813,,,,
736,6.474,1.472,baseline — trained fixed gait,0.5,0,0,0,0,0,FR,1,0,-40.4317932,24.74847992,320.4470652,323.9344668,0.03375234896,-0.008908099222,-0.0008810498522,0.0349192145,,,,
736,6.474,1.472,baseline — trained fixed gait,0.5,0,0,0,0,0,RL,1,0,41.6878103,-28.24960595,286.3995459,290.7930771,0.002612642146,0.008114473711,0.001569087272,0.008667907328,,,,
736,6.474,1.472,baseline — trained fixed gait,0.5,0,0,0,0,0,RR,0,0,0,0,0,0,0.4483345227,0.4802854871,-0.9047712097,1.118163197,,,,
737,6.476,1.474,baseline — trained fixed gait,0.5,0,0,0,0,0,FL,0,0,0,0,0,0,0.003483798899,-0.4805665279,-0.7270923174,0.8715615656,,,,
737,6.476,1.474,baseline — trained fixed gait,0.5,0,0,0,0,0,FR,1,0,-40.10745203,24.91345615,320.1734542,323.6361055,0.03346182706,-0.008980234542,-0.0006472883143,0.03465194749,,,,
737,6.476,1.474,baseline — trained fixed gait,0.5,0,0,0,0,0,RL,1,0,42.00881312,-28.71864967,286.993686,291.4701992,0.003047736848,0.007748176522,0.002858031557,0.008802913364,,,,
737,6.476,1.474,baseline — trained fixed gait,0.5,0,0,0,0,0,RR,0,0,0,0,0,0,0.39719736,0.5047964979,-0.96143861,1.156265302,,,,
738,6.478,1.476,baseline — trained fixed gait,0.5,0,0,0,0,0,FL,0,0,0,0,0,0,-0.02904566065,-0.5087698915,-0.7430762108,0.9010286943,,,,
738,6.478,1.476,baseline — trained fixed gait,0.5,0,0,0,0,0,FR,1,0,-39.82474057,25.05960902,319.9845814,323.4256117,0.0332732232,-0.009024782913,-0.0005399860546,0.03447964144,,,,
738,6.478,1.476,baseline — trained fixed gait,0.5,0,0,0,0,0,RL,1,0,42.29513607,-29.10428074,287.6348099,292.180974,0.003305007076,0.007552528402,0.003470107167,0.008944573818,,,,
738,6.478,1.476,baseline — trained fixed gait,0.5,0,0,0,0,0,RR,0,0,0,0,0,0,0.3656465106,0.531198926,-0.9833429901,1.175939244,,,,
739,6.48,1.478,baseline — trained fixed gait,0.5,0,0,0,0,0,FL,0,0,0,0,0,0,-0.04935654842,-0.5382716009,-0.7412122666,0.9173701594,,,,
739,6.48,1.478,baseline — trained fixed gait,0.5,0,0,0,0,0,FR,1,0,-39.65306996,25.53011456,320.1688953,323.6236614,0.03314541521,-0.009052968389,-0.0005183789213,0.03436340354,,,,
739,6.48,1.478,baseline — trained fixed gait,0.5,0,0,0,0,0,RL,1,0,42.83148683,-32.91911902,288.7007773,293.7113268,0.003462614252,0.007443758907,0.003651623774,0.008985187829,,,,
739,6.48,1.478,baseline — trained fixed gait,0.5,0,0,0,0,0,RR,1,1,-171.2138057,-101.6319666,261.8051312,328.9151116,0.3490306354,0.5583851667,-0.9800826449,1.180753306,0.3656465106,0.531198926,-0.9833429901,1.175939244
740,6.482,1.48,baseline — trained fixed gait,0.5,0,0,0,0,0,FL,0,0,0,0,0,0,-0.06030848252,-0.5738824939,-0.7263680279,0.9276792236,,,,
740,6.482,1.48,baseline — trained fixed gait,0.5,0,0,0,0,0,FR,1,0,-37.30741393,29.60685564,304.3827132,308.0864248,0.03303543663,-0.009186356224,-0.0005600812094,0.03429348196,,,,
740,6.482,1.48,baseline — trained fixed gait,0.5,0,0,0,0,0,RL,1,0,34.98824245,-23.9345581,276.3607219,279.5930772,0.003302466769,0.007751752875,0.003596271119,0.009161284046,,,,
740,6.482,1.48,baseline — trained fixed gait,0.5,0,0,0,0,0,RR,1,0,-129.3269039,-59.44453926,279.3226693,313.496818,0.2450727932,0.345082222,-0.5487860941,0.6930429936,,,,
741,6.484,1.482,baseline — trained fixed gait,0.5,0,0,0,0,0,FL,0,0,0,0,0,0,-0.1293550211,-0.5928713071,-0.8100108239,1.012100115,,,,
741,6.484,1.482,baseline — trained fixed gait,0.5,0,0,0,0,0,FR,1,0,-36.87817887,30.13324448,304.2543236,307.9589355,0.03257314939,-0.00979522794,0.0003996143777,0.03401641138,,,,
741,6.484,1.482,baseline — trained fixed gait,0.5,0,0,0,0,0,RL,1,0,35.17266841,-21.91051641,276.3627899,279.4522839,0.004528862922,0.006956940918,0.004268992888,0.00933455551,,,,
741,6.484,1.482,baseline — trained fixed gait,0.5,0,0,0,0,0,RR,1,0,-92.96289007,-33.40438978,243.380914,262.6637042,0.1594707628,0.2072058997,-0.2886754846,0.3894852301,,,,
742,6.486,1.484,baseline — trained fixed gait,0.5,0,0,0,0,0,FL,0,0,0,0,0,0,-0.1749877537,-0.6129737688,-0.8550871943,1.066551295,,,,
742,6.486,1.484,baseline — trained fixed gait,0.5,0,0,0,0,0,FR,1,0,-36.43291116,30.70785537,304.1363781,307.8461725,0.03222879738,-0.01019106805,0.0008619674352,0.03381266385,,,,
742,6.486,1.484,baseline — trained fixed gait,0.5,0,0,0,0,0,RL,1,0,35.48136087,-20.31195352,275.8499173,278.863191,0.005415737558,0.006325946502,0.004508902817,0.009469847784,,,,
742,6.486,1.484,baseline — trained fixed gait,0.5,0,0,0,0,0,RR,1,0,-69.51872642,-17.25917297,220.0822701,231.4453239,0.1067939179,0.1235026264,-0.1252388806,0.2057732171,,,,
743,6.488,1.486,baseline — trained fixed gait,0.5,0,0,0,0,0,FL,0,0,0,0,0,0,-0.2028385942,-0.6344118193,-0.8724218598,1.097607286,,,,
743,6.488,1.486,baseline — trained fixed gait,0.5,0,0,0,0,0,FR,1,0,-35.97667774,31.28283759,304.0375898,307.7528119,0.03194711668,-0.01046887477,0.001010621052,0.03363386624,,,,
743,6.488,1.486,baseline — trained fixed gait,0.5,0,0,0,0,0,RL,1,0,35.86040063,-18.96765855,274.8779284,277.8553867,0.006061182654,0.005794141698,0.004511042799,0.009521529306,,,,
743,6.488,1.486,baseline — trained fixed gait,0.5,0,0,0,0,0,RR,1,0,-54.32269771,-7.256768243,204.6494995,211.8608831,0.07442417771,0.07273887832,-0.02423474589,0.1068514181,,,,
744,6.49,1.488,baseline — trained fixed gait,0.5,0,0,0,0,0,FL,0,0,0,0,0,0,-0.2174333087,-0.6570374377,-0.870278111,1.111917006,,,,
744,6.49,1.488,baseline — trained fixed gait,0.5,0,0,0,0,0,FR,1,0,-35.5136496,31.84672632,303.9663925,307.6865305,0.03169798075,-0.01067808986,0.0009646657396,0.03346213034,,,,
744,6.49,1.488,baseline — trained fixed gait,0.5,0,0,0,0,0,RL,1,0,36.30292351,-17.81502107,273.7088363,276.6799673,0.006546476107,0.005337813346,0.004404156166,0.009526027098,,,,
744,6.49,1.488,baseline — trained fixed gait,0.5,0,0,0,0,0,RR,1,0,-44.188856,-0.9927924862,193.8676161,198.8423828,0.05428677388,0.04200083869,0.03617750912,0.07758824934,,,,
745,6.492,1.49,baseline — trained fixed gait,0.5,0,0,0,0,0,FL,0,0,0,0,0,0,-0.2222876674,-0.6805220923,-0.8550122817,1.115153858,,,,
745,6.492,1.49,baseline — trained fixed gait,0.5,0,0,0,0,0,FR,1,0,-29.85283739,41.79982382,286.895052,291.4570089,0.03146409199,-0.01084687512,0.0008018882616,0.03329094185,,,,
745,6.492,1.49,baseline — trained fixed gait,0.5,0,0,0,0,0,RL,1,0,23.06904944,-11.42275066,264.3460746,265.5965125,0.006925203751,0.004947154417,0.004251778781,0.009513695739,,,,
745,6.492,1.49,baseline — trained fixed gait,0.5,0,0,0,0,0,RR,1,0,-28.41136372,7.023388669,253.8310336,255.5126752,0.04193188385,0.02342871508,0.07015541876,0.08502335182,,,,
746,6.494,1.492,baseline — trained fixed gait,0.5,0,0,0,0,0,FL,0,0,0,0,0,0,-0.2896521649,-0.7068458496,-0.9365570472,1.208581207,,,,
746,6.494,1.492,baseline — trained fixed gait,0.5,0,0,0,0,0,FR,1,0,-29.13683072,42.43649016,286.5929222,291.1791779,0.03046964396,-0.0122035562,0.001674861195,0.03286534873,,,,
746,6.494,1.492,baseline — trained fixed gait,0.5,0,0,0,0,0,RL,1,0,23.50504969,-10.4910819,261.9510429,263.2126499,0.009270694308,0.003840614228,0.004631024789,0.01105180896,,,,
746,6.494,1.492,baseline — trained fixed gait,0.5,0,0,0,0,0,RR,1,0,-23.79197946,9.105250458,247.8394919,249.1452942,0.03367787794,0.01177515689,0.08252074917,0.08990287997,,,,
747,6.496,1.494,baseline — trained fixed gait,0.5,0,0,0,0,0,FL,0,0,0,0,0,0,-0.3328263093,-0.7385404283,-0.9794159193,1.271011746,,,,
747,6.496,1.494,baseline — trained fixed gait,0.5,0,0,0,0,0,FR,1,0,-28.50056698,42.95958912,286.4392781,291.0416957,0.0297582582,-0.01303182691,0.002010227097,0.03254878579,,,,
747,6.496,1.494,baseline — trained fixed gait,0.5,0,0,0,0,0,RL,1,0,24.01186074,-9.60435236,259.3302424,260.616553,0.01079604176,0.003088202991,0.004830248695,0.01222386264,,,,
747,6.496,1.494,baseline — trained fixed gait,0.5,0,0,0,0,0,RR,1,0,-20.47416435,10.31328202,242.8983847,243.9778278,0.02895213474,0.00489077078,0.08624542967,0.09110664017,,,,
748,6.498,1.496,baseline — trained fixed gait,0.5,0,0,0,0,0,FL,0,0,0,0,0,0,-0.3576265849,-0.7737411155,-0.9944294437,1.309756468,,,,
748,6.498,1.496,baseline — trained fixed gait,0.5,0,0,0,0,0,FR,1,0,-27.91675631,43.4044156,286.394493,291.0070347,0.0292263139,-0.01354114079,0.002003582749,0.03227311981,,,,
748,6.498,1.496,baseline — trained fixed gait,0.5,0,0,0,0,0,RL,1,0,24.55509998,-8.7369912,256.5341351,257.854708,0.01181703627,0.002545943431,0.00492043473,0.01305123949,,,,
748,6.498,1.496,baseline — trained fixed gait,0.5,0,0,0,0,0,RR,1,0,-17.9881667,10.96784217,238.5012138,239.4299411,0.02640582474,0.0008957621305,0.08469389701,0.08871936745,,,,
749,6.5,1.498,baseline — trained fixed gait,0.5,0,0,0,0,0,FL,0,0,0,0,0,0,-0.3686129234,-0.8109868553,-0.9900277956,1.331814628,,,,
749,6.5,1.498,baseline — trained fixed gait,0.5,0,0,0,0,0,FR,1,0,-27.36701238,43.79308389,286.4314791,291.0494456,0.02880514033,-0.01385800834,0.001784603632,0.03201507949,,,,
749,6.5,1.498,baseline — trained fixed gait,0.5,0,0,0,0,0,RL,1,0,25.11322851,-7.87079753,253.5915923,254.9535632,0.01253670259,0.002131658467,0.004956165941,0.01364831347,,,,
749,6.5,1.498,baseline — trained fixed gait,0.5,0,0,0,0,0,RR,1,0,-16.03517289,11.30585162,234.5483629,235.36755,0.02519451706,-0.001348612765,0.08008237313,0.08396290212,,,,
750,6.502,1.5,baseline — trained fixed gait,0.5,0,0,0,0,0,FL,0,0,0,0,0,0,-0.3695022797,-0.8492136977,-0.9725503698,1.342963164,,,,
750,6.502,1.5,baseline — trained fixed gait,0.5,0,0,0,0,0,FR,1,0,-24.28053167,52.51629377,268.9674676,275.1199811,0.02845231683,-0.01405821967,0.001441643553,0.03176863563,,,,
750,6.502,1.5,baseline — trained fixed gait,0.5,0,0,0,0,0,RL,1,0,12.36732072,-0.6535317675,229.3679066,229.702012,0.01307546981,0.001795182562,0.004969583764,0.01410274278,,,,
750,6.502,1.5,baseline — trained fixed gait,0.5,0,0,0,0,0,RR,1,0,3.404375816,12.33921192,260.2627712,260.5773513,0.02479381946,-0.002537069467,0.07384066634,0.07793339599,,,,
751,6.504,1.502,baseline — trained fixed gait,0.5,0,0,0,0,0,FL,0,0,0,0,0,0,-0.4596206771,-0.8866147927,-1.080591186,1.471398746,,,,
751,6.504,1.502,baseline — trained fixed gait,0.5,0,0,0,0,0,FR,1,0,-23.62031519,52.95039273,268.8350636,275.016281,0.02776280411,-0.01527882445,0.002178306224,0.03176414309,,,,
751,6.504,1.502,baseline — trained fixed gait,0.5,0,0,0,0,0,RL,1,0,12.86236781,-0.02025914773,225.9066283,226.272503,0.01531748251,0.0005830255718,0.006408640363,0.01661432697,,,,
751,6.504,1.502,baseline — trained fixed gait,0.5,0,0,0,0,0,RR,1,0,4.8736779,11.87922214,256.9263537,257.2470017,0.02246969097,-0.003196547366,0.0649641286,0.06881455465,,,,
752,6.506,1.504,baseline — trained fixed gait,0.5,0,0,0,0,0,FL,0,0,0,0,0,0,-0.5174181246,-0.9301525445,-1.138753991,1.558738568,,,,
752,6.506,1.504,baseline — trained fixed gait,0.5,0,0,0,0,0,FR,1,0,-23.03608112,53.28099022,268.8506219,275.0457814,0.02724730275,-0.01599628593,0.002362842878,0.03168406061,,,,
752,6.506,1.504,baseline — trained fixed gait,0.5,0,0,0,0,0,RL,1,0,13.36850392,0.637050496,222.3562112,222.7586304,0.01677234387,-0.0002007627329,0.00718703993,0.01824843466,,,,
752,6.506,1.504,baseline — trained fixed gait,0.5,0,0,0,0,0,RR,1,0,6.150542402,11.40185946,253.5901714,253.9208668,0.02138426873,-0.003390352838,0.0568235393,0.06080868409,,,,
753,6.508,1.506,baseline — trained fixed gait,0.5,0,0,0,0,0,FL,0,0,0,0,0,0,-0.5505556752,-0.9773521463,-1.160829221,1.614265545,,,,
753,6.508,1.506,baseline — trained fixed gait,0.5,0,0,0,0,0,FR,1,0,-22.50257815,53.54652118,268.9737259,275.173511,0.02684639635,-0.01641145587,0.002198664872,0.03154201972,,,,
753,6.508,1.506,baseline — trained fixed gait,0.5,0,0,0,0,0,RL,1,0,13.86711886,1.330831696,218.7399847,219.1831403,0.01774588842,-0.0007424176254,0.007529168846,0.0192913484,,,,
753,6.508,1.506,baseline — trained fixed gait,0.5,0,0,0,0,0,RR,1,0,7.317352047,10.93136299,250.191834,250.5374066,0.02103613404,-0.003313939299,0.04945922806,0.05384901456,,,,
754,6.51,1.508,baseline — trained fixed gait,0.5,0,0,0,0,0,FL,0,0,0,0,0,0,-0.5651195896,-1.026363288,-1.157507027,1.646998564,,,,
754,6.51,1.508,baseline — trained fixed gait,0.5,0,0,0,0,0,FR,1,0,-22.00283266,53.76925216,269.1752746,275.3735383,0.02652012633,-0.01664470729,0.001824885571,0.03136388988,,,,
754,6.51,1.508,baseline — trained fixed gait,0.5,0,0,0,0,0,RL,1,0,14.37386762,2.072212823,215.0207828,215.5106475,0.01843289948,-0.001146693732,0.007599192345,0.01997083909,,,,
754,6.51,1.508,baseline — trained fixed gait,0.5,0,0,0,0,0,RR,1,0,8.423510648,10.4837042,246.7039131,247.0702012,0.02110724228,-0.003084746609,0.04284474614,0.04786129553,,,,
755,6.512,1.51,baseline — trained fixed gait,0.5,0,0,0,0,0,FL,1,1,-66.16177466,175.8526676,305.0231779,358.2466751,-0.5659437096,-1.075829018,-1.136956465,1.664442958,-0.5651195896,-1.026363288,-1.157507027,1.646998564
755,6.512,1.51,baseline — trained fixed gait,0.5,0,0,0,0,0,FR,1,0,-26.51229341,63.56614608,228.0257939,238.2001665,0.02624252428,-0.01676753728,0.001336789012,0.03117061745,,,,
755,6.512,1.51,baseline — trained fixed gait,0.5,0,0,0,0,0,RL,1,0,0.3621256569,14.83453701,166.7061765,167.3653008,0.01894322794,-0.001476038624,0.007510935162,0.02043131719,,,,
755,6.512,1.51,baseline — trained fixed gait,0.5,0,0,0,0,0,RR,1,0,22.53511245,6.499564009,255.0929294,256.1688472,0.02140761906,-0.00277318313,0.0369365776,0.04278185905,,,,
756,6.514,1.512,baseline — trained fixed gait,0.5,0,0,0,0,0,FL,1,0,-51.23300514,106.9557895,266.6371702,291.8214219,-0.320047239,-0.6485155276,-0.6253627864,0.956075959,,,,
756,6.514,1.512,baseline — trained fixed gait,0.5,0,0,0,0,0,FR,1,0,-26.08434028,59.78718066,229.3217899,238.4185041,0.0259119407,-0.0180109159,0.003737869672,0.03177724708,,,,
756,6.514,1.512,baseline — trained fixed gait,0.5,0,0,0,0,0,RL,1,0,0.8426096916,16.80481089,162.3732428,163.2427077,0.02128544772,-0.00362805812,0.01051062566,0.02401471095,,,,
756,6.514,1.512,baseline — trained fixed gait,0.5,0,0,0,0,0,RR,1,0,24.06002766,10.05571799,251.7024269,253.0496278,0.02022964577,-0.002256815916,0.0307691557,0.03689271918,,,,
757,6.516,1.514,baseline — trained fixed gait,0.5,0,0,0,0,0,FL,1,0,-39.78280585,63.36436377,241.6600008,252.9768176,-0.1785991293,-0.3882153875,-0.3076762361,0.5265676617,,,,
757,6.516,1.514,baseline — trained fixed gait,0.5,0,0,0,0,0,FR,1,0,-25.72655184,56.97138129,230.3108729,238.643441,0.02568318433,-0.01843912628,0.004679858072,0.03196135803,,,,
757,6.516,1.514,baseline — trained fixed gait,0.5,0,0,0,0,0,RL,1,0,1.207861851,17.91102787,158.0673128,159.0834348,0.02285184049,-0.005129672938,0.01198802695,0.02631032019,,,,
757,6.516,1.514,baseline — trained fixed gait,0.5,0,0,0,0,0,RR,1,0,25.15582862,11.80611018,248.8659344,250.4125661,0.01946925935,-0.002186658949,0.02574819103,0.03235433322,,,,
758,6.518,1.516,baseline — trained fixed gait,0.5,0,0,0,0,0,FL,1,0,-30.91910393,37.13530432,224.6682938,229.8061445,-0.09757070291,-0.2325101448,-0.1108489457,0.2754423684,,,,
758,6.518,1.516,baseline — trained fixed gait,0.5,0,0,0,0,0,FR,1,0,-27.5283993,53.90017313,230.2465411,238.0682909,0.0255513636,-0.0183929079,0.004739033739,0.03183755147,,,,
758,6.518,1.516,baseline — trained fixed gait,0.5,0,0,0,0,0,RL,1,0,1.478938405,18.53999475,153.7775682,154.8982219,0.02395180395,-0.006189052883,0.01248690166,0.02771129736,,,,
758,6.518,1.516,baseline — trained fixed gait,0.5,0,0,0,0,0,RR,1,0,26.02657343,12.41625638,246.3149592,247.9971876,0.01897050538,-0.00226458328,0.02151177847,0.02877090588,,,,
759,6.52,1.518,baseline — trained fixed gait,0.5,0,0,0,0,0,FL,1,0,-24.12614399,20.85935985,212.8563232,215.2324279,-0.05132507806,-0.1385511397,0.008680921985,0.1480068929,,,,
759,6.52,1.518,baseline — trained fixed gait,0.5,0,0,0,0,0,FR,1,0,-27.17394323,52.21446808,230.7897213,238.1778103,0.02577592957,-0.01816097434,0.005816746605,0.03206328235,,,,
759,6.52,1.518,baseline — trained fixed gait,0.5,0,0,0,0,0,RL,1,0,1.681667214,18.84258029,149.4969638,150.689127,0.02476700219,-0.006956641956,0.012376754,0.02854791244,,,,
759,6.52,1.518,baseline — trained fixed gait,0.5,0,0,0,0,0,RR,1,0,26.74289593,12.30580125,243.9462069,245.7160294,0.01864758658,-0.00234046751,0.0178753692,0.02593721453,,,,
760,6.522,1.52,baseline — trained fixed gait,0.5,0,0,0,0,0,FL,1,0,-18.38287808,-7.335401434,301.7354301,302.3838754,-0.02493687331,-0.08189028925,0.07829217725,0.1160066039,,,,
760,6.522,1.52,baseline — trained fixed gait,0.5,0,0,0,0,0,FR,1,0,-36.12150578,43.47124416,150.3839983,160.6544714,0.02592388854,-0.01779494086,0.006109436297,0.03203175189,,,,
760,6.522,1.52,baseline — trained fixed gait,0.5,0,0,0,0,0,RL,1,0,-19.5640203,24.8411923,51.17423835,60.15511945,0.02540227909,-0.007523737676,0.01191036696,0.02904719009,,,,
760,6.522,1.52,baseline — trained fixed gait,0.5,0,0,0,0,0,RR,1,0,34.7189305,15.92112079,252.791379,255.6606491,0.01844272468,-0.002345432233,0.01471669303,0.02371109866,,,,
761,6.524,1.522,baseline — trained fixed gait,0.5,0,0,0,0,0,FL,1,0,-15.3314301,-14.02510864,296.3758204,297.103321,-0.009403165207,-0.04545253959,0.10931232,0.1187583099,,,,
761,6.524,1.522,baseline — trained fixed gait,0.5,0,0,0,0,0,FR,1,0,-35.5607093,42.22966107,149.8743194,159.7191909,0.02710315131,-0.01643395361,0.01155327422,0.03373623849,,,,
761,6.524,1.522,baseline — trained fixed gait,0.5,0,0,0,0,0,RL,1,0,-19.2159313,24.41115998,47.31829112,56.60545399,0.0290642152,-0.0100414233,0.01932317843,0.03631726878,,,,
761,6.524,1.522,baseline — trained fixed gait,0.5,0,0,0,0,0,RR,1,0,35.01532919,15.29377578,251.921645,254.8028416,0.01692560469,-0.002858600607,0.01135516593,0.02058124109,,,,
762,6.526,1.524,baseline — trained fixed gait,0.5,0,0,0,0,0,FL,1,0,-13.10665262,-18.30539486,292.5030043,293.3681635,-0.0002627344216,-0.02351248014,0.1229360959,0.1251646493,,,,
762,6.526,1.524,baseline — trained fixed gait,0.5,0,0,0,0,0,FR,1,0,-35.16163714,41.13061041,149.4826237,158.9752265,0.02788849696,-0.01552827558,0.01413433493,0.03490952634,,,,
762,6.526,1.524,baseline — trained fixed gait,0.5,0,0,0,0,0,RL,1,0,-19.03144121,23.9666606,43.80749087,53.43868291,0.03190964114,-0.01221918346,0.02345298184,0.04144364847,,,,
762,6.526,1.524,baseline — trained fixed gait,0.5,0,0,0,0,0,RR,1,0,35.22359163,14.54446345,251.1664118,254.0409597,0.01590866634,-0.003089679685,0.008572922508,0.01833376081,,,,
763,6.528,1.526,baseline — trained fixed gait,0.5,0,0,0,0,0,FL,1,0,-11.50776087,-21.09947248,289.6421851,290.6375951,0.005274999606,-0.01028421071,0.1257972076,0.1263270678,,,,
763,6.528,1.526,baseline — trained fixed gait,0.5,0,0,0,0,0,FR,1,0,-34.88465084,40.13884706,149.1599447,158.3564177,0.02848989237,-0.01493675085,0.01485930374,0.03543415586,,,,
763,6.528,1.526,baseline — trained fixed gait,0.5,0,0,0,0,0,RL,1,0,-18.97700817,23.5328806,40.58832899,50.60964096,0.03439811825,-0.0142878212,0.02548142545,0.0451295404,,,,
763,6.528,1.526,baseline — trained fixed gait,0.5,0,0,0,0,0,RR,1,0,35.3846699,13.7446392,250.4717172,253.3319385,0.01519942183,-0.003137448562,0.006243384356,0.01672859396,,,,
764,6.53,1.528,baseline — trained fixed gait,0.5,0,0,0,0,0,FL,1,0,-10.36063324,-22.96328601,287.4763019,288.5780299,0.008744008398,-0.002306248036,0.1221852354,0.1225194197,,,,
764,6.53,1.528,baseline — trained fixed gait,0.5,0,0,0,0,0,FR,1,0,-34.7012594,39.23257327,148.8698777,157.8151219,0.02902359077,-0.01455853489,0.01442528899,0.03553039152,,,,
764,6.53,1.528,baseline — trained fixed gait,0.5,0,0,0,0,0,RL,1,0,-19.0232691,23.12233018,37.6181121,48.07961395,0.03680647019,-0.01639740637,0.02622485118,0.04807633517,,,,
764,6.53,1.528,baseline — trained fixed gait,0.5,0,0,0,0,0,RR,1,0,35.52109312,12.93619432,249.8104915,252.6546552,0.01466594565,-0.003071000027,0.004232926006,0.01557044205,,,,
765,6.532,1.53,baseline — trained fixed gait,0.5,0,0,0,0,0,FL,1,0,-8.033188352,-30.56701485,294.7101867,296.4000146,0.01104671549,0.002509812683,0.1149246032,0.1154815721,,,,
765,6.532,1.53,baseline — trained fixed gait,0.5,0,0,0,0,0,FR,1,0,-47.73781529,4.981595111,43.932842,65.06773321,0.02954148548,-0.0143213726,0.01331058195,0.03542559342,,,,
765,6.532,1.53,baseline — trained fixed gait,0.5,0,0,0,0,0,RL,1,0,-39.90824679,0,33.25687233,51.94889527,0.03930118353,-0.01864230567,0.02624124636,0.05080080312,,,,
765,6.532,1.53,baseline — trained fixed gait,0.5,0,0,0,0,0,RR,1,0,39.7501616,20.83919727,289.5722773,293.0297788,0.01422429916,-0.002937169874,0.002431831851,0.01472655627,,,,
766,6.534,1.532,baseline — trained fixed gait,0.5,0,0,0,0,0,FL,1,0,-7.720247744,-31.63505686,295.1815377,296.9722533,0.01198386755,0.006223771769,0.105295141,0.1061575015,,,,
766,6.534,1.532,baseline — trained fixed gait,0.5,0,0,0,0,0,FR,1,0,-45.29267366,7.570839311,44.05292748,63.63492999,0.08584869986,-0.05974389298,0.08468464182,0.1345764488,,,,
766,6.534,1.532,baseline — trained fixed gait,0.5,0,0,0,0,0,RL,0,0,0,0,0,0,0.2104595625,-0.07757008399,0.2372050721,0.3264607046,,,,
766,6.534,1.532,baseline — trained fixed gait,0.5,0,0,0,0,0,RR,1,0,39.89226714,19.22428117,288.6339838,292.0112028,0.01353499779,-0.003882979235,-0.002013096437,0.01422414322,,,,
767,6.536,1.534,baseline — trained fixed gait,0.5,0,0,0,0,0,FL,1,0,-7.392239915,-32.28505726,295.63619,297.4856752,0.01267904238,0.008509259448,0.09516290443,0.09638020539,,,,
767,6.536,1.534,baseline — trained fixed gait,0.5,0,0,0,0,0,FR,1,0,-42.49746322,9.619094251,43.43046456,61.52045681,0.1330231231,-0.0997215414,0.1375781033,0.2157945125,,,,
767,6.536,1.534,baseline — trained fixed gait,0.5,0,0,0,0,0,RL,0,0,0,0,0,0,0.4724659478,-0.10897657,0.3908522596,0.62278845,,,,
767,6.536,1.534,baseline — trained fixed gait,0.5,0,0,0,0,0,RR,1,0,40.14246672,17.91917997,287.5493805,290.8902901,0.01304650125,-0.004229716004,-0.00498105894,0.01459152633,,,,
768,6.538,1.536,baseline — trained fixed gait,0.5,0,0,0,0,0,FL,1,0,-7.155145323,-33.58207597,296.3456227,298.3281416,0.0132285602,0.009897092805,0.08515972137,0.08674748062,,,,
768,6.538,1.536,baseline — trained fixed gait,0.5,0,0,0,0,0,FR,0,0,0,0,0,0,0.1749198332,-0.1352475702,0.1753087973,0.2821737545,,,,
768,6.538,1.536,baseline — trained fixed gait,0.5,0,0,0,0,0,RL,0,0,0,0,0,0,0.6790297587,-0.1254981491,0.4919589412,0.8478530524,,,,
768,6.538,1.536,baseline — trained fixed gait,0.5,0,0,0,0,0,RR,1,0,40.37346773,17.12691932,286.487668,289.8250027,0.01267511099,-0.004270048216,-0.00693904171,0.01506791459,,,,
769,6.54,1.538,baseline — trained fixed gait,0.5,0,0,0,0,0,FL,1,0,-6.907469909,-34.03044219,297.0382276,299.0610185,0.01361747935,0.01082596648,0.0756388413,0.07761360452,,,,
769,6.54,1.538,baseline — trained fixed gait,0.5,0,0,0,0,0,FR,0,0,0,0,0,0,0.3456547061,-0.2080135889,0.1896802286,0.445786292,,,,
769,6.54,1.538,baseline — trained fixed gait,0.5,0,0,0,0,0,RL,0,0,0,0,0,0,0.8421656576,-0.1323560042,0.554241004,1.016830466,,,,
769,6.54,1.538,baseline — trained fixed gait,0.5,0,0,0,0,0,RR,1,0,40.77484065,16.17006751,285.1865521,288.5401674,0.01235157676,-0.00418724254,-0.008197051995,0.01540409393,,,,
770,6.542,1.54,baseline — trained fixed gait,0.5,0,0,0,0,0,FL,1,0,-11.29102673,-37.9246071,296.4893791,299.1182291,0.01394056151,0.01140015483,0.06679788287,0.0691828009,,,,
770,6.542,1.54,baseline — trained fixed gait,0.5,0,0,0,0,0,FR,0,0,0,0,0,0,0.5000695855,-0.2757093144,0.1950377458,0.6034276582,,,,
770,6.542,1.54,baseline — trained fixed gait,0.5,0,0,0,0,0,RL,0,0,0,0,0,0,0.9713314327,-0.1309164928,0.5878860381,1.14290589,,,,
770,6.542,1.54,baseline — trained fixed gait,0.5,0,0,0,0,0,RR,1,0,42.96324409,20.23486253,311.0613275,314.6655994,0.01205609871,-0.004024457373,-0.008965685599,0.01555407637,,,,
771,6.544,1.542,baseline — trained fixed gait,0.5,0,0,0,0,0,FL,1,0,-11.29345742,-37.28064929,298.1734749,300.7071833,0.01451438589,0.01222819617,0.0588411549,0.06182618935,,,,
771,6.544,1.542,baseline — trained fixed gait,0.5,0,0,0,0,0,FR,0,0,0,0,0,0,0.8728581207,-0.2954847928,0.4451218057,1.023389458,,,,
771,6.544,1.542,baseline — trained fixed gait,0.5,0,0,0,0,0,RL,0,0,0,0,0,0,1.157189759,-0.1002724235,0.6902986394,1.351167979,,,,
771,6.544,1.542,baseline — trained fixed gait,0.5,0,0,0,0,0,RR,1,0,41.24707569,20.38700677,308.8853099,312.2932692,0.01176586805,-0.004497665207,-0.01133260678,0.01694380771,,,,
772,6.546,1.544,baseline — trained fixed gait,0.5,0,0,0,0,0,FL,1,0,-11.24154569,-36.71419721,299.7174365,302.166918,0.01490556482,0.01260696831,0.05158770195,0.05515797771,,,,
772,6.546,1.544,baseline — trained fixed gait,0.5,0,0,0,0,0,FR,0,0,0,0,0,0,1.157265018,-0.3257212391,0.6099034532,1.348087115,,,,
772,6.546,1.544,baseline — trained fixed gait,0.5,0,0,0,0,0,RL,0,0,0,0,0,0,1.296162603,-0.06169022264,0.7516047677,1.499584244,,,,
772,6.546,1.544,baseline — trained fixed gait,0.5,0,0,0,0,0,RR,1,0,41.77785963,20.16998561,307.3275999,310.8093813,0.01166362781,-0.004963016732,-0.01081546264,0.01666271229,,,,
773,6.548,1.546,baseline — trained fixed gait,0.5,0,0,0,0,0,FL,1,0,-11.14860096,-36.19582551,301.1397027,303.5120255,0.01517947693,0.01274016575,0.04504653697,0.04921299459,,,,
773,6.548,1.546,baseline — trained fixed gait,0.5,0,0,0,0,0,FR,0,0,0,0,0,0,1.373146562,-0.3623961041,0.7118264133,1.588571452,,,,
773,6.548,1.546,baseline — trained fixed gait,0.5,0,0,0,0,0,RL,0,0,0,0,0,0,1.398949117,-0.01866892765,0.7826594441,1.603110403,,,,
773,6.548,1.546,baseline — trained fixed gait,0.5,0,0,0,0,0,RR,1,0,42.31751434,20.04443018,305.7569711,309.3216393,0.01152746586,-0.005198436251,-0.01018935114,0.01623973784,,,,
774,6.55,1.548,baseline — trained fixed gait,0.5,0,0,0,0,0,FL,1,0,-11.02227721,-35.72600801,302.4501179,304.7522142,0.01538256221,0.01273867593,0.03919673356,0.04399182886,,,,
774,6.55,1.548,baseline — trained fixed gait,0.5,0,0,0,0,0,FR,0,0,0,0,0,0,1.536386926,-0.4024192716,0.7676380341,1.763999492,,,,
774,6.55,1.548,baseline — trained fixed gait,0.5,0,0,0,0,0,RL,0,0,0,0,0,0,1.473910774,0.02649595064,0.7917101798,1.673296152,,,,
774,6.55,1.548,baseline — trained fixed gait,0.5,0,0,0,0,0,RR,1,0,42.85182003,19.99559886,304.2002721,307.8537121,0.01136689738,-0.005314388285,-0.009542523239,0.01576416279,,,,
775,6.552,1.55,baseline — trained fixed gait,0.5,0,0,0,0,0,FL,1,0,-6.859575068,-35.23963042,302.1996254,304.3246604,0.0155446027,0.01266480183,0.03399788198,0.03947008813,,,,
775,6.552,1.55,baseline — trained fixed gait,0.5,0,0,0,0,0,FR,0,0,0,0,0,0,1.659390018,-0.4434291311,0.7900593351,1.890607939,,,,
775,6.552,1.55,baseline — trained fixed gait,0.5,0,0,0,0,0,RL,0,0,0,0,0,0,1.527526036,0.07204232501,0.7850473705,1.718960517,,,,
775,6.552,1.55,baseline — trained fixed gait,0.5,0,0,0,0,0,RR,1,0,45.68261849,21.14820833,306.9935326,311.0935187,0.01118541086,-0.005372909208,-0.008928595396,0.0152872949,,,,
776,6.554,1.552,baseline — trained fixed gait,0.5,0,0,0,0,0,FL,1,0,-6.660864675,-34.59044121,303.3549481,305.393337,0.01514635641,0.01251597301,0.02949298565,0.03543864974,,,,
776,6.554,1.552,baseline — trained fixed gait,0.5,0,0,0,0,0,FR,0,0,0,0,0,0,1.812350558,-0.464014607,0.8599399604,2.05898539,,,,
776,6.554,1.552,baseline — trained fixed gait,0.5,0,0,0,0,0,RL,0,0,0,0,0,0,1.561035802,0.1194045233,0.7780254904,1.748260243,,,,
776,6.554,1.552,baseline — trained fixed gait,0.5,0,0,0,0,0,RR,1,0,46.1636866,21.32878232,305.5953611,309.7975591,0.01070695681,-0.005562109713,-0.008673819926,0.01485971537,,,,
777,6.556,1.554,baseline — trained fixed gait,0.5,0,0,0,0,0,FL,1,0,-6.468594991,-34.01571416,304.4173493,306.3802116,0.01496704046,0.01232183284,0.02548352175,0.03201952132,,,,
777,6.556,1.554,baseline — trained fixed gait,0.5,0,0,0,0,0,FR,0,0,0,0,0,0,1.921572621,-0.4875060568,0.8912135643,2.173560469,,,,
777,6.556,1.554,baseline — trained fixed gait,0.5,0,0,0,0,0,RL,0,0,0,0,0,0,1.579569419,0.1653870657,0.7601191846,1.760730986,,,,
777,6.556,1.554,baseline — trained fixed gait,0.5,0,0,0,0,0,RR,1,0,46.61445076,21.53499508,304.2571631,308.5596933,0.01033334811,-0.005689697891,-0.00835675869,0.01445635365,,,,
778,6.558,1.556,baseline — trained fixed gait,0.5,0,0,0,0,0,FL,1,0,-6.275741409,-33.50838656,305.3844805,307.281431,0.01492627726,0.01211137227,0.02193526537,0.02916564688,,,,
778,6.558,1.556,baseline — trained fixed gait,0.5,0,0,0,0,0,FR,0,0,0,0,0,0,1.997856368,-0.5118855752,0.8947187599,2.248105551,,,,
778,6.558,1.556,baseline — trained fixed gait,0.5,0,0,0,0,0,RL,0,0,0,0,0,0,1.586853545,0.2092006707,0.7348890693,1.761229978,,,,
778,6.558,1.556,baseline — trained fixed gait,0.5,0,0,0,0,0,RR,1,0,47.0354476,21.75610279,302.9863921,307.3864264,0.01001982042,-0.005785751228,-0.008025887988,0.01408142736,,,,
779,6.56,1.558,baseline — trained fixed gait,0.5,0,0,0,0,0,FL,1,0,-6.078474569,-33.02459182,306.2541654,308.0895736,0.01497169704,0.01189866932,0.01880513924,0.02682094901,,,,
779,6.56,1.558,baseline — trained fixed gait,0.5,0,0,0,0,0,FR,0,0,0,0,0,0,2.04947652,-0.5356976961,0.8787131075,2.29335186,,,,
779,6.56,1.558,baseline — trained fixed gait,0.5,0,0,0,0,0,RL,0,0,0,0,0,0,1.585736779,0.2503386741,0.7050249601,1.753365558,,,,
779,6.56,1.558,baseline — trained fixed gait,0.5,0,0,0,0,0,RR,1,0,47.42714421,21.9944891,301.7915403,306.2861821,0.009738674033,-0.005866611028,-0.007712120718,0.01373811133,,,,
780,6.562,1.56,baseline — trained fixed gait,0.5,0,0,0,0,0,FL,1,0,-0.7047449386,-30.77886889,301.1980656,302.7674192,0.0150716695,0.01168583257,0.01605025826,0.02492638551,,,,
780,6.562,1.56,baseline — trained fixed gait,0.5,0,0,0,0,0,FR,0,0,0,0,0,0,2.082723826,-0.5579414918,0.8494769808,2.31746594,,,,
780,6.562,1.56,baseline — trained fixed gait,0.5,0,0,0,0,0,RL,0,0,0,0,0,0,1.578390191,0.288495649,0.6725409069,1.739786368,,,,
780,6.562,1.56,baseline — trained fixed gait,0.5,0,0,0,0,0,RR,1,0,48.18013557,20.57908166,290.0332181,294.7271478,0.009473683247,-0.005942150694,-0.007432287732,0.01342753626,,,,
781,6.564,1.562,baseline — trained fixed gait,0.5,0,0,0,0,0,FL,1,0,-0.4076103147,-30.36378986,301.739077,303.2632462,0.0145491805,0.01121384436,0.01401054506,0.02310247457,,,,
781,6.564,1.562,baseline — trained fixed gait,0.5,0,0,0,0,0,FR,0,0,0,0,0,0,2.112716213,-0.5670901366,0.8215468013,2.336685723,,,,
781,6.564,1.562,baseline — trained fixed gait,0.5,0,0,0,0,0,RL,0,0,0,0,0,0,1.568222926,0.3172999119,0.6472572729,1.725961864,,,,
781,6.564,1.562,baseline — trained fixed gait,0.5,0,0,0,0,0,RR,1,0,48.52909205,20.79939488,289.0776698,293.8598081,0.009089285759,-0.00579792404,-0.006464140607,0.01257044759,,,,
782,6.566,1.564,baseline — trained fixed gait,0.5,0,0,0,0,0,FL,1,0,-0.1503385954,-30.0016237,302.2336891,303.7191513,0.01432962403,0.01084904434,0.01209530515,0.02166417076,,,,
782,6.566,1.564,baseline — trained fixed gait,0.5,0,0,0,0,0,FR,0,0,0,0,0,0,2.129754924,-0.5748403356,0.7852560967,2.341564559,,,,
782,6.566,1.564,baseline — trained fixed gait,0.5,0,0,0,0,0,RL,0,0,0,0,0,0,1.552161767,0.3439328032,0.6183298537,1.705821718,,,,
782,6.566,1.564,baseline — trained fixed gait,0.5,0,0,0,0,0,RR,1,0,48.8228249,21.0258404,288.2456871,293.1063465,0.008744159539,-0.005741884567,-0.005888764417,0.01200446212,,,,
783,6.568,1.566,baseline — trained fixed gait,0.5,0,0,0,0,0,FL,1,0,0.08314198996,-29.68391849,302.6682193,304.1203593,0.01429922566,0.01055358887,0.01033488375,0.02055859709,,,,
783,6.568,1.566,baseline — trained fixed gait,0.5,0,0,0,0,0,FR,0,0,0,0,0,0,2.137239988,-0.5807586121,0.744067924,2.336388754,,,,
783,6.568,1.566,baseline — trained fixed gait,0.5,0,0,0,0,0,RL,0,0,0,0,0,0,1.531911259,0.3682198248,0.5873953656,1.681478891,,,,
783,6.568,1.566,baseline — trained fixed gait,0.5,0,0,0,0,0,RR,1,0,49.07081539,21.2503675,287.5293316,292.4596376,0.008426143068,-0.005739913924,-0.005578461363,0.01162177826,,,,
784,6.57,1.568,baseline — trained fixed gait,0.5,0,0,0,0,0,FL,1,0,0.3028146597,-29.4037521,303.0363795,304.4597175,0.01438432773,0.01030323767,0.008736847962,0.01973317265,,,,
784,6.57,1.568,baseline — trained fixed gait,0.5,0,0,0,0,0,FR,0,0,0,0,0,0,2.137710544,-0.5846012553,0.700560339,2.324295546,,,,
784,6.57,1.568,baseline — trained fixed gait,0.5,0,0,0,0,0,RL,0,0,0,0,0,0,1.508762721,0.3900959233,0.5556635783,1.65447931,,,,
784,6.57,1.568,baseline — trained fixed gait,0.5,0,0,0,0,0,RR,1,0,49.28055836,21.46786323,286.9227027,291.9145078,0.008125605246,-0.005770671033,-0.00544628616,0.01135729447,,,,
785,6.572,1.57,baseline — trained fixed gait,0.5,0,0,0,0,0,FL,1,0,2.942812398,-25.42266763,286.3368342,287.4782684,0.01454075928,0.01008331531,0.007299621801,0.01914135331,,,,
785,6.572,1.57,baseline — trained fixed gait,0.5,0,0,0,0,0,FR,0,0,0,0,0,0,2.13304827,-0.5862644441,0.6566215548,2.307542586,,,,
785,6.572,1.57,baseline — trained fixed gait,0.5,0,0,0,0,0,RL,0,0,0,0,0,0,1.483689078,0.4095742518,0.5240123555,1.625937666,,,,
785,6.572,1.57,baseline — trained fixed gait,0.5,0,0,0,0,0,RR,1,0,49.22189674,19.34530541,274.7889184,279.8320669,0.007836748514,-0.005820773361,-0.005431888323,0.01117145651,,,,
786,6.574,1.572,baseline — trained fixed gait,0.5,0,0,0,0,0,FL,1,0,3.260705839,-25.14656076,286.5599169,287.6796268,0.01431827684,0.009396617019,0.007155170443,0.01856087086,,,,
786,6.574,1.572,baseline — trained fixed gait,0.5,0,0,0,0,0,FR,0,0,0,0,0,0,2.137463476,-0.5780448316,0.6281156883,2.301611448,,,,
786,6.574,1.572,baseline — trained fixed gait,0.5,0,0,0,0,0,RL,0,0,0,0,0,0,1.470887802,0.4198587441,0.5062492879,1.611235747,,,,
786,6.574,1.572,baseline — trained fixed gait,0.5,0,0,0,0,0,RR,1,0,49.42268158,19.50400063,274.333608,279.4314513,0.007535400791,-0.005571843725,-0.004697785545,0.01048317207,,,,
787,6.576,1.574,baseline — trained fixed gait,0.5,0,0,0,0,0,FL,1,0,3.520934272,-24.91898431,286.7814642,287.8835892,0.01427604524,0.00892727521,0.006633155039,0.01809697367,,,,
787,6.576,1.574,baseline — trained fixed gait,0.5,0,0,0,0,0,FR,0,0,0,0,0,0,2.135170099,-0.5689067581,0.5964349882,2.288742219,,,,
787,6.576,1.574,baseline — trained fixed gait,0.5,0,0,0,0,0,RL,0,0,0,0,0,0,1.453430361,0.4290866669,0.4848162545,1.591107156,,,,
787,6.576,1.574,baseline — trained fixed gait,0.5,0,0,0,0,0,RR,1,0,49.57556171,19.6754356,274.0070075,279.1499583,0.007238253467,-0.005453431556,-0.004384528086,0.01006758737,,,,
788,6.578,1.576,baseline — trained fixed gait,0.5,0,0,0,0,0,FL,1,0,3.743931955,-24.728802,286.9796584,288.0674487,0.0143499189,0.008590420201,0.005911004612,0.01773853058,,,,
788,6.578,1.576,baseline — trained fixed gait,0.5,0,0,0,0,0,FR,0,0,0,0,0,0,2.127857664,-0.5586973006,0.563345008,2.270964225,,,,
788,6.578,1.576,baseline — trained fixed gait,0.5,0,0,0,0,0,RL,0,0,0,0,0,0,1.43267479,0.4370940376,0.4611186865,1.567239195,,,,
788,6.578,1.576,baseline — trained fixed gait,0.5,0,0,0,0,0,RR,1,0,49.69001165,19.85097949,273.7990301,278.9786148,0.006948004672,-0.00541444864,-0.004340525215,0.00981993799,,,,
789,6.58,1.578,baseline — trained fixed gait,0.5,0,0,0,0,0,FL,1,0,3.946217701,-24.56751019,287.1336578,288.2097719,0.01449678904,0.008335164057,0.005097714719,0.0174819492,,,,
789,6.58,1.578,baseline — trained fixed gait,0.5,0,0,0,0,0,FR,0,0,0,0,0,0,2.116789163,-0.5473557388,0.5301334672,2.249763579,,,,
789,6.58,1.578,baseline — trained fixed gait,0.5,0,0,0,0,0,RL,0,0,0,0,0,0,1.409661171,0.4437983925,0.4362113708,1.540902979,,,,
789,6.58,1.578,baseline — trained fixed gait,0.5,0,0,0,0,0,RR,1,0,49.7735929,20.02542813,273.7018486,278.9106134,0.006664559249,-0.005423494081,-0.004463378064,0.009682581359,,,,
790,6.582,1.58,baseline — trained fixed gait,0.5,0,0,0,0,0,FL,1,0,1.826373288,-21.86116401,273.4452908,274.3238473,0.01468923226,0.008133243163,0.004248344906,0.01731968889,,,,
790,6.582,1.58,baseline — trained fixed gait,0.5,0,0,0,0,0,FR,0,0,0,0,0,0,2.102901123,-0.5348879493,0.4977154828,2.226211794,,,,
790,6.582,1.58,baseline — trained fixed gait,0.5,0,0,0,0,0,RL,0,0,0,0,0,0,1.385181766,0.4491766062,0.4108746678,1.51304532,,,,
790,6.582,1.58,baseline — trained fixed gait,0.5,0,0,0,0,0,RR,1,0,48.3307901,18.87855575,268.9205867,273.8805344,0.006388179586,-0.005461162352,-0.00468320027,0.009621096477,,,,
791,6.584,1.582,baseline — trained fixed gait,0.5,0,0,0,0,0,FL,1,0,2.041636699,-21.7487693,273.6263897,274.4969552,0.01508704321,0.00763911337,0.004332860017,0.01745705021,,,,
791,6.584,1.582,baseline — trained fixed gait,0.5,0,0,0,0,0,FR,0,0,0,0,0,0,2.100646297,-0.5195094482,0.4817339918,2.216906081,,,,
791,6.584,1.582,baseline — trained fixed gait,0.5,0,0,0,0,0,RL,0,0,0,0,0,0,1.382174381,0.4435253658,0.4052683759,1.507104252,,,,
791,6.584,1.582,baseline — trained fixed gait,0.5,0,0,0,0,0,RR,1,0,48.40837289,18.92167913,268.8588055,273.8365531,0.006328587716,-0.005329130138,-0.004631423468,0.009481599752,,,,
792,6.586,1.584,baseline — trained fixed gait,0.5,0,0,0,0,0,FL,1,0,2.232850354,-21.66705383,273.7930472,274.6581139,0.01540405586,0.007317217879,0.004010709122,0.01751891555,,,,
792,6.586,1.584,baseline — trained fixed gait,0.5,0,0,0,0,0,FR,0,0,0,0,0,0,2.092936136,-0.503764521,0.4626672101,2.201867687,,,,
792,6.586,1.584,baseline — trained fixed gait,0.5,0,0,0,0,0,RL,0,0,0,0,0,0,1.373323102,0.4383551958,0.3938382896,1.494416347,,,,
792,6.586,1.584,baseline — trained fixed gait,0.5,0,0,0,0,0,RR,1,0,48.4714015,18.98811257,268.8842552,273.8772861,0.006195813365,-0.005265027116,-0.004743614887,0.009413314824,,,,
793,6.588,1.586,baseline — trained fixed gait,0.5,0,0,0,0,0,FL,1,0,2.405850357,-21.60798097,273.9405436,274.8019549,0.01567388656,0.007099635979,0.003447311483,0.0175487751,,,,
793,6.588,1.586,baseline — trained fixed gait,0.5,0,0,0,0,0,FR,0,0,0,0,0,0,2.080996554,-0.4875478871,0.4418480825,2.182539651,,,,
793,6.588,1.586,baseline — trained fixed gait,0.5,0,0,0,0,0,RL,0,0,0,0,0,0,1.36015929,0.4333329601,0.3783390904,1.476804393,,,,
793,6.588,1.586,baseline — trained fixed gait,0.5,0,0,0,0,0,RR,1,0,48.52072598,19.07043012,268.9959607,274.0014033,0.006020820243,-0.005244498412,-0.004951218159,0.009395190326,,,,
794,6.59,1.588,baseline — trained fixed gait,0.5,0,0,0,0,0,FL,1,0,2.554816568,-21.52850664,274.0679266,274.9240478,0.01591805584,0.00694638312,0.002756901253,0.01758514273,,,,
794,6.59,1.588,baseline — trained fixed gait,0.5,0,0,0,0,0,FR,0,0,0,0,0,0,2.065766537,-0.4708174912,0.420264672,2.160019188,,,,
794,6.59,1.588,baseline — trained fixed gait,0.5,0,0,0,0,0,RL,0,0,0,0,0,0,1.343873922,0.4282251834,0.3601197284,1.455699195,,,,
794,6.59,1.588,baseline — trained fixed gait,0.5,0,0,0,0,0,RR,1,0,46.0392449,17.99955639,268.0192695,272.5397676,0.005823901818,-0.005251887322,-0.005206423729,0.009413129176,,,,
795,6.592,1.59,baseline — trained fixed gait,0.5,0,0,0,0,0,FL,1,0,-3.685085541,-20.39564868,265.7534545,266.5604263,0.01615065443,0.006826435456,0.002014091328,0.01764937459,,,,
795,6.592,1.59,baseline — trained fixed gait,0.5,0,0,0,0,0,FR,0,0,0,0,0,0,2.047969528,-0.4535842085,0.3986260309,2.135139465,,,,
795,6.592,1.59,baseline — trained fixed gait,0.5,0,0,0,0,0,RL,0,0,0,0,0,0,1.325393636,0.4231122646,0.3401884348,1.432278063,,,,
795,6.592,1.59,baseline — trained fixed gait,0.5,0,0,0,0,0,RR,1,0,44.58039222,17.19376608,266.47169,270.7216256,0.005953925012,-0.005308989955,-0.003341550995,0.008648731725,,,,
796,6.594,1.592,baseline — trained fixed gait,0.5,0,0,0,0,0,FL,1,0,-3.589269366,-20.4101337,266.0437843,266.8496797,0.01710396356,0.006603719702,0.001860266512,0.01842865364,,,,
796,6.594,1.592,baseline — trained fixed gait,0.5,0,0,0,0,0,FR,0,0,0,0,0,0,2.034728991,-0.4363681535,0.3842178485,2.116166956,,,,
796,6.594,1.592,baseline — trained fixed gait,0.5,0,0,0,0,0,RL,0,0,0,0,0,0,1.333330214,0.4105353008,0.3422117865,1.436460093,,,,
796,6.594,1.592,baseline — trained fixed gait,0.5,0,0,0,0,0,RR,1,0,44.71514699,17.21660758,266.557886,270.830136,0.006186686968,-0.005225483059,-0.002125285214,0.008372431312,,,,
797,6.596,1.594,baseline — trained fixed gait,0.5,0,0,0,0,0,FL,1,0,-3.477543019,-20.43981545,266.3045266,267.1104271,0.01772945253,0.006467359931,0.001458881238,0.01892851199,,,,
797,6.596,1.594,baseline — trained fixed gait,0.5,0,0,0,0,0,FR,0,0,0,0,0,0,2.018110559,-0.4189070879,0.3683165493,2.093778989,,,,
797,6.596,1.594,baseline — trained fixed gait,0.5,0,0,0,0,0,RL,0,0,0,0,0,0,1.334416528,0.3991513501,0.3370686419,1.433040313,,,,
797,6.596,1.594,baseline — trained fixed gait,0.5,0,0,0,0,0,RR,1,0,44.82715827,17.25883195,266.7313178,271.0220236,0.006242783485,-0.005181516722,-0.001469439559,0.008244981128,,,,
798,6.598,1.596,baseline — trained fixed gait,0.5,0,0,0,0,0,FL,1,0,-3.365124805,-20.46374095,266.455455,267.2612921,0.01815660546,0.006381440455,0.0009237313596,0.01926754742,,,,
798,6.598,1.596,baseline — trained fixed gait,0.5,0,0,0,0,0,FR,0,0,0,0,0,0,1.998795879,-0.4011728497,0.3516382728,2.068761489,,,,
798,6.598,1.596,baseline — trained fixed gait,0.5,0,0,0,0,0,RL,0,0,0,0,0,0,1.330285867,0.3885419025,0.3267500453,1.423864772,,,,
798,6.598,1.596,baseline — trained fixed gait,0.5,0,0,0,0,0,RR,1,0,44.9189039,17.31371582,266.9869821,271.2923171,0.006196072437,-0.005165601082,-0.001185551636,0.008153544068,,,,
799,6.6,1.598,baseline — trained fixed gait,0.5,0,0,0,0,0,FL,1,0,-3.243056155,-20.51436159,266.6776601,267.4851975,0.01846714921,0.00632370439,0.0003409807008,0.01952283548,,,,
799,6.6,1.598,baseline — trained fixed gait,0.5,0,0,0,0,0,FR,0,0,0,0,0,0,1.977315224,-0.383179691,0.3347065376,2.041722468,,,,
799,6.6,1.598,baseline — trained fixed gait,0.5,0,0,0,0,0,RL,0,0,0,0,0,0,1.322220052,0.3783980904,0.3128007479,1.410423798,,,,
799,6.6,1.598,baseline — trained fixed gait,0.5,0,0,0,0,0,RR,1,0,44.99346657,17.38269807,267.3202455,271.6370444,0.006092045723,-0.005169051303,-0.001140679665,0.00807051811,,,,
800,6.602,1.6,baseline — trained fixed gait,0.5,0,0,0,0,0,FL,1,0,-10.97958053,-21.64025567,268.8146818,269.9077342,0.01870809271,0.006285023202,-0.0002478554563,0.01973716499,,,,
800,6.602,1.6,baseline — trained fixed gait,0.5,0,0,0,0,0,FR,0,0,0,0,0,0,1.954083759,-0.3649490549,0.3178955898,2.013129096,,,,
800,6.602,1.6,baseline — trained fixed gait,0.5,0,0,0,0,0,RL,0,0,0,0,0,0,1.311220887,0.3684942615,0.2964108258,1.393896558,,,,
800,6.602,1.6,baseline — trained fixed gait,0.5,0,0,0,0,0,RR,1,0,42.15187206,16.98363522,267.7061607,271.5360246,0.005957067966,-0.005186339826,-0.001243592883,0.007995705273,,,,
801,6.604,1.602,baseline — trained fixed gait,0.5,0,0,0,0,0,FL,1,0,-10.98083154,-21.7556317,269.2402822,270.340925,0.01992411317,0.006410929685,-0.0009318737151,0.02095086379,,,,
801,6.604,1.602,baseline — trained fixed gait,0.5,0,0,0,0,0,FR,0,0,0,0,0,0,1.929055055,-0.3481176766,0.2998259757,1.983011583,,,,
801,6.604,1.602,baseline — trained fixed gait,0.5,0,0,0,0,0,RL,0,0,0,0,0,0,1.321076761,0.3535276709,0.2991809983,1.399905315,,,,
801,6.604,1.602,baseline — trained fixed gait,0.5,0,0,0,0,0,RR,1,0,42.19509336,16.95747556,268.0337015,271.8640231,0.006228663086,-0.0051443697,-0.00143587545,0.008205030271,,,,
802,6.606,1.604,baseline — trained fixed gait,0.5,0,0,0,0,0,FL,1,0,-10.92704576,-21.87133762,269.6060588,270.7123615,0.02069013755,0.006490875127,-0.001520798979,0.02173766504,,,,
802,6.606,1.604,baseline — trained fixed gait,0.5,0,0,0,0,0,FR,0,0,0,0,0,0,1.902965203,-0.3309425793,0.2826783163,1.952103118,,,,
802,6.606,1.604,baseline — trained fixed gait,0.5,0,0,0,0,0,RL,0,0,0,0,0,0,1.324450112,0.3399249754,0.2951647689,1.398870734,,,,
802,6.606,1.604,baseline — trained fixed gait,0.5,0,0,0,0,0,RR,1,0,42.25238463,16.9567895,268.3951902,272.2292689,0.006331129711,-0.005122063487,-0.001660301167,0.008311157425,,,,
803,6.608,1.606,baseline — trained fixed gait,0.5,0,0,0,0,0,FL,1,0,-10.83876172,-21.98829696,269.9319602,271.0428511,0.02118024075,0.006541081279,-0.002023191255,0.02225941701,,,,
803,6.608,1.606,baseline — trained fixed gait,0.5,0,0,0,0,0,FR,0,0,0,0,0,0,1.875960807,-0.3134955329,0.2664541819,1.920548419,,,,
803,6.608,1.606,baseline — trained fixed gait,0.5,0,0,0,0,0,RL,0,0,0,0,0,0,1.322822703,0.3272749719,0.2862343924,1.392443513,,,,
803,6.608,1.606,baseline — trained fixed gait,0.5,0,0,0,0,0,RR,1,0,42.31700363,16.97611953,268.796202,272.6358664,0.00633316923,-0.005115165507,-0.001894480627,0.008358409388,,,,
804,6.61,1.608,baseline — trained fixed gait,0.5,0,0,0,0,0,FL,1,0,-10.72897395,-22.10769553,270.2290317,271.3440448,0.02150468105,0.006573066119,-0.002444877044,0.02261932645,,,,
804,6.61,1.608,baseline — trained fixed gait,0.5,0,0,0,0,0,FR,0,0,0,0,0,0,1.848161573,-0.2958510677,0.2511247835,1.888463055,,,,
804,6.61,1.608,baseline — trained fixed gait,0.5,0,0,0,0,0,RL,0,0,0,0,0,0,1.3173614,0.3152696359,0.2738450345,1.381964944,,,,
804,6.61,1.608,baseline — trained fixed gait,0.5,0,0,0,0,0,RR,1,0,42.38505987,17.01118129,269.2385921,273.0847727,0.006278293722,-0.00511999692,-0.002122546598,0.008374756389,,,,
805,6.612,1.61,baseline — trained fixed gait,0.5,0,0,0,0,0,FL,1,0,-17.8865083,-23.9672458,276.4040595,278.017194,0.02172904823,0.006593736883,-0.002795151627,0.02287884996,,,,
805,6.612,1.61,baseline — trained fixed gait,0.5,0,0,0,0,0,FR,0,0,0,0,0,0,1.819667251,-0.2780838191,0.2366406277,1.855941352,,,,
805,6.612,1.61,baseline — trained fixed gait,0.5,0,0,0,0,0,RL,0,0,0,0,0,0,1.308981282,0.3036820977,0.2591197555,1.36850205,,,,
805,6.612,1.61,baseline — trained fixed gait,0.5,0,0,0,0,0,RR,1,0,40.94227543,16.78517506,270.0949033,273.6955769,0.006192320563,-0.005133583369,-0.002335898541,0.008375854234,,,,
806,6.614,1.612,baseline — trained fixed gait,0.5,0,0,0,0,0,FL,1,0,-17.89636648,-24.13890589,276.8615543,278.4874987,0.02288201395,0.006849220502,-0.003487417769,0.02413836089,,,,
806,6.614,1.612,baseline — trained fixed gait,0.5,0,0,0,0,0,FR,0,0,0,0,0,0,1.788095131,-0.2612283957,0.2193399349,1.820339111,,,,
806,6.614,1.612,baseline — trained fixed gait,0.5,0,0,0,0,0,RL,0,0,0,0,0,0,1.317025021,0.288800212,0.2610387393,1.373354176,,,,
806,6.614,1.612,baseline — trained fixed gait,0.5,0,0,0,0,0,RR,1,0,41.00947564,16.75539908,270.5260288,274.1292629,0.006311987844,-0.005116426083,-0.002558542912,0.008518517961,,,,
807,6.616,1.614,baseline — trained fixed gait,0.5,0,0,0,0,0,FL,1,0,-17.83860242,-24.30368506,277.2468178,278.8811267,0.0235919145,0.007006649828,-0.003942269812,0.02492414618,,,,
807,6.616,1.614,baseline — trained fixed gait,0.5,0,0,0,0,0,FR,0,0,0,0,0,0,1.756541824,-0.2441830212,0.2037598977,1.785100172,,,,
807,6.616,1.614,baseline — trained fixed gait,0.5,0,0,0,0,0,RL,0,0,0,0,0,0,1.319355689,0.2752146085,0.2569893772,1.372037192,,,,
807,6.616,1.614,baseline — trained fixed gait,0.5,0,0,0,0,0,RR,1,0,41.09004317,16.74781287,270.9775232,274.5864144,0.006338513102,-0.005109190914,-0.002741889366,0.008590607512,,,,
808,6.618,1.616,baseline — trained fixed gait,0.5,0,0,0,0,0,FL,1,0,-17.73700503,-24.46435869,277.5832081,279.2231072,0.02402923639,0.007103453358,-0.004232215932,0.0254121015,,,,
808,6.618,1.616,baseline — trained fixed gait,0.5,0,0,0,0,0,FR,0,0,0,0,0,0,1.724937779,-0.2270420402,0.189594778,1.750115599,,,,
808,6.618,1.616,baseline — trained fixed gait,0.5,0,0,0,0,0,RL,0,0,0,0,0,0,1.317246896,0.2625568618,0.2486299261,1.365976695,,,,
808,6.618,1.616,baseline — trained fixed gait,0.5,0,0,0,0,0,RR,1,0,41.17897508,16.75791584,271.4533779,275.0699404,0.006310576743,-0.005110951805,-0.00289366357,0.008620817596,,,,
809,6.62,1.618,baseline — trained fixed gait,0.5,0,0,0,0,0,FL,1,0,-17.60720888,-24.62307374,277.8852889,279.5291458,0.02430194491,0.007163778096,-0.004407805,0.02571639532,,,,
809,6.62,1.618,baseline — trained fixed gait,0.5,0,0,0,0,0,FR,0,0,0,0,0,0,1.693237421,-0.2098903194,0.1765850943,1.715310236,,,,
809,6.62,1.618,baseline — trained fixed gait,0.5,0,0,0,0,0,RL,0,0,0,0,0,0,1.311703403,0.2505499223,0.2372496066,1.356329037,,,,
809,6.62,1.618,baseline — trained fixed gait,0.5,0,0,0,0,0,RR,1,0,41.27322894,16.78208639,271.9552481,275.5807954,0.006252333781,-0.005120280952,-0.003019630956,0.008627115732,,,,
810,6.622,1.62,baseline — trained fixed gait,0.5,0,0,0,0,0,FL,1,0,-24.93835286,-27.00525367,286.755103,289.1015293,0.02447523069,0.007202278745,-0.004507151129,0.02590799389,,,,
810,6.622,1.62,baseline — trained fixed gait,0.5,0,0,0,0,0,FR,0,0,0,0,0,0,1.661414913,-0.1928038757,0.1645117114,1.680635877,,,,
810,6.622,1.62,baseline — trained fixed gait,0.5,0,0,0,0,0,RL,0,0,0,0,0,0,1.303514795,0.238988728,0.2238432604,1.344013482,,,,
810,6.622,1.62,baseline — trained fixed gait,0.5,0,0,0,0,0,RR,1,0,40.44522637,16.32069531,271.3864853,274.8687066,0.006178168778,-0.005135691506,-0.003125020482,0.008620374105,,,,
811,6.624,1.622,baseline — trained fixed gait,0.5,0,0,0,0,0,FL,1,0,-24.93919587,-27.19886251,287.2024431,289.5634386,0.02562540379,0.00753627758,-0.005148681591,0.02720231096,,,,
811,6.624,1.622,baseline — trained fixed gait,0.5,0,0,0,0,0,FR,0,0,0,0,0,0,1.623168144,-0.17611238,0.1437352337,1.639008911,,,,
811,6.624,1.622,baseline — trained fixed gait,0.5,0,0,0,0,0,RL,0,0,0,0,0,0,1.305431961,0.2275982268,0.2199052182,1.343246761,,,,
811,6.624,1.622,baseline — trained fixed gait,0.5,0,0,0,0,0,RR,1,0,40.54904561,16.3250635,271.8806165,275.3721163,0.006221226842,-0.005096014236,-0.003137126142,0.008632183093,,,,
812,6.626,1.624,baseline — trained fixed gait,0.5,0,0,0,0,0,FL,1,0,-24.86428815,-27.38245425,287.5675062,289.9363762,0.02631782354,0.007737103883,-0.005485039455,0.0279745647,,,,
812,6.626,1.624,baseline — trained fixed gait,0.5,0,0,0,0,0,FR,0,0,0,0,0,0,1.586335544,-0.1592958609,0.1263165215,1.599309693,,,,
812,6.626,1.624,baseline — trained fixed gait,0.5,0,0,0,0,0,RL,0,0,0,0,0,0,1.303553649,0.2168690072,0.212508519,1.338448412,,,,
812,6.626,1.624,baseline — trained fixed gait,0.5,0,0,0,0,0,RR,1,0,40.65936639,16.34342438,272.3936501,275.8959807,0.006209706786,-0.005084525697,-0.003169920264,0.008629093487,,,,
813,6.628,1.626,baseline — trained fixed gait,0.5,0,0,0,0,0,FL,1,0,-24.74026607,-27.59504832,287.8803888,290.2562415,0.02672863864,0.007856968432,-0.005624737442,0.02842164225,,,,
813,6.628,1.626,baseline — trained fixed gait,0.5,0,0,0,0,0,FR,0,0,0,0,0,0,1.550587185,-0.1424885092,0.1115172274,1.561108479,,,,
813,6.628,1.626,baseline — trained fixed gait,0.5,0,0,0,0,0,RL,0,0,0,0,0,0,1.298688414,0.2065909989,0.2026997347,1.33054824,,,,
813,6.628,1.626,baseline — trained fixed gait,0.5,0,0,0,0,0,RR,1,0,40.77372306,16.36973337,272.9261276,276.4401125,0.006167082299,-0.00509127543,-0.003215291007,0.008619285692,,,,
814,6.63,1.628,baseline — trained fixed gait,0.5,0,0,0,0,0,FL,1,0,-24.58429623,-27.76844738,288.1524231,290.5293328,0.02696968922,0.007933705635,-0.00564195947,0.02867297557,,,,
814,6.63,1.628,baseline — trained fixed gait,0.5,0,0,0,0,0,FR,0,0,0,0,0,0,1.515672593,-0.1257927763,0.09873934739,1.524085526,,,,
814,6.63,1.628,baseline — trained fixed gait,0.5,0,0,0,0,0,RL,0,0,0,0,0,0,1.291473176,0.1966179744,0.1912852391,1.320284679,,,,
814,6.63,1.628,baseline — trained fixed gait,0.5,0,0,0,0,0,RR,1,0,40.89150183,16.40728211,273.4780233,277.0045903,0.006108214885,-0.005109389612,-0.003267303264,0.008607637417,,,,
815,6.632,1.63,baseline — trained fixed gait,0.5,0,0,0,0,0,FL,1,0,-31.77637105,-30.80666541,300.0581312,303.3045837,0.0271089776,0.00798045276,-0.005588550735,0.02880653037,,,,
815,6.632,1.63,baseline — trained fixed gait,0.5,0,0,0,0,0,FR,0,0,0,0,0,0,1.481401964,-0.1093080227,0.0875000538,1.488004127,,,,
815,6.632,1.63,baseline — trained fixed gait,0.5,0,0,0,0,0,RL,0,0,0,0,0,0,1.282411089,0.186830216,0.1788806593,1.308236226,,,,
815,6.632,1.63,baseline — trained fixed gait,0.5,0,0,0,0,0,RR,1,0,39.99640655,16.42469287,275.5392888,278.911066,0.006041456602,-0.005135217945,-0.003322146222,0.008596878313,,,,
816,6.634,1.632,baseline — trained fixed gait,0.5,0,0,0,0,0,FL,1,0,-31.75825888,-31.01651866,300.4641927,303.7257686,0.02822194184,0.00839910953,-0.006299699296,0.03011161326,,,,
816,6.634,1.632,baseline — trained fixed gait,0.5,0,0,0,0,0,FR,0,0,0,0,0,0,1.438519972,-0.09336545048,0.06198342607,1.442878637,,,,
816,6.634,1.632,baseline — trained fixed gait,0.5,0,0,0,0,0,RL,0,0,0,0,0,0,1.281769041,0.1768232117,0.1743944638,1.305607809,,,,
816,6.634,1.632,baseline — trained fixed gait,0.5,0,0,0,0,0,RR,1,0,40.11031477,16.43971597,276.0582251,279.4409513,0.006126950841,-0.005166978924,-0.003482045382,0.008738526069,,,,
817,6.636,1.634,baseline — trained fixed gait,0.5,0,0,0,0,0,FL,1,0,-33.65548622,-31.67728441,299.85756,303.3985801,0.02888036134,0.008646104598,-0.006623223682,0.03086579803,,,,
817,6.636,1.634,baseline — trained fixed gait,0.5,0,0,0,0,0,FR,0,0,0,0,0,0,1.398431866,-0.07725853946,0.04191388397,1.4011914,,,,
817,6.636,1.634,baseline — trained fixed gait,0.5,0,0,0,0,0,RL,0,0,0,0,0,0,1.278305037,0.1672123954,0.1676680419,1.300052432,,,,
817,6.636,1.634,baseline — trained fixed gait,0.5,0,0,0,0,0,RR,1,0,40.23324733,16.41949875,276.5724522,279.9654183,0.00615207596,-0.005199161786,-0.003586778259,0.008817272831,,,,
818,6.638,1.636,baseline — trained fixed gait,0.5,0,0,0,0,0,FL,1,0,-33.42869558,-31.91936329,300.0459891,303.58511,0.02938764129,0.008988854945,-0.005505146336,0.03122082014,,,,
818,6.638,1.636,baseline — trained fixed gait,0.5,0,0,0,0,0,FR,0,0,0,0,0,0,1.360526294,-0.06133739692,0.02601872739,1.362156763,,,,
818,6.638,1.636,baseline — trained fixed gait,0.5,0,0,0,0,0,RL,0,0,0,0,0,0,1.272578929,0.1578936386,0.1594125612,1.292207374,,,,
818,6.638,1.636,baseline — trained fixed gait,0.5,0,0,0,0,0,RR,1,0,40.37319329,16.4535885,277.0846518,280.4935286,0.006143837658,-0.00522727424,-0.003654296603,0.008855790242,,,,
819,6.64,1.638,baseline — trained fixed gait,0.5,0,0,0,0,0,FL,1,0,-33.18437316,-32.13779389,300.2158546,303.7492383,0.02965754158,0.009191487984,-0.004649093893,0.03139533879,,,,
819,6.64,1.638,baseline — trained fixed gait,0.5,0,0,0,0,0,FR,0,0,0,0,0,0,1.324346326,-0.04565637634,0.01328974125,1.325199726,,,,
819,6.64,1.638,baseline — trained fixed gait,0.5,0,0,0,0,0,RL,0,0,0,0,0,0,1.265018196,0.1487264238,0.1501775443,1.282553656,,,,
819,6.64,1.638,baseline — trained fixed gait,0.5,0,0,0,0,0,RR,1,0,40.51990156,16.48574103,277.6013549,281.0269637,0.006114103107,-0.005259825924,-0.003697473794,0.008872391899,,,,
820,6.642,1.64,baseline — trained fixed gait,0.5,0,0,0,0,0,FL,1,0,-39.66821857,-34.84517079,310.5161315,314.9730487,0.02979056665,0.009312675743,-0.004005413988,0.03146819238,,,,
820,6.642,1.64,baseline — trained fixed gait,0.5,0,0,0,0,0,FR,0,0,0,0,0,0,1.28953415,-0.03023692684,0.002933426706,1.289891934,,,,
820,6.642,1.64,baseline — trained fixed gait,0.5,0,0,0,0,0,RL,0,0,0,0,0,0,1.255968549,0.1396678773,0.140374208,1.271483004,,,,
820,6.642,1.64,baseline — trained fixed gait,0.5,0,0,0,0,0,RR,1,0,40.06990499,16.61338589,280.5442351,283.8779134,0.006073355989,-0.005294221535,-0.003725457074,0.008876568314,,,,
821,6.644,1.642,baseline — trained fixed gait,0.5,0,0,0,0,0,FL,1,0,-39.55875529,-35.07916579,310.8251116,315.2898555,0.03077675152,0.009726400066,-0.004215063647,0.03255116056,,,,
821,6.644,1.642,baseline — trained fixed gait,0.5,0,0,0,0,0,FR,0,0,0,0,0,0,1.241605442,-0.0167024168,-0.03212494951,1.242133269,,,,
821,6.644,1.642,baseline — trained fixed gait,0.5,0,0,0,0,0,RL,0,0,0,0,0,0,1.250744969,0.1316623441,0.1318058741,1.264543688,,,,
821,6.644,1.642,baseline — trained fixed gait,0.5,0,0,0,0,0,RR,1,0,40.22239767,16.64045096,280.9873306,284.3389277,0.006134752949,-0.005346525527,-0.003913938067,0.009029919166,,,,
822,6.646,1.644,baseline — trained fixed gait,0.5,0,0,0,0,0,FL,1,0,-39.38610665,-35.29248533,311.0686526,315.5321403,0.03134479139,0.009973467919,-0.004232615039,0.03316445446,,,,
822,6.646,1.644,baseline — trained fixed gait,0.5,0,0,0,0,0,FR,0,0,0,0,0,0,1.19846865,-0.002683624071,-0.0579300571,1.199870909,,,,
822,6.646,1.644,baseline — trained fixed gait,0.5,0,0,0,0,0,RL,0,0,0,0,0,0,1.244266234,0.1235354548,0.123288726,1.256447205,,,,
822,6.646,1.644,baseline — trained fixed gait,0.5,0,0,0,0,0,RR,1,0,40.38868044,16.66361623,281.4196625,284.7910604,0.006153897,-0.005392663381,-0.004012451378,0.009113233932,,,,
823,6.648,1.646,baseline — trained fixed gait,0.5,0,0,0,0,0,FL,1,0,-39.17350763,-35.49156345,311.2709841,315.7274779,0.03165803264,0.01012030762,-0.004141601677,0.0334933504,,,,
823,6.648,1.646,baseline — trained fixed gait,0.5,0,0,0,0,0,FR,0,0,0,0,0,0,1.159108405,0.01152737336,-0.07664267271,1.161696722,,,,
823,6.648,1.646,baseline — trained fixed gait,0.5,0,0,0,0,0,RL,0,0,0,0,0,0,1.236693852,0.1153097419,0.1149489041,1.247365733,,,,
823,6.648,1.646,baseline — trained fixed gait,0.5,0,0,0,0,0,RR,1,0,40.56499475,16.68313166,281.8435588,285.236108,0.006148335713,-0.005434300439,-0.004054031654,0.009152531122,,,,
824,6.65,1.648,baseline — trained fixed gait,0.5,0,0,0,0,0,FL,1,0,-38.93620887,-35.68099131,311.4471595,315.8931697,0.03182012568,0.01020827399,-0.003994289822,0.03365536521,,,,
824,6.65,1.648,baseline — trained fixed gait,0.5,0,0,0,0,0,FR,0,0,0,0,0,0,1.122723999,0.02570616101,-0.08999893814,1.126618743,,,,
824,6.65,1.648,baseline — trained fixed gait,0.5,0,0,0,0,0,RL,0,0,0,0,0,0,1.228159117,0.1070103399,0.1068711907,1.237435849,,,,
824,6.65,1.648,baseline — trained fixed gait,0.5,0,0,0,0,0,RR,1,0,40.74883652,16.69919625,282.2601232,285.6748291,0.006128964231,-0.00547241327,-0.004061404843,0.009165507014,,,,
825,6.652,1.65,baseline — trained fixed gait,0.5,0,0,0,0,0,FL,1,0,-46.75417457,-37.12057905,321.8625739,327.3521142,0.03189300326,0.01026190979,-0.003825163125,0.03372094783,,,,
825,6.652,1.65,baseline — trained fixed gait,0.5,0,0,0,0,0,FR,0,0,0,0,0,0,1.088687466,0.03968209439,-0.09938301215,1.093934208,,,,
825,6.652,1.65,baseline — trained fixed gait,0.5,0,0,0,0,0,RL,0,0,0,0,0,0,1.218769797,0.09866350149,0.09910874718,1.226766828,,,,
825,6.652,1.65,baseline — trained fixed gait,0.5,0,0,0,0,0,RR,1,0,40.65316694,16.84576904,285.5874396,288.9578612,0.006102224596,-0.005507594399,-0.004050155096,0.009163760003,,,,
826,6.654,1.652,baseline — trained fixed gait,0.5,0,0,0,0,0,FL,1,0,-46.52230087,-37.37487765,322.0203703,327.5031677,0.03301246649,0.01065267047,-0.002645355293,0.03478936959,,,,
826,6.654,1.652,baseline — trained fixed gait,0.5,0,0,0,0,0,FR,0,0,0,0,0,0,1.041998121,0.05272814882,-0.1354081944,1.052081613,,,,
826,6.654,1.652,baseline — trained fixed gait,0.5,0,0,0,0,0,RL,0,0,0,0,0,0,1.206947389,0.09221642813,0.08398489196,1.213375182,,,,
826,6.654,1.652,baseline — trained fixed gait,0.5,0,0,0,0,0,RR,1,0,40.84637228,16.88613673,285.9003408,289.2966862,0.006140602231,-0.005562591421,-0.004233986311,0.009304625686,,,,
827,6.656,1.654,baseline — trained fixed gait,0.5,0,0,0,0,0,FL,1,0,-46.25049228,-37.60344289,322.1442562,327.6126505,0.03363920553,0.01088573182,-0.00173875186,0.03539941474,,,,
827,6.656,1.654,baseline — trained fixed gait,0.5,0,0,0,0,0,FR,0,0,0,0,0,0,1.000957424,0.06629242756,-0.1603913307,1.015891643,,,,
827,6.656,1.654,baseline — trained fixed gait,0.5,0,0,0,0,0,RL,0,0,0,0,0,0,1.195894587,0.08502857443,0.07200352232,1.201073782,,,,
827,6.656,1.654,baseline — trained fixed gait,0.5,0,0,0,0,0,RR,1,0,41.05167312,16.91104803,286.1955385,289.6189042,0.006152088861,-0.005611289732,-0.00431420912,0.009378015256,,,,
828,6.658,1.656,baseline — trained fixed gait,0.5,0,0,0,0,0,FL,1,0,-45.95781063,-37.80985423,322.255,327.7041203,0.03397086005,0.01102474593,-0.001052585642,0.03573055124,,,,
828,6.658,1.656,baseline — trained fixed gait,0.5,0,0,0,0,0,FR,0,0,0,0,0,0,0.9643654037,0.08004982771,-0.1769897257,0.983734705,,,,
828,6.658,1.656,baseline — trained fixed gait,0.5,0,0,0,0,0,RL,0,0,0,0,0,0,1.185297433,0.07737689772,0.0625180397,1.189464457,,,,
828,6.658,1.656,baseline — trained fixed gait,0.5,0,0,0,0,0,RR,1,0,41.26577195,16.9239542,286.4748901,289.9261058,0.006147785333,-0.005653778366,-0.004330717622,0.009408272394,,,,
829,6.66,1.658,baseline — trained fixed gait,0.5,0,0,0,0,0,FL,1,0,-45.6554355,-38.00158094,322.3613501,327.7886193,0.03413424719,0.0111093211,-0.0005336735896,0.03590053836,,,,
829,6.66,1.658,baseline — trained fixed gait,0.5,0,0,0,0,0,FR,0,0,0,0,0,0,0.931270267,0.0937374441,-0.1873308485,0.9545385615,,,,
829,6.66,1.658,baseline — trained fixed gait,0.5,0,0,0,0,0,RL,0,0,0,0,0,0,1.174818043,0.0694020549,0.0548685562,1.178144575,,,,
829,6.66,1.658,baseline — trained fixed gait,0.5,0,0,0,0,0,RR,1,0,41.48644885,16.92721021,286.7394123,290.2191352,0.006134455888,-0.005690634703,-0.004310825747,0.009412655895,,,,
830,6.662,1.66,baseline — trained fixed gait,0.5,0,0,0,0,0,FL,1,0,-50.13981107,-40.40156345,332.0921328,338.2772112,0.03420207386,0.01116231515,-0.0001418813291,0.03597776072,,,,
830,6.662,1.66,baseline — trained fixed gait,0.5,0,0,0,0,0,FR,0,0,0,0,0,0,0.9009218483,0.1071624649,-0.1931032915,0.9275951982,,,,
830,6.662,1.66,baseline — trained fixed gait,0.5,0,0,0,0,0,RL,0,0,0,0,0,0,1.164306104,0.06120195341,0.04869345416,1.166929919,,,,
830,6.662,1.66,baseline — trained fixed gait,0.5,0,0,0,0,0,RR,1,0,41.78691293,17.1835996,290.87006,294.3583089,0.006116073653,-0.005722530272,-0.004272828591,0.009402700347,,,,
831,6.664,1.662,baseline — trained fixed gait,0.5,0,0,0,0,0,FL,1,0,-49.93132682,-40.59789001,332.2651149,338.4397031,0.03488007058,0.01149092023,-0.0004876179979,0.03672735142,,,,
831,6.664,1.662,baseline — trained fixed gait,0.5,0,0,0,0,0,FR,0,0,0,0,0,0,0.855036361,0.1195465487,-0.2328337874,0.8941980365,,,,
831,6.664,1.662,baseline — trained fixed gait,0.5,0,0,0,0,0,RL,0,0,0,0,0,0,1.145758679,0.05619612882,0.02610093315,1.14743288,,,,
831,6.664,1.662,baseline — trained fixed gait,0.5,0,0,0,0,0,RR,1,0,42.01761923,17.22817291,291.0024354,294.5245451,0.006125946811,-0.005789392739,-0.004498483071,0.009554090357,,,,
832,6.666,1.664,baseline — trained fixed gait,0.5,0,0,0,0,0,FL,1,0,-49.67585642,-40.77889867,332.388818,338.5453229,0.03526182841,0.01168423555,-0.000610341625,0.03715225996,,,,
832,6.666,1.664,baseline — trained fixed gait,0.5,0,0,0,0,0,FR,0,0,0,0,0,0,0.8159679388,0.1325607388,-0.2589101188,0.86626236,,,,
832,6.666,1.664,baseline — trained fixed gait,0.5,0,0,0,0,0,RL,0,0,0,0,0,0,1.130225929,0.0497626391,0.01029278299,1.131367718,,,,
832,6.666,1.664,baseline — trained fixed gait,0.5,0,0,0,0,0,RR,1,0,42.25899599,17.2476065,291.1107954,294.6672664,0.006126369627,-0.00584325165,-0.004591537414,0.009631106399,,,,
833,6.668,1.666,baseline — trained fixed gait,0.5,0,0,0,0,0,FL,1,0,-49.39079651,-40.94911602,332.481959,338.6156139,0.035462193,0.01179667777,-0.0006006958397,0.03737766144,,,,
833,6.668,1.666,baseline — trained fixed gait,0.5,0,0,0,0,0,FR,0,0,0,0,0,0,0.7822590429,0.1458100994,-0.2746686679,0.8418032267,,,,
833,6.668,1.666,baseline — trained fixed gait,0.5,0,0,0,0,0,RL,0,0,0,0,0,0,1.116858885,0.04232061476,-0.0003000570753,1.117660455,,,,
833,6.668,1.666,baseline — trained fixed gait,0.5,0,0,0,0,0,RR,1,0,42.50798043,17.24579358,291.1965657,294.7876959,0.00612124745,-0.005885493194,-0.00460324685,0.009659119113,,,,
834,6.67,1.668,baseline — trained fixed gait,0.5,0,0,0,0,0,FL,1,0,-49.09195917,-41.0765447,332.554451,338.658775,0.03555441194,0.01186177272,-0.0005161951149,0.03748445435,,,,
834,6.67,1.668,baseline — trained fixed gait,0.5,0,0,0,0,0,FR,0,0,0,0,0,0,0.7527495965,0.1589968715,-0.2827751114,0.819679037,,,,
834,6.67,1.668,baseline — trained fixed gait,0.5,0,0,0,0,0,RL,0,0,0,0,0,0,1.104989926,0.03420139884,-0.006934421067,1.105540844,,,,
834,6.67,1.668,baseline — trained fixed gait,0.5,0,0,0,0,0,RR,1,0,40.81385008,17.8093571,290.5533989,293.9459494,0.00611271657,-0.00591771684,-0.004568815913,0.00965705728,,,,
835,6.672,1.67,baseline — trained fixed gait,0.5,0,0,0,0,0,FL,1,0,-52.36577344,-42.98574961,340.4915984,347.1663542,0.03558323137,0.01189365325,-0.0003950685411,0.0375204134,,,,
835,6.672,1.67,baseline — trained fixed gait,0.5,0,0,0,0,0,FR,0,0,0,0,0,0,0.7265374739,0.1718633618,-0.2853446455,0.7992592088,,,,
835,6.672,1.67,baseline — trained fixed gait,0.5,0,0,0,0,0,RL,0,0,0,0,0,0,1.094088471,0.02579688667,-0.01062512629,1.094444131,,,,
835,6.672,1.67,baseline — trained fixed gait,0.5,0,0,0,0,0,RR,1,0,41.8056665,18.30470005,295.8338952,299.3333749,0.006250409627,-0.006119164521,-0.00321513355,0.00931927458,,,,
836,6.674,1.672,baseline — trained fixed gait,0.5,0,0,0,0,0,FL,1,0,-52.11060859,-43.16587425,340.5610995,347.2184769,0.03607403636,0.01214712848,-0.0007814904184,0.03807229382,,,,
836,6.674,1.672,baseline — trained fixed gait,0.5,0,0,0,0,0,FR,0,0,0,0,0,0,0.6795175278,0.1835991228,-0.3319175508,0.7782171734,,,,
836,6.674,1.672,baseline — trained fixed gait,0.5,0,0,0,0,0,RL,0,0,0,0,0,0,1.073214774,0.02084778555,-0.03627646995,1.074030057,,,,
836,6.674,1.672,baseline — trained fixed gait,0.5,0,0,0,0,0,RR,1,0,42.13219483,18.37194778,295.687915,299.2390238,0.006287720426,-0.006310361188,-0.002656888886,0.009295974668,,,,
837,6.676,1.674,baseline — trained fixed gait,0.5,0,0,0,0,0,FL,1,0,-51.81676849,-43.33182617,340.5898189,347.2233422,0.036342018,0.01229457073,-0.0009271014933,0.03837653266,,,,
837,6.676,1.674,baseline — trained fixed gait,0.5,0,0,0,0,0,FR,0,0,0,0,0,0,0.6409822233,0.1961670525,-0.3611290022,0.7614157073,,,,
837,6.676,1.674,baseline — trained fixed gait,0.5,0,0,0,0,0,RL,0,0,0,0,0,0,1.056804555,0.01405326137,-0.052610009,1.058206584,,,,
837,6.676,1.674,baseline — trained fixed gait,0.5,0,0,0,0,0,RR,1,0,42.45016065,18.39339356,295.5355945,299.1347868,0.006305166729,-0.006433782568,-0.002234407076,0.009281231631,,,,
838,6.678,1.676,baseline — trained fixed gait,0.5,0,0,0,0,0,FL,1,0,-51.49870511,-43.48721463,340.5938284,347.1993813,0.03647296864,0.01237860241,-0.0009296779476,0.03852754261,,,,
838,6.678,1.676,baseline — trained fixed gait,0.5,0,0,0,0,0,FR,0,0,0,0,0,0,0.609110863,0.2090865472,-0.3772556863,0.7463612265,,,,
838,6.678,1.676,baseline — trained fixed gait,0.5,0,0,0,0,0,RL,0,0,0,0,0,0,1.043642146,0.005986033132,-0.06188794873,1.04549265,,,,
838,6.678,1.676,baseline — trained fixed gait,0.5,0,0,0,0,0,RR,1,0,42.761135,18.37883791,295.3728995,299.0174679,0.006312162929,-0.006511878859,-0.001917587207,0.0092695797,,,,
839,6.68,1.678,baseline — trained fixed gait,0.5,0,0,0,0,0,FL,1,0,-51.16591347,-43.63473231,340.5829436,347.1580073,0.03652217729,0.01242554693,-0.0008512199817,0.0385874102,,,,
839,6.68,1.678,baseline — trained fixed gait,0.5,0,0,0,0,0,FR,0,0,0,0,0,0,0.5824477955,0.2219963734,-0.3837126044,0.7319584599,,,,
839,6.68,1.678,baseline — trained fixed gait,0.5,0,0,0,0,0,RL,0,0,0,0,0,0,1.032770349,-0.002905540662,-0.06591133211,1.034875519,,,,
839,6.68,1.678,baseline — trained fixed gait,0.5,0,0,0,0,0,RR,1,0,43.06663857,18.33571823,295.1965118,298.8844501,0.006313553186,-0.006559020046,-0.001682697102,0.009258140598,,,,
840,6.682,1.68,baseline — trained fixed gait,0.5,0,0,0,0,0,FL,1,0,-53.52055788,-44.89980185,346.3216509,353.2975067,0.03652263447,0.01245083062,-0.0007318854332,0.03859354438,,,,
840,6.682,1.68,baseline — trained fixed gait,0.5,0,0,0,0,0,FR,0,0,0,0,0,0,0.5598321452,0.2346292624,-0.3832018105,0.7178485558,,,,
840,6.682,1.68,baseline — trained fixed gait,0.5,0,0,0,0,0,RL,0,0,0,0,0,0,1.023440509,-0.01227316273,-0.06610386619,1.025646541,,,,
840,6.682,1.68,baseline — trained fixed gait,0.5,0,0,0,0,0,RR,1,0,43.97001013,18.23890136,297.3717083,301.1576866,0.00631196977,-0.006584542924,-0.001510855654,0.009245531499,,,,
841,6.684,1.682,baseline — trained fixed gait,0.5,0,0,0,0,0,FL,1,0,-53.21266372,-45.07099157,346.2672678,353.2194823,0.03687283058,0.01261760857,-0.0009773105653,0.03898416111,,,,
841,6.684,1.682,baseline — trained fixed gait,0.5,0,0,0,0,0,FR,0,0,0,0,0,0,0.5142108542,0.2449299954,-0.4337907848,0.7159454939,,,,
841,6.684,1.682,baseline — trained fixed gait,0.5,0,0,0,0,0,RL,0,0,0,0,0,0,0.9990074327,-0.01710403205,-0.09545392218,1.003703068,,,,
841,6.684,1.682,baseline — trained fixed gait,0.5,0,0,0,0,0,RR,1,0,44.28560782,18.24576379,297.0577267,300.8943601,0.00625509183,-0.006598450289,-0.001546972996,0.009222735248,,,,
842,6.686,1.684,baseline — trained fixed gait,0.5,0,0,0,0,0,FL,1,0,-52.87944001,-45.23017053,346.1900679,353.1140986,0.03705510376,0.01271413746,-0.001044140102,0.03918954242,,,,
842,6.686,1.684,baseline — trained fixed gait,0.5,0,0,0,0,0,FR,0,0,0,0,0,0,0.4785828158,0.2562791672,-0.4636539558,0.713929628,,,,
842,6.686,1.684,baseline — trained fixed gait,0.5,0,0,0,0,0,RL,0,0,0,0,0,0,0.980521868,-0.02413340832,-0.11289497,0.9872947024,,,,
842,6.686,1.684,baseline — trained fixed gait,0.5,0,0,0,0,0,RR,1,0,44.59769065,18.21299083,296.7287939,300.613779,0.006218970361,-0.00661173516,-0.001539031215,0.009206478765,,,,
843,6.688,1.686,baseline — trained fixed gait,0.5,0,0,0,0,0,FL,1,0,-52.53094946,-45.37951327,346.1011142,352.9940256,0.03713372648,0.01276806149,-0.001006606864,0.03928040598,,,,
843,6.688,1.686,baseline — trained fixed gait,0.5,0,0,0,0,0,FR,0,0,0,0,0,0,0.4507727411,0.268117942,-0.4779900281,0.7096180394,,,,
843,6.688,1.686,baseline — trained fixed gait,0.5,0,0,0,0,0,RL,0,0,0,0,0,0,0.9664165295,-0.03264933856,-0.1213919408,0.9745577926,,,,
843,6.688,1.686,baseline — trained fixed gait,0.5,0,0,0,0,0,RR,1,0,44.90679439,18.14713329,296.3818133,300.3133662,0.006196521219,-0.006618736993,-0.001506620762,0.009190998897,,,,
844,6.69,1.688,baseline — trained fixed gait,0.5,0,0,0,0,0,FL,1,0,-52.17359711,-45.52088875,346.0065101,352.8664629,0.03715022115,0.01279656806,-0.0009110349844,0.03930293972,,,,
844,6.69,1.688,baseline — trained fixed gait,0.5,0,0,0,0,0,FR,0,0,0,0,0,0,0.4290356447,0.2800272452,-0.4809405977,0.702702427,,,,
844,6.69,1.688,baseline — trained fixed gait,0.5,0,0,0,0,0,RL,0,0,0,0,0,0,0.9554551753,-0.04209784964,-0.1232978692,0.9642972495,,,,
844,6.69,1.688,baseline — trained fixed gait,0.5,0,0,0,0,0,RR,1,0,45.21347882,18.05397205,296.0147432,299.9915544,0.006182299177,-0.006617510831,-0.001463362755,0.009173532758,,,,
845,6.692,1.69,baseline — trained fixed gait,0.5,0,0,0,0,0,FL,1,0,-53.17891208,-46.01396174,348.6219379,355.6438344,0.03712917513,0.01280967748,-0.0007873182346,0.03928464526,,,,
845,6.692,1.69,baseline — trained fixed gait,0.5,0,0,0,0,0,FR,0,0,0,0,0,0,0.4119744493,0.2916977659,-0.4757733569,0.6936647754,,,,
845,6.692,1.69,baseline — trained fixed gait,0.5,0,0,0,0,0,RL,0,0,0,0,0,0,0.9466683843,-0.05205177934,-0.1204655411,0.955720861,,,,
845,6.692,1.69,baseline — trained fixed gait,0.5,0,0,0,0,0,RR,1,0,46.32784992,17.88296211,298.365554,302.4699553,0.006173242223,-0.006607894212,-0.0014174601,0.00915327147,,,,
846,6.694,1.692,baseline — trained fixed gait,0.5,0,0,0,0,0,FL,1,0,-52.81220812,-46.16982297,348.4462329,355.437138,0.03727662653,0.01286916718,-0.0008334274971,0.03944435258,,,,
846,6.694,1.692,baseline — trained fixed gait,0.5,0,0,0,0,0,FR,0,0,0,0,0,0,0.3688914871,0.3013836218,-0.5285275624,0.7115155662,,,,
846,6.694,1.692,baseline — trained fixed gait,0.5,0,0,0,0,0,RL,0,0,0,0,0,0,0.9162662743,-0.05666257966,-0.1580437132,0.9315215235,,,,
846,6.694,1.692,baseline — trained fixed gait,0.5,0,0,0,0,0,RR,1,0,46.65330891,17.87386974,297.8252154,301.9865318,0.006097473285,-0.006590057233,-0.001557216192,0.009112242153,,,,
847,6.696,1.694,baseline — trained fixed gait,0.5,0,0,0,0,0,FL,1,0,-52.43796396,-46.31637351,348.2722432,355.2302098,0.0373329583,0.01290025354,-0.000794020173,0.03950692072,,,,
847,6.696,1.694,baseline — trained fixed gait,0.5,0,0,0,0,0,FR,0,0,0,0,0,0,0.3371851869,0.3122395145,-0.5576689092,0.7226216001,,,,
847,6.696,1.694,baseline — trained fixed gait,0.5,0,0,0,0,0,RL,0,0,0,0,0,0,0.8939798798,-0.06406788728,-0.1798209326,0.9141336268,,,,
847,6.696,1.694,baseline — trained fixed gait,0.5,0,0,0,0,0,RR,1,0,46.97496132,17.81835228,297.2699699,301.4856143,0.006051551692,-0.006580817369,-0.001610218799,0.009084120194,,,,
848,6.698,1.696,baseline — trained fixed gait,0.5,0,0,0,0,0,FL,1,0,-52.060163,-46.45442174,348.1035815,355.0272909,0.03733319828,0.0129135771,-0.0007097843465,0.039509897,,,,
848,6.698,1.696,baseline — trained fixed gait,0.5,0,0,0,0,0,FR,0,0,0,0,0,0,0.3143366398,0.3236451976,-0.5692409963,0.7263532535,,,,
848,6.698,1.696,baseline — trained fixed gait,0.5,0,0,0,0,0,RL,0,0,0,0,0,0,0.8777487149,-0.07335237806,-0.1897637684,0.9010181272,,,,
848,6.698,1.696,baseline — trained fixed gait,0.5,0,0,0,0,0,RR,1,0,47.2928833,17.72393538,296.6964334,300.9643306,0.006025838152,-0.006569508119,-0.001609568952,0.009058690555,,,,
849,6.7,1.698,baseline — trained fixed gait,0.5,0,0,0,0,0,FL,1,0,-51.68110995,-46.58500045,347.9414276,354.8300106,0.03730025307,0.01291606179,-0.0006052240672,0.0394778397,,,,
849,6.7,1.698,baseline — trained fixed gait,0.5,0,0,0,0,0,FR,0,0,0,0,0,0,0.2983199528,0.3351375363,-0.5680437268,0.7238685226,,,,
849,6.7,1.698,baseline — trained fixed gait,0.5,0,0,0,0,0,RL,0,0,0,0,0,0,0.8659432496,-0.0838059679,-0.1910175708,0.8907125597,,,,
849,6.7,1.698,baseline — trained fixed gait,0.5,0,0,0,0,0,RR,1,0,47.60738727,17.59748486,296.1026028,300.4211814,0.006012145553,-0.006551733662,-0.001579410056,0.00903137001,,,,
850,6.702,1.7,baseline — trained fixed gait,0.5,0,0,0,0,0,FL,1,0,-52.30042962,-46.50111715,348.1713238,355.1351286,0.0372476412,0.01291179667,-0.0004955668326,0.03942520583,,,,
850,6.702,1.7,baseline — trained fixed gait,0.5,0,0,0,0,0,FR,0,0,0,0,0,0,0.2875086316,0.3463764198,-0.5578505198,0.716822879,,,,
850,6.702,1.7,baseline — trained fixed gait,0.5,0,0,0,0,0,RL,0,0,0,0,0,0,0.8572807197,-0.09488299394,-0.1860556142,0.8823546376,,,,
850,6.702,1.7,baseline — trained fixed gait,0.5,0,0,0,0,0,RR,1,0,47.46519588,17.07301378,296.8683336,301.1232972,0.006005431635,-0.006526202852,-0.001535395493,0.009000776194,,,,
851,6.704,1.702,baseline — trained fixed gait,0.5,0,0,0,0,0,FL,1,0,-51.89470225,-46.67084745,347.9160268,354.8475586,0.03731006629,0.01288820132,-0.0004162912153,0.03947556305,,,,
851,6.704,1.702,baseline — trained fixed gait,0.5,0,0,0,0,0,FR,0,0,0,0,0,0,0.2440916703,0.3539992693,-0.6179389628,0.7528245399,,,,
851,6.704,1.702,baseline — trained fixed gait,0.5,0,0,0,0,0,RL,0,0,0,0,0,0,0.8239629103,-0.1001380496,-0.2281645515,0.86081448,,,,
851,6.704,1.702,baseline — trained fixed gait,0.5,0,0,0,0,0,RR,1,0,47.79067717,17.02714514,296.0937505,300.408691,0.006093232035,-0.006451485182,-0.001580124753,0.009013652529,,,,
852,6.706,1.704,baseline — trained fixed gait,0.5,0,0,0,0,0,FL,1,0,-51.49297041,-46.83102182,347.6844365,354.583048,0.03730961896,0.01287260219,-0.0003276855499,0.03946921499,,,,
852,6.706,1.704,baseline — trained fixed gait,0.5,0,0,0,0,0,FR,0,0,0,0,0,0,0.2142601023,0.3631063992,-0.6499165385,0.7746903611,,,,
852,6.706,1.704,baseline — trained fixed gait,0.5,0,0,0,0,0,RL,0,0,0,0,0,0,0.8004435919,-0.1085607243,-0.2513756243,0.845981725,,,,
852,6.706,1.704,baseline — trained fixed gait,0.5,0,0,0,0,0,RR,1,0,48.11401628,16.93103105,295.3046468,299.6772477,0.006146443313,-0.006402348797,-0.001575802317,0.009013988488,,,,
853,6.708,1.706,baseline — trained fixed gait,0.5,0,0,0,0,0,FL,1,0,-51.09531615,-46.98144159,347.4749143,354.3399544,0.03727020916,0.01286008702,-0.0002422772251,0.03942726249,,,,
853,6.708,1.706,baseline — trained fixed gait,0.5,0,0,0,0,0,FR,0,0,0,0,0,0,0.1949598631,0.3729803091,-0.6610665404,0.783666147,,,,
853,6.708,1.706,baseline — trained fixed gait,0.5,0,0,0,0,0,RL,0,0,0,0,0,0,0.7842597518,-0.1190759309,-0.2605130706,0.8349308328,,,,
853,6.708,1.706,baseline — trained fixed gait,0.5,0,0,0,0,0,RR,1,0,48.43382421,16.79303518,294.4995879,298.9278318,0.006178563531,-0.006361242517,-0.001545591899,0.009001605856,,,,
854,6.71,1.708,baseline — trained fixed gait,0.5,0,0,0,0,0,FL,1,0,-50.70154719,-47.12288587,347.2847098,354.1156349,0.0372085295,0.01284871756,-0.0001654817436,0.03936485228,,,,
854,6.71,1.708,baseline — trained fixed gait,0.5,0,0,0,0,0,FR,0,0,0,0,0,0,0.1837308489,0.3830865822,-0.6571614856,0.7825430164,,,,
854,6.71,1.708,baseline — trained fixed gait,0.5,0,0,0,0,0,RL,0,0,0,0,0,0,0.7734606144,-0.1308530429,-0.2593936697,0.8262257057,,,,
854,6.71,1.708,baseline — trained fixed gait,0.5,0,0,0,0,0,RR,1,0,48.7494226,16.6207752,293.6770329,298.1592796,0.006198169687,-0.006319487611,-0.0015039492,0.008978590888,,,,
855,6.712,1.71,baseline — trained fixed gait,0.5,0,0,0,0,0,FL,1,0,-51.56189375,-46.51431556,345.3137193,352.2268803,0.03713380542,0.01283728845,-0.0001002108385,0.03929027261,,,,
855,6.712,1.71,baseline — trained fixed gait,0.5,0,0,0,0,0,FR,0,0,0,0,0,0,0.1785938007,0.393033334,-0.642727833,0.7742544896,,,,
855,6.712,1.71,baseline — trained fixed gait,0.5,0,0,0,0,0,RL,0,0,0,0,0,0,0.7665073899,-0.1432569462,-0.251009996,0.8191838313,,,,
855,6.712,1.71,baseline — trained fixed gait,0.5,0,0,0,0,0,RR,1,0,47.98408785,15.86491143,293.7771025,298.092526,0.006210410581,-0.006273373509,-0.001459733892,0.008947359264,,,,
856,6.714,1.712,baseline — trained fixed gait,0.5,0,0,0,0,0,FL,1,0,-51.13144834,-46.70865502,345.0360121,351.9175658,0.03719432622,0.01274424002,6.9387085e-05,0.0393171511,,,,
856,6.714,1.712,baseline — trained fixed gait,0.5,0,0,0,0,0,FR,0,0,0,0,0,0,0.1323378642,0.3988278792,-0.7126124962,0.8272808213,,,,
856,6.714,1.712,baseline — trained fixed gait,0.5,0,0,0,0,0,RL,0,0,0,0,0,0,0.7330066682,-0.1496556248,-0.2942388835,0.8039105064,,,,
856,6.714,1.712,baseline — trained fixed gait,0.5,0,0,0,0,0,RR,1,0,48.3076182,15.78199649,292.7521167,297.1304415,0.006392702799,-0.006155432561,-0.001482896637,0.008997498627,,,,
857,6.716,1.714,baseline — trained fixed gait,0.5,0,0,0,0,0,FL,1,0,-50.71148912,-46.8923191,344.8021613,351.6519233,0.03718265908,0.01269147762,0.0001790930008,0.03928938552,,,,
857,6.716,1.714,baseline — trained fixed gait,0.5,0,0,0,0,0,FR,0,0,0,0,0,0,0.1025869929,0.4064170694,-0.748831303,0.8581650457,,,,
857,6.716,1.714,baseline — trained fixed gait,0.5,0,0,0,0,0,RL,0,0,0,0,0,0,0.7104365633,-0.1594172495,-0.3164877577,0.7939133899,,,,
857,6.716,1.714,baseline — trained fixed gait,0.5,0,0,0,0,0,RR,1,0,48.62918094,15.64556931,291.7157099,296.1547509,0.006501755327,-0.006075693169,-0.001472493128,0.009019706526,,,,
858,6.718,1.716,baseline — trained fixed gait,0.5,0,0,0,0,0,FL,1,0,-50.30014106,-47.06463971,344.6063424,351.4238406,0.03712779855,0.01266046895,0.0002436049345,0.03922779936,,,,
858,6.718,1.716,baseline — trained fixed gait,0.5,0,0,0,0,0,FR,0,0,0,0,0,0,0.08558076729,0.4149816054,-0.7602150231,0.8703221713,,,,
858,6.718,1.716,baseline — trained fixed gait,0.5,0,0,0,0,0,RL,0,0,0,0,0,0,0.6960408556,-0.1713522938,-0.3232207671,0.7863244531,,,,
858,6.718,1.716,baseline — trained fixed gait,0.5,0,0,0,0,0,RR,1,0,48.94644814,15.4647386,290.6671268,295.1648548,0.006566067943,-0.006011366147,-0.001446456896,0.009018980471,,,,
859,6.72,1.718,baseline — trained fixed gait,0.5,0,0,0,0,0,FL,1,0,-49.89566323,-47.22626313,344.4426971,351.2273747,0.03704866528,0.0126411626,0.000274990759,0.03914687997,,,,
859,6.72,1.718,baseline — trained fixed gait,0.5,0,0,0,0,0,FR,0,0,0,0,0,0,0.07828854606,0.4239142277,-0.7537461971,0.8683119822,,,,
859,6.72,1.718,baseline — trained fixed gait,0.5,0,0,0,0,0,RL,0,0,0,0,0,0,0.6876345388,-0.1845452036,-0.318747516,0.780062927,,,,
859,6.72,1.718,baseline — trained fixed gait,0.5,0,0,0,0,0,RR,1,0,49.25818685,15.24785269,289.6049129,294.1596022,0.00660385839,-0.005950715186,-0.001415085098,0.009001356714,,,,
860,6.722,1.72,baseline — trained fixed gait,0.5,0,0,0,0,0,FL,1,0,-50.35018021,-45.80175583,339.104069,345.8677653,0.03695596031,0.0126277763,0.0002818923258,0.03905487422,,,,
860,6.722,1.72,baseline — trained fixed gait,0.5,0,0,0,0,0,FR,0,0,0,0,0,0,0.07826921352,0.4327713277,-0.7348839782,0.8564295379,,,,
860,6.722,1.72,baseline — trained fixed gait,0.5,0,0,0,0,0,RL,0,0,0,0,0,0,0.6834923374,-0.198299293,-0.3064344737,0.7748460954,,,,
860,6.722,1.72,baseline — trained fixed gait,0.5,0,0,0,0,0,RR,1,0,44.02747613,12.50686696,284.9025714,288.5555675,0.006625770982,-0.005888378208,-0.001384648398,0.008971682686,,,,
861,6.724,1.722,baseline — trained fixed gait,0.5,0,0,0,0,0,FL,1,0,-49.88462065,-46.02370929,338.8420208,345.5728176,0.03692249424,0.01242702439,0.0006107378483,0.03896247576,,,,
861,6.724,1.722,baseline — trained fixed gait,0.5,0,0,0,0,0,FR,0,0,0,0,0,0,0.03555579445,0.43707563,-0.8043478544,0.91611942,,,,
861,6.724,1.722,baseline — trained fixed gait,0.5,0,0,0,0,0,RL,0,0,0,0,0,0,0.6463025025,-0.2040339925,-0.3551358818,0.7651524615,,,,
861,6.724,1.722,baseline — trained fixed gait,0.5,0,0,0,0,0,RR,1,0,44.47729758,12.4573078,283.5433097,287.280739,0.007349919979,-0.005627386437,0.0009210147785,0.009302530302,,,,
862,6.726,1.724,baseline — trained fixed gait,0.5,0,0,0,0,0,FL,1,0,-49.44183749,-46.23545206,338.6523436,345.3514473,0.03684010445,0.01231419442,0.0007756276081,0.03885143856,,,,
862,6.726,1.724,baseline — trained fixed gait,0.5,0,0,0,0,0,FR,0,0,0,0,0,0,0.01122541096,0.4432395343,-0.8374049186,0.9475411824,,,,
862,6.726,1.724,baseline — trained fixed gait,0.5,0,0,0,0,0,RL,0,0,0,0,0,0,0.6218503296,-0.2135891614,-0.3796635702,0.7592513344,,,,
862,6.726,1.724,baseline — trained fixed gait,0.5,0,0,0,0,0,RR,1,0,44.88848722,12.34057192,282.2339897,286.0477074,0.007768448081,-0.005466572263,0.00241282213,0.009800709593,,,,
863,6.728,1.726,baseline — trained fixed gait,0.5,0,0,0,0,0,FL,1,0,-49.01578792,-46.43568243,338.5222929,345.1900388,0.03673056862,0.01225106242,0.0008314929522,0.03872873071,,,,
863,6.728,1.726,baseline — trained fixed gait,0.5,0,0,0,0,0,FR,0,0,0,0,0,0,0.0009729612184,0.4504143877,-0.8438710943,0.9565523985,,,,
863,6.728,1.726,baseline — trained fixed gait,0.5,0,0,0,0,0,RL,0,0,0,0,0,0,0.6069506989,-0.2256058875,-0.3863718406,0.7540360513,,,,
863,6.728,1.726,baseline — trained fixed gait,0.5,0,0,0,0,0,RR,1,0,45.26690814,12.16926013,280.96454,284.847778,0.007999098823,-0.005357816709,0.003336035,0.0101892547,,,,
864,6.73,1.728,baseline — trained fixed gait,0.5,0,0,0,0,0,FL,1,0,-48.60186741,-46.62489496,338.4410644,345.0773485,0.03660748449,0.0122159005,0.0008164305527,0.03860055317,,,,
864,6.73,1.728,baseline — trained fixed gait,0.5,0,0,0,0,0,FR,0,0,0,0,0,0,0.001329090748,0.4579754993,-0.8314663624,0.9492521457,,,,
864,6.73,1.728,baseline — trained fixed gait,0.5,0,0,0,0,0,RL,0,0,0,0,0,0,0.5990762133,-0.2390420855,-0.3802643202,0.7487552212,,,,
864,6.73,1.728,baseline — trained fixed gait,0.5,0,0,0,0,0,RR,1,0,45.6175807,11.95412568,279.7223408,283.669619,0.008121760001,-0.005273256395,0.003873930914,0.01042964809,,,,
865,6.732,1.73,baseline — trained fixed gait,0.5,0,0,0,0,0,FL,1,0,-48.2917131,-44.10857321,328.8780659,335.3184128,0.03647772492,0.01219602645,0.0007558537133,0.0384699726,,,,
865,6.732,1.73,baseline — trained fixed gait,0.5,0,0,0,0,0,FR,0,0,0,0,0,0,0.009501269173,0.4654699622,-0.8061892282,0.9309638185,,,,
865,6.732,1.73,baseline — trained fixed gait,0.5,0,0,0,0,0,RL,0,0,0,0,0,0,0.5962282561,-0.2531078745,-0.3652415258,0.7436081641,,,,
865,6.732,1.73,baseline — trained fixed gait,0.5,0,0,0,0,0,RR,1,0,42.56394275,10.23532651,274.5249897,277.9935631,0.008181772011,-0.005198530962,0.004153583011,0.01054601201,,,,
866,6.734,1.732,baseline — trained fixed gait,0.5,0,0,0,0,0,FL,1,0,-47.61896584,-47.2355117,329.0127343,335.7798963,0.03629786314,0.01185279059,0.001294285696,0.03820600331,,,,
866,6.734,1.732,baseline — trained fixed gait,0.5,0,0,0,0,0,FR,1,1,-105.7103872,-73.72217019,216.5637138,252.0108856,-0.03434052905,0.4687527026,-0.8788584559,0.9966446476,0.009501269173,0.4654699622,-0.8061892282,0.9309638185
866,6.734,1.732,baseline — trained fixed gait,0.5,0,0,0,0,0,RL,0,0,0,0,0,0,0.5575162272,-0.2605733158,-0.4124175255,0.7408177993,,,,
866,6.734,1.732,baseline — trained fixed gait,0.5,0,0,0,0,0,RR,1,0,43.05198398,9.369641036,272.7106108,276.2468837,0.008658923699,-0.00494285563,0.00452676888,0.01094990493,,,,
867,6.736,1.734,baseline — trained fixed gait,0.5,0,0,0,0,0,FL,1,0,-47.25982976,-45.44914369,329.4296983,335.8914145,0.03593473434,0.01200702502,0.001524734301,0.03791831479,,,,
867,6.736,1.734,baseline — trained fixed gait,0.5,0,0,0,0,0,FR,1,0,-81.31134569,-41.30039346,184.5491978,205.8535009,-4.305478044e-05,0.280717492,-0.4911150968,0.5656821991,,,,
867,6.736,1.734,baseline — trained fixed gait,0.5,0,0,0,0,0,RL,0,0,0,0,0,0,0.5323701036,-0.2756311543,-0.4340895616,0.7401514764,,,,
867,6.736,1.734,baseline — trained fixed gait,0.5,0,0,0,0,0,RR,1,0,43.24788318,8.799045152,271.2836701,274.8501997,0.008992892359,-0.004647290021,0.004728452449,0.01117263085,,,,
868,6.738,1.736,baseline — trained fixed gait,0.5,0,0,0,0,0,FL,1,0,-46.92715711,-44.04108437,329.592828,335.8172233,0.0357110463,0.01192576809,0.001544308874,0.03768139677,,,,
868,6.738,1.736,baseline — trained fixed gait,0.5,0,0,0,0,0,FR,1,0,-62.70383536,-20.54764647,163.9024974,176.6861777,0.01370407934,0.1667235745,-0.2459791496,0.2974731822,,,,
868,6.738,1.736,baseline — trained fixed gait,0.5,0,0,0,0,0,RL,0,0,0,0,0,0,0.5173046673,-0.2883248714,-0.4374788707,0.7362901008,,,,
868,6.738,1.736,baseline — trained fixed gait,0.5,0,0,0,0,0,RR,1,0,43.44014873,8.526610221,269.8299409,273.437281,0.009213689258,-0.00441740146,0.00475421597,0.01126978593,,,,
869,6.74,1.738,baseline — trained fixed gait,0.5,0,0,0,0,0,FL,1,0,-46.60932134,-42.96089777,329.569078,335.6096613,0.03557752753,0.01171165926,0.001458649667,0.03748401108,,,,
869,6.74,1.738,baseline — trained fixed gait,0.5,0,0,0,0,0,FR,1,0,-49.70739806,-7.510518432,150.1962118,158.3860327,0.01843005431,0.09760073241,-0.09344461416,0.1363725258,,,,
869,6.74,1.738,baseline — trained fixed gait,0.5,0,0,0,0,0,RL,0,0,0,0,0,0,0.5095341671,-0.2998625434,-0.4283525917,0.7300880462,,,,
869,6.74,1.738,baseline — trained fixed gait,0.5,0,0,0,0,0,RR,1,0,43.62369673,8.430836332,268.3539795,272.0072871,0.009366299206,-0.004245635057,0.004683321427,0.01129984413,,,,
870,6.742,1.74,baseline — trained fixed gait,0.5,0,0,0,0,0,FL,1,0,-42.98177327,-40.65120381,337.161039,342.3120206,0.03550012097,0.01144625337,0.001326016593,0.03732336567,,,,
870,6.742,1.74,baseline — trained fixed gait,0.5,0,0,0,0,0,FR,1,0,-47.56836632,13.45659715,222.1550376,227.5888623,0.01982157625,0.05567300318,-0.0003775020202,0.0590975522,,,,
870,6.742,1.74,baseline — trained fixed gait,0.5,0,0,0,0,0,RL,0,0,0,0,0,0,0.5069146592,-0.3109043933,-0.4110066694,0.7228765426,,,,
870,6.742,1.74,baseline — trained fixed gait,0.5,0,0,0,0,0,RR,1,0,37.81156724,8.230474684,267.2382792,270.0254677,0.009470011589,-0.004123147278,0.004555787042,0.01128878463,,,,
871,6.744,1.742,baseline — trained fixed gait,0.5,0,0,0,0,0,FL,1,0,-42.72536568,-39.61254905,336.1261158,341.1383541,0.03524460043,0.01100128783,0.0006871427508,0.03692807006,,,,
871,6.744,1.742,baseline — trained fixed gait,0.5,0,0,0,0,0,FR,1,0,-42.06798782,18.7415374,215.8448185,220.7032997,0.02142582005,0.02870622127,0.04847047529,0.06027022382,,,,
871,6.744,1.742,baseline — trained fixed gait,0.5,0,0,0,0,0,RL,0,0,0,0,0,0,0.4683717268,-0.3203666553,-0.4510936884,0.7249085349,,,,
871,6.744,1.742,baseline — trained fixed gait,0.5,0,0,0,0,0,RR,1,0,37.84862083,8.492579806,265.8302403,268.6454144,0.01035231218,-0.004015931844,0.004364168528,0.01193080228,,,,
872,6.746,1.744,baseline — trained fixed gait,0.5,0,0,0,0,0,FL,1,0,-42.48155282,-38.67809337,334.9439386,339.8354297,0.03516438945,0.01060662098,0.0003284878603,0.03673067652,,,,
872,6.746,1.744,baseline — trained fixed gait,0.5,0,0,0,0,0,FR,1,0,-38.305702,22.13273334,211.323492,215.9046155,0.02219849189,0.01243499323,0.07492075023,0.07912345362,,,,
872,6.746,1.744,baseline — trained fixed gait,0.5,0,0,0,0,0,RL,0,0,0,0,0,0,0.4424218911,-0.3330207785,-0.4698459804,0.726219811,,,,
872,6.746,1.744,baseline — trained fixed gait,0.5,0,0,0,0,0,RR,1,0,37.90266057,8.740418778,264.3898902,267.2358895,0.01088635944,-0.00396301272,0.004165960036,0.0123115196,,,,
873,6.748,1.746,baseline — trained fixed gait,0.5,0,0,0,0,0,FL,1,0,-42.25041534,-37.81565826,333.6336675,338.4177089,0.03519261485,0.01025850225,0.0001579255551,0.03665763153,,,,
873,6.748,1.746,baseline — trained fixed gait,0.5,0,0,0,0,0,FR,1,0,-35.72819779,24.35079744,207.9994248,212.4458194,0.02271346795,0.002638293034,0.08712089914,0.09007171189,,,,
873,6.748,1.746,baseline — trained fixed gait,0.5,0,0,0,0,0,RL,0,0,0,0,0,0,0.4259998756,-0.3479985665,-0.4732901205,0.7256599992,,,,
873,6.748,1.746,baseline — trained fixed gait,0.5,0,0,0,0,0,RR,1,0,37.96185042,8.961184498,262.9290361,265.8064765,0.01120622137,-0.003940860622,0.003969092315,0.0125245149,,,,
874,6.75,1.748,baseline — trained fixed gait,0.5,0,0,0,0,0,FL,1,0,-42.03160943,-37.00346324,332.2095004,336.8962224,0.03528415448,0.009948458408,0.0001100450244,0.03665999853,,,,
874,6.75,1.748,baseline — trained fixed gait,0.5,0,0,0,0,0,FR,1,0,-33.96260451,25.83730673,205.4314809,209.8168684,0.02326435839,-0.00324282338,0.09049183287,0.093490738,,,,
874,6.75,1.748,baseline — trained fixed gait,0.5,0,0,0,0,0,RL,0,0,0,0,0,0,0.4166919742,-0.3645751477,-0.4660802624,0.7237251209,,,,
874,6.75,1.748,baseline — trained fixed gait,0.5,0,0,0,0,0,RR,1,0,38.0185896,9.14943612,261.4538541,264.3619548,0.01139806927,-0.003934208675,0.003781453569,0.0126369843,,,,
875,6.752,1.75,baseline — trained fixed gait,0.5,0,0,0,0,0,FL,1,0,-37.3312613,-30.83310319,320.1904013,323.8305057,0.03541241139,0.00966852931,0.0001409244769,0.03670884361,,,,
875,6.752,1.75,baseline — trained fixed gait,0.5,0,0,0,0,0,FR,1,0,-35.64054426,40.35677293,266.275118,271.6640499,0.0238858828,-0.00674602333,0.0884944876,0.09190929531,,,,
875,6.752,1.75,baseline — trained fixed gait,0.5,0,0,0,0,0,RL,0,0,0,0,0,0,0.4126049993,-0.3821647903,-0.4517716285,0.7213809096,,,,
875,6.752,1.75,baseline — trained fixed gait,0.5,0,0,0,0,0,RR,1,0,31.25803111,12.69140192,266.0051609,268.1359391,0.01151341711,-0.003934246219,0.003606787279,0.01269038933,,,,
876,6.754,1.752,baseline — trained fixed gait,0.5,0,0,0,0,0,FL,1,0,-37.03098414,-29.96285237,317.7399497,321.2907436,0.03508599259,0.008728221074,0.0009303905526,0.03616731046,,,,
876,6.754,1.752,baseline — trained fixed gait,0.5,0,0,0,0,0,FR,1,0,-35.09068752,40.93304764,264.3960405,269.8372416,0.02533126472,-0.01046495384,0.07911510863,0.08372806367,,,,
876,6.754,1.752,baseline — trained fixed gait,0.5,0,0,0,0,0,RL,0,0,0,0,0,0,0.3474769309,-0.4025449918,-0.5334770348,0.7532465961,,,,
876,6.754,1.752,baseline — trained fixed gait,0.5,0,0,0,0,0,RR,1,0,31.17083888,12.98557754,264.5581477,266.7044431,0.01256163002,-0.004401345776,0.003019297865,0.01364853666,,,,
877,6.756,1.754,baseline — trained fixed gait,0.5,0,0,0,0,0,FL,1,0,-36.80443565,-29.13109733,315.2527156,318.7278808,0.0350042316,0.008086278545,0.001478860637,0.03595651762,,,,
877,6.756,1.754,baseline — trained fixed gait,0.5,0,0,0,0,0,FR,1,0,-34.60709453,41.28827062,262.5401874,268.0106757,0.02662680154,-0.01255946399,0.07010024903,0.07603138569,,,,
877,6.756,1.754,baseline — trained fixed gait,0.5,0,0,0,0,0,RL,0,0,0,0,0,0,0.3021171541,-0.4277182584,-0.5816564651,0.7826505777,,,,
877,6.756,1.754,baseline — trained fixed gait,0.5,0,0,0,0,0,RR,1,0,31.11544452,13.19056016,263.0685581,265.2305186,0.01319749454,-0.004676452101,0.002646047751,0.01424937315,,,,
878,6.758,1.756,baseline — trained fixed gait,0.5,0,0,0,0,0,FL,1,0,-36.6340904,-28.32201347,312.7138882,316.1236607,0.03507432588,0.007625375787,0.001868307232,0.03594224901,,,,
878,6.758,1.756,baseline — trained fixed gait,0.5,0,0,0,0,0,FR,1,0,-34.15287871,41.5029717,260.6001128,266.0852018,0.02778905354,-0.01368361044,0.06163987585,0.06898512148,,,,
878,6.758,1.756,baseline — trained fixed gait,0.5,0,0,0,0,0,RL,0,0,0,0,0,0,0.2720277237,-0.4560727738,-0.6050891523,0.80506791,,,,
878,6.758,1.756,baseline — trained fixed gait,0.5,0,0,0,0,0,RR,1,0,31.07515417,13.32572201,261.5487743,263.7252385,0.01358424961,-0.004829183483,0.00241591451,0.01461812209,,,,
879,6.76,1.758,baseline — trained fixed gait,0.5,0,0,0,0,0,FL,1,0,-36.50764752,-27.52364014,310.1144776,313.4666622,0.03523570504,0.007273885339,0.00215192746,0.036042962,,,,
879,6.76,1.758,baseline — trained fixed gait,0.5,0,0,0,0,0,FR,1,0,-33.70994659,41.63231764,258.5592886,264.0502151,0.02885073893,-0.01423247638,0.05385693791,0.06273354989,,,,
879,6.76,1.758,baseline — trained fixed gait,0.5,0,0,0,0,0,RL,0,0,0,0,0,0,0.2536396319,-0.4863712763,-0.6106567463,0.8208481851,,,,
879,6.76,1.758,baseline — trained fixed gait,0.5,0,0,0,0,0,RR,1,0,31.03928692,13.40528695,260.0050739,262.19416,0.01382407415,-0.004902643834,0.002280919881,0.01484397312,,,,
880,6.762,1.76,baseline — trained fixed gait,0.5,0,0,0,0,0,FL,1,0,-30.41728616,-19.74909171,288.9898381,291.2565269,0.03545119294,0.006988702774,0.002364724445,0.03621078526,,,,
880,6.762,1.76,baseline — trained fixed gait,0.5,0,0,0,0,0,FR,1,0,-31.44002119,50.81308367,289.9030648,295.9970125,0.02982935825,-0.01444109215,0.04679479599,0.05734185807,,,,
880,6.762,1.76,baseline — trained fixed gait,0.5,0,0,0,0,0,RL,0,0,0,0,0,0,0.244121705,-0.5176699901,-0.6036947763,0.8318804052,,,,
880,6.762,1.76,baseline — trained fixed gait,0.5,0,0,0,0,0,RR,1,0,26.09041022,20.5838924,260.8695163,262.977776,0.01397746334,-0.004924711081,0.002206567671,0.01498303045,,,,
881,6.764,1.762,baseline — trained fixed gait,0.5,0,0,0,0,0,FL,1,0,-30.17522539,-19.06724612,285.3609719,287.5847499,0.03499595444,0.005838245691,0.003758403247,0.03567811002,,,,
881,6.764,1.762,baseline — trained fixed gait,0.5,0,0,0,0,0,FR,1,0,-31.16181569,50.43260886,287.912479,293.9525512,0.03054366133,-0.01559081251,0.03820964378,0.05134165522,,,,
881,6.764,1.762,baseline — trained fixed gait,0.5,0,0,0,0,0,RL,0,0,0,0,0,0,0.1649803122,-0.5557973499,-0.705500971,0.9131597985,,,,
881,6.764,1.762,baseline — trained fixed gait,0.5,0,0,0,0,0,RR,1,0,25.98800369,20.67271172,259.3892879,261.5062906,0.01475158344,-0.005906821155,0.001980225354,0.01601315217,,,,
882,6.766,1.764,baseline — trained fixed gait,0.5,0,0,0,0,0,FL,1,0,-30.04560209,-18.39520011,281.7727093,283.9665144,0.03487552704,0.005112848668,0.004606112866,0.03554799408,,,,
882,6.766,1.764,baseline — trained fixed gait,0.5,0,0,0,0,0,FR,1,0,-30.81001801,50.04254414,285.7017817,291.683084,0.03129101172,-0.01609296653,0.03133006585,0.04711352261,,,,
882,6.766,1.764,baseline — trained fixed gait,0.5,0,0,0,0,0,RL,0,0,0,0,0,0,0.1113837923,-0.5983902091,-0.7647181017,0.9773796431,,,,
882,6.766,1.764,baseline — trained fixed gait,0.5,0,0,0,0,0,RR,1,0,25.89889402,20.64896108,257.8925452,260.0109558,0.01521450233,-0.006439775635,0.001853866404,0.01662493946,,,,
883,6.768,1.766,baseline — trained fixed gait,0.5,0,0,0,0,0,FL,1,0,-29.99917088,-17.71539736,278.1928483,280.3659152,0.03496277247,0.00463914054,0.005090458529,0.03563467205,,,,
883,6.768,1.766,baseline — trained fixed gait,0.5,0,0,0,0,0,FR,1,0,-30.39844824,49.66482756,283.2987335,289.22108,0.03202183872,-0.01622061481,0.02572554678,0.04416231716,,,,
883,6.768,1.766,baseline — trained fixed gait,0.5,0,0,0,0,0,RL,0,0,0,0,0,0,0.07756561051,-0.6435521539,-0.7925160827,1.02384449,,,,
883,6.768,1.766,baseline — trained fixed gait,0.5,0,0,0,0,0,RR,1,0,25.81344314,20.54876898,256.3808036,258.495072,0.01549257445,-0.006696727791,0.00178678311,0.01697228977,,,,
884,6.77,1.768,baseline — trained fixed gait,0.5,0,0,0,0,0,FL,1,0,-30.01604346,-17.01800434,274.6017753,276.761107,0.03517612535,0.00431301241,0.005330711042,0.03583822471,,,,
884,6.77,1.768,baseline — trained fixed gait,0.5,0,0,0,0,0,FR,1,0,-29.9400262,49.30856349,280.7244934,286.5902664,0.03271837961,-0.01613620528,0.02109887175,0.04214299319,,,,
884,6.77,1.768,baseline — trained fixed gait,0.5,0,0,0,0,0,RL,0,0,0,0,0,0,0.05894036796,-0.6898474895,-0.7976499697,1.056223935,,,,
884,6.77,1.768,baseline — trained fixed gait,0.5,0,0,0,0,0,RR,1,0,25.72579492,20.39687247,254.8530764,256.959023,0.01566405275,-0.006783902373,0.001753748785,0.01715982269,,,,
885,6.772,1.77,baseline — trained fixed gait,0.5,0,0,0,0,0,FL,1,0,-24.10129046,-9.361698004,242.5013667,243.8758422,0.03546525562,0.004072672062,0.005406618868,0.03610543646,,,,
885,6.772,1.77,baseline — trained fixed gait,0.5,0,0,0,0,0,FR,1,0,-25.87783483,51.95740729,289.8619674,295.6166346,0.03337227774,-0.01593401751,0.01723500001,0.04080008653,,,,
885,6.772,1.77,baseline — trained fixed gait,0.5,0,0,0,0,0,RL,0,0,0,0,0,0,0.0518570149,-0.7362044365,-0.7869019776,1.078842363,,,,
885,6.772,1.77,baseline — trained fixed gait,0.5,0,0,0,0,0,RR,1,0,21.43223911,27.77012058,240.0834654,242.6326253,0.01577494611,-0.006767563999,0.00173806311,0.01725310728,,,,
886,6.774,1.772,baseline — trained fixed gait,0.5,0,0,0,0,0,FL,1,0,-25.82993841,-9.188581134,238.0333776,239.6069795,0.03502261128,0.002961329372,0.007270489298,0.03589168131,,,,
886,6.774,1.772,baseline — trained fixed gait,0.5,0,0,0,0,0,FR,1,0,-25.45135741,51.13757282,287.4367839,293.0575501,0.03335793614,-0.01604982547,0.01324025866,0.03931479684,,,,
886,6.774,1.772,baseline — trained fixed gait,0.5,0,0,0,0,0,RL,0,0,0,0,0,0,-0.03120066628,-0.7881239603,-0.8918887821,1.190621039,,,,
886,6.774,1.772,baseline — trained fixed gait,0.5,0,0,0,0,0,RR,1,0,21.38020578,27.67240928,238.622417,241.1711702,0.01632225796,-0.007768018369,0.002625590011,0.01826614183,,,,
887,6.776,1.774,baseline — trained fixed gait,0.5,0,0,0,0,0,FL,1,0,-28.19222277,-7.608607563,233.6792246,235.4966504,0.03499248339,0.002544431894,0.00990566934,0.03645641662,,,,
887,6.776,1.774,baseline — trained fixed gait,0.5,0,0,0,0,0,FR,1,0,-24.99947599,50.42150748,284.864143,290.3702502,0.03352419945,-0.01593266355,0.01006195491,0.03845730949,,,,
887,6.776,1.774,baseline — trained fixed gait,0.5,0,0,0,0,0,RL,0,0,0,0,0,0,-0.0846370407,-0.8437441587,-0.9491744133,1.272792089,,,,
887,6.776,1.774,baseline — trained fixed gait,0.5,0,0,0,0,0,RR,1,0,21.30049425,27.45079813,237.2089875,239.740195,0.01661997183,-0.008274548367,0.003065576067,0.01881726258,,,,
888,6.778,1.776,baseline — trained fixed gait,0.5,0,0,0,0,0,FL,1,0,-27.99006908,-7.212926669,229.1584907,230.9742066,0.03546687425,0.002433900905,0.01397730707,0.0381993214,,,,
888,6.778,1.776,baseline — trained fixed gait,0.5,0,0,0,0,0,FR,1,0,-24.53032293,49.71907056,282.146537,287.5419814,0.03378354611,-0.01568835274,0.00749036559,0.03799418345,,,,
888,6.778,1.776,baseline — trained fixed gait,0.5,0,0,0,0,0,RL,0,0,0,0,0,0,-0.1151922897,-0.9010017401,-0.97157737,1.330051121,,,,
888,6.778,1.776,baseline — trained fixed gait,0.5,0,0,0,0,0,RR,1,0,21.19904568,27.21329293,235.8401442,238.3496097,0.01677311966,-0.008481208406,0.003204213126,0.01906660486,,,,
889,6.78,1.778,baseline — trained fixed gait,0.5,0,0,0,0,0,FL,1,0,-27.93930921,-6.73986872,224.8216659,226.6513011,0.03589217474,0.002377345676,0.01639171336,0.03952958698,,,,
889,6.78,1.778,baseline — trained fixed gait,0.5,0,0,0,0,0,FR,1,0,-24.04228804,49.09448112,279.3011469,284.600475,0.03408834861,-0.01537461386,0.005376552422,0.03777964502,,,,
889,6.78,1.778,baseline — trained fixed gait,0.5,0,0,0,0,0,RL,0,0,0,0,0,0,-0.1282633537,-0.9584616146,-0.9690844267,1.369023294,,,,
889,6.78,1.778,baseline — trained fixed gait,0.5,0,0,0,0,0,RR,1,0,21.07662314,26.93026699,234.5005502,236.9809515,0.01684537171,-0.008513426396,0.003148558117,0.01913526575,,,,
890,6.782,1.78,baseline — trained fixed gait,0.5,0,0,0,0,0,FL,1,0,-26.67154791,-4.24612842,169.3129505,171.4534231,0.03629888453,0.002339594664,0.0176894065,0.04044746992,,,,
890,6.782,1.78,baseline — trained fixed gait,0.5,0,0,0,0,0,FR,1,0,-18.23456379,45.18562535,270.3390344,274.6951648,0.03440692918,-0.01503015585,0.003614645602,0.03772012756,,,,
890,6.782,1.78,baseline — trained fixed gait,0.5,0,0,0,0,0,RL,0,0,0,0,0,0,-0.1281373429,-1.015007756,-0.9494006208,1.395715395,,,,
890,6.782,1.78,baseline — trained fixed gait,0.5,0,0,0,0,0,RR,1,0,12.08507678,29.57822955,185.9614522,188.686466,0.01687567398,-0.008440577522,0.002974895764,0.01910187755,,,,
891,6.784,1.782,baseline — trained fixed gait,0.5,0,0,0,0,0,FL,1,0,-26.91077778,-4.787956876,165.7617419,168.000207,0.03631902605,0.002031074813,0.02165232485,0.04233225826,,,,
891,6.784,1.782,baseline — trained fixed gait,0.5,0,0,0,0,0,FR,1,0,-17.63995014,38.9504795,266.278464,269.6896885,0.03374567369,-0.01424975928,0.002620338435,0.03672454637,,,,
891,6.784,1.782,baseline — trained fixed gait,0.5,0,0,0,0,0,RL,1,1,-90.5987755,178.0699507,266.8228837,333.3339118,-0.2259388729,-1.066059185,-1.068167093,1.525946099,-0.1281373429,-1.015007756,-0.9494006208,1.395715395
891,6.784,1.782,baseline — trained fixed gait,0.5,0,0,0,0,0,RR,1,0,12.74884042,36.68322586,186.1133646,190.1220042,0.01785924271,-0.008807830555,0.006069379383,0.02081748773,,,,
892,6.786,1.784,baseline — trained fixed gait,0.5,0,0,0,0,0,FL,1,0,-26.97940182,-3.601330541,161.6598183,163.9352145,0.03640359092,0.002040962685,0.02343246624,0.04334129019,,,,
892,6.786,1.784,baseline — trained fixed gait,0.5,0,0,0,0,0,FR,1,0,-17.18309556,42.283856,263.9468795,267.8640298,0.03371717961,-0.01276074167,0.001423706388,0.03607924152,,,,
892,6.786,1.784,baseline — trained fixed gait,0.5,0,0,0,0,0,RL,1,0,-73.07465199,123.7752927,226.5541092,268.3039177,-0.1035216083,-0.6766267908,-0.6134341956,0.9191528979,,,,
892,6.786,1.784,baseline — trained fixed gait,0.5,0,0,0,0,0,RR,1,0,12.37329103,34.01895678,186.8848424,190.3584306,0.0177316515,-0.00993226818,0.00755383496,0.02168229321,,,,
893,6.788,1.786,baseline — trained fixed gait,0.5,0,0,0,0,0,FL,1,0,-27.12173645,-2.759164633,157.4440302,159.7868086,0.03664678108,0.001873157332,0.02388216444,0.0437818805,,,,
893,6.788,1.786,baseline — trained fixed gait,0.5,0,0,0,0,0,FR,1,0,-16.78984437,44.32112305,261.8118833,266.0671401,0.03366387076,-0.0121796393,0.0004271375125,0.03580198674,,,,
893,6.788,1.786,baseline — trained fixed gait,0.5,0,0,0,0,0,RL,1,0,-54.5479028,82.82832864,196.2397804,219.8773684,-0.04598954678,-0.4162492031,-0.3279222431,0.5318941953,,,,
893,6.788,1.786,baseline — trained fixed gait,0.5,0,0,0,0,0,RR,1,0,10.61121556,31.97662744,187.1304556,190.1391859,0.01767977241,-0.01057391285,0.007788316914,0.02202362063,,,,
894,6.79,1.788,baseline — trained fixed gait,0.5,0,0,0,0,0,FL,1,0,-27.33224511,-2.26783596,153.197447,155.6330699,0.03700773644,0.001661898217,0.0235143021,0.04387774909,,,,
894,6.79,1.788,baseline — trained fixed gait,0.5,0,0,0,0,0,FR,1,0,-16.41378736,45.29050222,259.7771105,264.2059597,0.033509054,-0.01203672701,-0.0005245606894,0.03560919349,,,,
894,6.79,1.788,baseline — trained fixed gait,0.5,0,0,0,0,0,RL,1,0,-41.94760332,55.70486976,176.3136551,189.6025815,-0.01488123082,-0.2532293962,-0.1506659603,0.2950369633,,,,
894,6.79,1.788,baseline — trained fixed gait,0.5,0,0,0,0,0,RR,1,0,10.43351609,30.0057528,186.6513062,189.3354525,0.01775221198,-0.01100095519,0.008715799366,0.02263022765,,,,
895,6.792,1.79,baseline — trained fixed gait,0.5,0,0,0,0,0,FL,1,0,-33.41245534,2.415795049,33.84886065,47.62324648,0.03745058123,0.001480141911,0.0226685461,0.04380182458,,,,
895,6.792,1.79,baseline — trained fixed gait,0.5,0,0,0,0,0,FR,1,0,-13.94304676,34.0433162,247.4299889,250.1498658,0.03329446638,-0.01204989861,-0.001458872863,0.03543797198,,,,
895,6.792,1.79,baseline — trained fixed gait,0.5,0,0,0,0,0,RL,1,0,-20.87227399,21.92409179,238.3065843,240.2214514,0.001659883919,-0.1539974269,-0.04138025976,0.15946877,,,,
895,6.792,1.79,baseline — trained fixed gait,0.5,0,0,0,0,0,RR,1,0,-5.121395743,26.24196407,131.7038686,134.3903954,0.01783089663,-0.01104509453,0.008878907929,0.02277652286,,,,
896,6.794,1.792,baseline — trained fixed gait,0.5,0,0,0,0,0,FL,1,0,-33.07642524,2.273319056,30.19887501,44.84629235,0.0425472804,0.0006953942604,0.03195492966,0.05321533775,,,,
896,6.794,1.792,baseline — trained fixed gait,0.5,0,0,0,0,0,FR,1,0,-13.536053,34.06689805,246.1891116,248.9033085,0.03241894802,-0.01064443849,-0.001544657911,0.03415667182,,,,
896,6.794,1.792,baseline — trained fixed gait,0.5,0,0,0,0,0,RL,1,0,-14.84625294,11.57720983,228.9557952,229.7285336,0.008994745786,-0.09197679358,0.01914711488,0.09437821792,,,,
896,6.794,1.792,baseline — trained fixed gait,0.5,0,0,0,0,0,RR,1,0,-5.048161087,25.19461375,129.3186396,131.8467408,0.0202421202,-0.01056402543,0.01265442854,0.02610510726,,,,
897,6.796,1.794,baseline — trained fixed gait,0.5,0,0,0,0,0,FL,1,0,-32.9438835,1.412356411,28.63019993,43.66901142,0.04678969497,-0.0006455125781,0.03736533127,0.0598820526,,,,
897,6.796,1.794,baseline — trained fixed gait,0.5,0,0,0,0,0,FR,1,0,-13.18955321,33.83353419,245.0801513,247.7558332,0.03169155883,-0.009842159925,-0.00199655778,0.03324468763,,,,
897,6.796,1.794,baseline — trained fixed gait,0.5,0,0,0,0,0,RL,1,0,-10.60296116,5.292503252,222.1212694,222.4371635,0.0127674294,-0.05468560685,0.05374926456,0.07773355961,,,,
897,6.796,1.794,baseline — trained fixed gait,0.5,0,0,0,0,0,RR,1,0,-5.015048587,24.31251922,126.8925489,129.2979825,0.02174344249,-0.0101849592,0.01440314979,0.02799931087,,,,
898,6.798,1.796,baseline — trained fixed gait,0.5,0,0,0,0,0,FL,1,0,-32.84381718,0.521203676,27.80418404,43.03557401,0.05276716638,-0.004200031741,0.04280711672,0.06807689297,,,,
898,6.798,1.796,baseline — trained fixed gait,0.5,0,0,0,0,0,FR,1,0,-12.89675584,33.42443658,244.0799149,246.6952049,0.03107047874,-0.009360744851,-0.002658403359,0.03255864404,,,,
898,6.798,1.796,baseline — trained fixed gait,0.5,0,0,0,0,0,RL,1,0,-9.427115665,2.493723613,215.7139025,215.9341958,0.0147287123,-0.03228187705,0.07171578781,0.08001380364,,,,
898,6.798,1.796,baseline — trained fixed gait,0.5,0,0,0,0,0,RR,1,0,-5.027262446,23.58432149,124.4760053,126.7902579,0.02270810314,-0.009902973367,0.01485389494,0.02888537735,,,,
899,6.8,1.798,baseline — trained fixed gait,0.5,0,0,0,0,0,FL,1,0,-32.70366456,0,27.2530538,42.57063092,0.06079601536,-0.009740753287,0.04894046507,0.07865244357,,,,
899,6.8,1.798,baseline — trained fixed gait,0.5,0,0,0,0,0,FR,1,0,-12.62898382,33.01421159,243.1795864,245.7351025,0.03052479138,-0.009041366407,-0.003426106409,0.0320194847,,,,
899,6.8,1.798,baseline — trained fixed gait,0.5,0,0,0,0,0,RL,1,0,-7.229048361,0.1442483724,211.7547666,211.8781752,0.01604598257,-0.01881574985,0.08054685624,0.08425735606,,,,
899,6.8,1.798,baseline — trained fixed gait,0.5,0,0,0,0,0,RR,1,0,-5.081580441,22.82535768,122.049227,124.2691966,0.02336136553,-0.009703927207,0.01450963207,0.02916245918,,,,
900,6.802,1.8,baseline — trained fixed gait,0.5,0,0,0,0,0,FL,1,0,-50.58188783,0,42.15157319,65.84286217,0.07070778107,-0.01597847432,0.05556730928,0.09133798665,,,,
900,6.802,1.8,baseline — trained fixed gait,0.5,0,0,0,0,0,FR,1,0,-13.64982301,20.64486198,232.8967129,234.2080419,0.03002364609,-0.008815493308,-0.004223758047,0.03157486942,,,,
900,6.802,1.8,baseline — trained fixed gait,0.5,0,0,0,0,0,RL,1,0,8.5821531,-16.93524276,247.9099095,248.6358362,0.01683412219,-0.01073986913,0.08242852363,0.08481269932,,,,
900,6.802,1.8,baseline — trained fixed gait,0.5,0,0,0,0,0,RR,1,0,-24.86681185,0,20.72234321,32.36933487,0.02384169885,-0.00954853785,0.01371782743,0.02911666135,,,,
901,6.804,1.802,baseline — trained fixed gait,0.5,0,0,0,0,0,FL,0,0,0,0,0,0,0.2767427427,-0.05036139594,0.3046157772,0.4146246345,,,,
901,6.804,1.802,baseline — trained fixed gait,0.5,0,0,0,0,0,FR,1,0,-13.52353632,19.77761064,232.5382966,233.7693292,0.02936967263,-0.007286761274,-0.002765970084,0.03038626583,,,,
901,6.804,1.802,baseline — trained fixed gait,0.5,0,0,0,0,0,RL,1,0,9.35086048,-17.98273024,246.9382449,247.7686702,0.01521717795,-0.003844896976,0.07757347711,0.07914537313,,,,
901,6.804,1.802,baseline — trained fixed gait,0.5,0,0,0,0,0,RR,1,0,-23.7599186,0,19.79993217,30.92848276,0.05868912946,-0.02364648456,0.05834225995,0.08606619223,,,,
902,6.806,1.804,baseline — trained fixed gait,0.5,0,0,0,0,0,FL,0,0,0,0,0,0,0.6123979175,-0.05522535943,0.4829596695,0.7818766476,,,,
902,6.806,1.804,baseline — trained fixed gait,0.5,0,0,0,0,0,FR,1,0,-13.3911632,18.95768529,232.1827394,233.33997,0.02879011361,-0.00627633506,-0.002149788899,0.02954462076,,,,
902,6.806,1.804,baseline — trained fixed gait,0.5,0,0,0,0,0,RL,1,0,9.975373137,-18.40168708,245.9982508,246.8871595,0.01430085002,0.0002416838228,0.07145605898,0.07287345941,,,,
902,6.806,1.804,baseline — trained fixed gait,0.5,0,0,0,0,0,RR,1,0,-22.52834405,0,18.77362005,29.32533197,0.0880570031,-0.04015102628,0.09209983081,0.1335983516,,,,
903,6.808,1.806,baseline — trained fixed gait,0.5,0,0,0,0,0,FL,0,0,0,0,0,0,0.8663957462,-0.04240622203,0.5959044481,1.052398208,,,,
903,6.808,1.806,baseline — trained fixed gait,0.5,0,0,0,0,0,FR,1,0,-13.28331109,18.26976509,231.885421,232.9830018,0.02828221226,-0.00560566552,-0.002048353103,0.02890506472,,,,
903,6.808,1.806,baseline — trained fixed gait,0.5,0,0,0,0,0,RL,1,0,10.40732577,-18.6135191,245.3588014,246.2838138,0.01381217244,0.002625912718,0.06487177311,0.06637784624,,,,
903,6.808,1.806,baseline — trained fixed gait,0.5,0,0,0,0,0,RR,1,0,-21.66893137,0,18.05744281,28.20662736,0.1142570344,-0.05870511748,0.1173284876,0.1739739484,,,,
904,6.81,1.808,baseline — trained fixed gait,0.5,0,0,0,0,0,FL,0,0,0,0,0,0,1.058096049,-0.01755000851,0.6612221588,1.247834122,,,,
904,6.81,1.808,baseline — trained fixed gait,0.5,0,0,0,0,0,FR,1,0,-13.24826417,17.67859763,231.7017069,232.7525087,0.02782381655,-0.005154188675,-0.002254702666,0.02838686513,,,,
904,6.81,1.808,baseline — trained fixed gait,0.5,0,0,0,0,0,RL,1,0,10.69219212,-18.74476123,244.9010493,245.8499806,0.01358063211,0.003998068636,0.05827014243,0.05996522009,,,,
904,6.81,1.808,baseline — trained fixed gait,0.5,0,0,0,0,0,RR,0,0,0,0,0,0,0.137237822,-0.07852525352,0.1357612707,0.2084023941,,,,
905,6.812,1.81,baseline — trained fixed gait,0.5,0,0,0,0,0,FL,0,0,0,0,0,0,1.202633011,0.01511580749,0.6920830615,1.387635979,,,,
905,6.812,1.81,baseline — trained fixed gait,0.5,0,0,0,0,0,FR,1,0,-6.303862496,6.122499344,205.9682688,206.1556486,0.02739915911,-0.004855917454,-0.002626673174,0.02794983481,,,,
905,6.812,1.81,baseline — trained fixed gait,0.5,0,0,0,0,0,RL,1,0,22.77443385,-24.41754244,256.1137821,258.2811658,0.01348526806,0.004781815547,0.05192401118,0.05385927173,,,,
905,6.812,1.81,baseline — trained fixed gait,0.5,0,0,0,0,0,RR,0,0,0,0,0,0,0.241872731,-0.1055535316,0.1519244829,0.3045078234,,,,
906,6.814,1.812,baseline — trained fixed gait,0.5,0,0,0,0,0,FL,0,0,0,0,0,0,1.437897611,0.03434656599,0.8070700119,1.649269909,,,,
906,6.814,1.812,baseline — trained fixed gait,0.5,0,0,0,0,0,FR,1,0,-6.104291364,5.566790267,205.8671229,206.0328222,0.02588067264,-0.003071295654,-0.001212653508,0.02609046956,,,,
906,6.814,1.812,baseline — trained fixed gait,0.5,0,0,0,0,0,RL,1,0,23.0668705,-23.63167755,256.0126608,258.1337235,0.0118342415,0.005902270474,0.04521297125,0.04710731194,,,,
906,6.814,1.812,baseline — trained fixed gait,0.5,0,0,0,0,0,RR,0,0,0,0,0,0,0.5573737088,-0.09782217871,0.3554126595,0.6682460538,,,,
907,6.816,1.814,baseline — trained fixed gait,0.5,0,0,0,0,0,FL,0,0,0,0,0,0,1.605041715,0.06682792758,0.8703598665,1.827060802,,,,
907,6.816,1.814,baseline — trained fixed gait,0.5,0,0,0,0,0,FR,1,0,-5.972849333,5.126879532,205.862544,206.0129774,0.02481021475,-0.002016408669,-0.0007026534429,0.0249019353,,,,
907,6.816,1.814,baseline — trained fixed gait,0.5,0,0,0,0,0,RL,1,0,23.28614886,-23.04765163,255.9302506,258.0188601,0.01088656555,0.006412754254,0.03932084068,0.04130095929,,,,
907,6.816,1.814,baseline — trained fixed gait,0.5,0,0,0,0,0,RR,0,0,0,0,0,0,0.7933926315,-0.1032421244,0.4878041558,0.9370612032,,,,
908,6.818,1.816,baseline — trained fixed gait,0.5,0,0,0,0,0,FL,0,0,0,0,0,0,1.721281125,0.1074157187,0.8961910875,1.94358054,,,,
908,6.818,1.816,baseline — trained fixed gait,0.5,0,0,0,0,0,FR,1,0,-5.886383067,4.762408755,205.9343917,206.0735396,0.02402835752,-0.001401188545,-0.0007454759775,0.02408071903,,,,
908,6.818,1.816,baseline — trained fixed gait,0.5,0,0,0,0,0,RL,1,0,23.46407863,-22.64762306,255.8578063,257.9276931,0.01035991518,0.006608759644,0.03416076109,0.03630373459,,,,
908,6.818,1.816,baseline — trained fixed gait,0.5,0,0,0,0,0,RR,0,0,0,0,0,0,0.9683820788,-0.1177945187,0.5678450116,1.128754781,,,,
909,6.82,1.818,baseline — trained fixed gait,0.5,0,0,0,0,0,FL,0,0,0,0,0,0,1.799713317,0.1522674158,0.8953048791,2.015868105,,,,
909,6.82,1.818,baseline — trained fixed gait,0.5,0,0,0,0,0,FR,1,0,-5.830031373,4.453112066,206.0741189,206.2046604,0.02342647062,-0.00104951045,-0.001112059516,0.02347632157,,,,
909,6.82,1.818,baseline — trained fixed gait,0.5,0,0,0,0,0,RL,1,0,23.61800379,-22.40017221,255.7988342,257.8616323,0.01007332447,0.006653453059,0.0296385103,0.03200283731,,,,
909,6.82,1.818,baseline — trained fixed gait,0.5,0,0,0,0,0,RR,0,0,0,0,0,0,1.096881817,-0.1382629911,0.6095745485,1.262476735,,,,
910,6.822,1.82,baseline — trained fixed gait,0.5,0,0,0,0,0,FL,0,0,0,0,0,0,1.850325408,0.1986541754,0.8756785914,2.056691662,,,,
910,6.822,1.82,baseline — trained fixed gait,0.5,0,0,0,0,0,FR,1,0,0.6605246901,0.1774105162,197.4387115,197.4398961,0.02293839157,-0.0008556290111,-0.001645844348,0.02301327253,,,,
910,6.822,1.82,baseline — trained fixed gait,0.5,0,0,0,0,0,RL,1,0,31.93173592,-22.01789345,247.9282065,250.9438562,0.009919367129,0.006634655252,0.02567226935,0.02831038516,,,,
910,6.822,1.82,baseline — trained fixed gait,0.5,0,0,0,0,0,RR,0,0,0,0,0,0,1.190195582,-0.1621881375,0.6235523054,1.353398682,,,,
911,6.824,1.822,baseline — trained fixed gait,0.5,0,0,0,0,0,FL,0,0,0,0,0,0,1.942956466,0.2250902168,0.8986952664,2.15253307,,,,
911,6.824,1.822,baseline — trained fixed gait,0.5,0,0,0,0,0,FR,1,0,0.7907954491,-0.1017412115,197.5485205,197.5501295,0.02157698274,-0.0001304549788,-0.001595421769,0.0216362791,,,,
911,6.824,1.822,baseline — trained fixed gait,0.5,0,0,0,0,0,RL,1,0,32.18567258,-21.64345727,248.0543358,251.0683379,0.008633136999,0.006553468992,0.02272246683,0.02517517644,,,,
911,6.824,1.822,baseline — trained fixed gait,0.5,0,0,0,0,0,RR,0,0,0,0,0,0,1.350634744,-0.1702089523,0.6978642856,1.529771179,,,,
912,6.826,1.824,baseline — trained fixed gait,0.5,0,0,0,0,0,FL,0,0,0,0,0,0,2.000847391,0.2556026763,0.8959127571,2.207120902,,,,
912,6.826,1.824,baseline — trained fixed gait,0.5,0,0,0,0,0,FR,1,0,0.8616430647,-0.33098247,197.7374348,197.7395891,0.02065179502,0.0002799551869,-0.001847977675,0.02073620105,,,,
912,6.826,1.824,baseline — trained fixed gait,0.5,0,0,0,0,0,RL,1,0,32.35985909,-21.44444478,248.2652142,251.2819955,0.007848342267,0.006449526429,0.01994473036,0.02238269726,,,,
912,6.826,1.824,baseline — trained fixed gait,0.5,0,0,0,0,0,RR,0,0,0,0,0,0,1.462644174,-0.1844515228,0.7320326272,1.645971479,,,,
913,6.828,1.826,baseline — trained fixed gait,0.5,0,0,0,0,0,FL,0,0,0,0,0,0,2.033259091,0.2876175932,0.8750059534,2.232151838,,,,
913,6.828,1.826,baseline — trained fixed gait,0.5,0,0,0,0,0,FR,1,0,0.8936897363,-0.519376413,197.9908395,197.9935377,0.01999917394,0.0005031730639,-0.00225863169,0.0201325994,,,,
913,6.828,1.826,baseline — trained fixed gait,0.5,0,0,0,0,0,RL,1,0,32.48241178,-21.37927115,248.5447782,251.5684541,0.007369550975,0.006360897287,0.0173863795,0.01992630141,,,,
913,6.828,1.826,baseline — trained fixed gait,0.5,0,0,0,0,0,RR,0,0,0,0,0,0,1.538372224,-0.2022709607,0.7372397579,1.717854796,,,,
914,6.83,1.828,baseline — trained fixed gait,0.5,0,0,0,0,0,FL,0,0,0,0,0,0,2.047165019,0.3193253498,0.8417943379,2.236396879,,,,
914,6.83,1.828,baseline — trained fixed gait,0.5,0,0,0,0,0,FR,1,0,0.9006020738,-0.6767491657,198.2995048,198.3027046,0.01951541711,0.0006144831755,-0.002735230597,0.0197157445,,,,
914,6.83,1.828,baseline — trained fixed gait,0.5,0,0,0,0,0,RL,1,0,32.57121466,-21.42105566,248.8877398,251.9223147,0.007068822139,0.006300266261,0.01505633811,0.0177863689,,,,
914,6.83,1.828,baseline — trained fixed gait,0.5,0,0,0,0,0,RR,0,0,0,0,0,0,1.587193282,-0.2217587149,0.7218202841,1.757664349,,,,
915,6.832,1.83,baseline — trained fixed gait,0.5,0,0,0,0,0,FL,0,0,0,0,0,0,2.047782865,0.3494797331,0.8006757911,2.226349584,,,,
915,6.832,1.83,baseline — trained fixed gait,0.5,0,0,0,0,0,FR,1,0,7.277875585,-1.437943125,199.3503851,199.4883736,0.01913852526,0.0006589918977,-0.00321741136,0.0194182686,,,,
915,6.832,1.83,baseline — trained fixed gait,0.5,0,0,0,0,0,RL,1,0,39.34961213,-20.98596676,242.5625643,246.6280608,0.006870126931,0.006270693947,0.01295077182,0.01594499098,,,,
915,6.832,1.83,baseline — trained fixed gait,0.5,0,0,0,0,0,RR,0,0,0,0,0,0,1.616204389,-0.2415058026,0.6921429571,1.774684071,,,,
916,6.834,1.832,baseline — trained fixed gait,0.5,0,0,0,0,0,FL,0,0,0,0,0,0,2.090686188,0.3633590115,0.7963860473,2.266545663,,,,
916,6.834,1.832,baseline — trained fixed gait,0.5,0,0,0,0,0,FR,1,0,7.339941148,-1.572033413,199.5831034,199.7242128,0.01791701261,0.0008007002416,-0.003753383241,0.01832343711,,,,
916,6.834,1.832,baseline — trained fixed gait,0.5,0,0,0,0,0,RL,1,0,39.52071766,-20.96290886,243.0513287,247.1341317,0.005742527643,0.006198142067,0.01147342989,0.01424897127,,,,
916,6.834,1.832,baseline — trained fixed gait,0.5,0,0,0,0,0,RR,0,0,0,0,0,0,1.692779448,-0.2499685338,0.7033723108,1.850059225,,,,
917,6.836,1.834,baseline — trained fixed gait,0.5,0,0,0,0,0,FL,0,0,0,0,0,0,2.112962354,0.3783454578,0.7769424881,2.282847964,,,,
917,6.836,1.834,baseline — trained fixed gait,0.5,0,0,0,0,0,FR,1,0,7.357635808,-1.684677213,199.8638825,200.0063611,0.01712868724,0.0008665670659,-0.004192526888,0.01765559817,,,,
917,6.836,1.834,baseline — trained fixed gait,0.5,0,0,0,0,0,RL,1,0,39.61791164,-21.04314055,243.6437311,247.7390974,0.005001277512,0.006167881633,0.009907886447,0.01269731288,,,,
917,6.836,1.834,baseline — trained fixed gait,0.5,0,0,0,0,0,RR,0,0,0,0,0,0,1.74170619,-0.2606075881,0.6924405229,1.892334707,,,,
918,6.838,1.836,baseline — trained fixed gait,0.5,0,0,0,0,0,FL,0,0,0,0,0,0,2.120139881,0.3930534694,0.7472057939,2.282060614,,,,
918,6.838,1.836,baseline — trained fixed gait,0.5,0,0,0,0,0,FR,1,0,7.349161415,-1.777258946,200.1804133,200.3231557,0.0166055284,0.0008873353451,-0.004544163624,0.01723891994,,,,
918,6.838,1.836,baseline — trained fixed gait,0.5,0,0,0,0,0,RL,1,0,39.66310874,-21.2055942,244.3309671,248.4360298,0.004488810481,0.006183431755,0.008322532226,0.01129817642,,,,
918,6.838,1.836,baseline — trained fixed gait,0.5,0,0,0,0,0,RR,0,0,0,0,0,0,1.770187511,-0.2719755058,0.6659792615,1.910775465,,,,
919,6.84,1.838,baseline — trained fixed gait,0.5,0,0,0,0,0,FL,0,0,0,0,0,0,2.116382409,0.4065402114,0.7108596193,2.269288621,,,,
919,6.84,1.838,baseline — trained fixed gait,0.5,0,0,0,0,0,FR,1,0,7.324839905,-1.850711952,200.5266818,200.6689525,0.01624548876,0.0008810836211,-0.004820592702,0.01696850987,,,,
919,6.84,1.838,baseline — trained fixed gait,0.5,0,0,0,0,0,RL,1,0,39.67096414,-21.43251945,245.1096108,249.2225102,0.00410773863,0.006239440349,0.006767795269,0.01008003895,,,,
919,6.84,1.838,baseline — trained fixed gait,0.5,0,0,0,0,0,RR,0,0,0,0,0,0,1.783689009,-0.2830417501,0.629020488,1.912413629,,,,
920,6.842,1.84,baseline — trained fixed gait,0.5,0,0,0,0,0,FL,0,0,0,0,0,0,2.104805306,0.418196293,0.6706735744,2.248309711,,,,
920,6.842,1.84,baseline — trained fixed gait,0.5,0,0,0,0,0,FR,1,0,10.49649288,-1.609780909,204.263099,204.5389483,0.01598751946,0.0008584241444,-0.005033772553,0.01678322188,,,,
920,6.842,1.84,baseline — trained fixed gait,0.5,0,0,0,0,0,RL,1,0,44.23052772,-21.21079242,241.0245342,245.9655736,0.003803221917,0.006328095334,0.005285261883,0.00907982823,,,,
920,6.842,1.84,baseline — trained fixed gait,0.5,0,0,0,0,0,RR,0,0,0,0,0,0,1.786333464,-0.2930965291,0.5853650071,1.902510187,,,,
921,6.844,1.842,baseline — trained fixed gait,0.5,0,0,0,0,0,FL,0,0,0,0,0,0,2.132533557,0.4219718404,0.6644730047,2.27316607,,,,
921,6.844,1.842,baseline — trained fixed gait,0.5,0,0,0,0,0,FR,1,0,10.47634978,-1.642256973,204.5923824,204.867015,0.01534699439,0.0008032643883,-0.005476216424,0.01631454618,,,,
921,6.844,1.842,baseline — trained fixed gait,0.5,0,0,0,0,0,RL,1,0,44.27718771,-21.35995282,242.0131155,246.9555932,0.002845187148,0.006374951866,0.004258051346,0.008177169588,,,,
921,6.844,1.842,baseline — trained fixed gait,0.5,0,0,0,0,0,RR,0,0,0,0,0,0,1.829119604,-0.2968490711,0.5763871386,1.940623619,,,,
922,6.846,1.844,baseline — trained fixed gait,0.5,0,0,0,0,0,FL,0,0,0,0,0,0,2.145410459,0.4260378904,0.6473157172,2.28107693,,,,
922,6.846,1.844,baseline — trained fixed gait,0.5,0,0,0,0,0,FR,1,0,10.44231401,-1.66433566,204.9348866,205.207504,0.01494484042,0.000749983792,-0.005737537376,0.01602591857,,,,
922,6.846,1.844,baseline — trained fixed gait,0.5,0,0,0,0,0,RL,1,0,44.26536616,-21.58315938,243.1196659,248.0573066,0.002179659102,0.006446594631,0.003188275429,0.007514958173,,,,
922,6.846,1.844,baseline — trained fixed gait,0.5,0,0,0,0,0,RR,0,0,0,0,0,0,1.854291745,-0.3013057467,0.5537425518,1.958523383,,,,
923,6.848,1.846,baseline — trained fixed gait,0.5,0,0,0,0,0,FL,0,0,0,0,0,0,2.147245901,0.429524086,0.6227609907,2.27661748,,,,
923,6.848,1.846,baseline — trained fixed gait,0.5,0,0,0,0,0,FR,1,0,10.40109235,-1.674883463,205.2878083,205.5579534,0.01468828551,0.0006979330595,-0.005874919032,0.01583500917,,,,
923,6.848,1.846,baseline — trained fixed gait,0.5,0,0,0,0,0,RL,1,0,44.21455473,-21.86643536,244.3284202,249.2577878,0.001699773721,0.006541851692,0.002147551081,0.007092039898,,,,
923,6.848,1.846,baseline — trained fixed gait,0.5,0,0,0,0,0,RR,0,0,0,0,0,0,1.866394768,-0.3056003722,0.5217926641,1.961909427,,,,
924,6.85,1.848,baseline — trained fixed gait,0.5,0,0,0,0,0,FL,0,0,0,0,0,0,2.140932062,0.4318544186,0.5935099593,2.263259244,,,,
924,6.85,1.848,baseline — trained fixed gait,0.5,0,0,0,0,0,FR,1,0,10.35573123,-1.673460122,205.6516327,205.9190027,0.01452125423,0.0006466711456,-0.00593170739,0.01569936816,,,,
924,6.85,1.848,baseline — trained fixed gait,0.5,0,0,0,0,0,RL,1,0,44.137973,-22.19767699,245.6295943,250.5489875,0.001337195745,0.006655909447,0.00117663151,0.006890115002,,,,
924,6.85,1.848,baseline — trained fixed gait,0.5,0,0,0,0,0,RR,0,0,0,0,0,0,1.868882916,-0.3091330191,0.4838454166,1.955094106,,,,
925,6.852,1.85,baseline — trained fixed gait,0.5,0,0,0,0,0,FL,0,0,0,0,0,0,2.12865104,0.4326742428,0.5615929773,2.243601774,,,,
925,6.852,1.85,baseline — trained fixed gait,0.5,0,0,0,0,0,FR,1,0,6.639775326,0.3502267542,215.8062915,215.9086953,0.01441081295,0.0005959005987,-0.005938674648,0.01559789999,,,,
925,6.852,1.85,baseline — trained fixed gait,0.5,0,0,0,0,0,RL,1,0,45.81948903,-21.45333179,240.7256038,245.9847299,0.00105225402,0.006783897546,0.0002999449893,0.006871569794,,,,
925,6.852,1.85,baseline — trained fixed gait,0.5,0,0,0,0,0,RR,0,0,0,0,0,0,1.864366555,-0.3115069813,0.4423899936,1.941290333,,,,
926,6.854,1.852,baseline — trained fixed gait,0.5,0,0,0,0,0,FL,0,0,0,0,0,0,2.147875558,0.4285063181,0.5594739194,2.260530501,,,,
926,6.854,1.852,baseline — trained fixed gait,0.5,0,0,0,0,0,FR,1,0,6.436543714,0.3971153822,216.3216255,216.4177268,0.01495319831,0.000250146156,-0.006685292402,0.01638150932,,,,
926,6.854,1.852,baseline — trained fixed gait,0.5,0,0,0,0,0,RL,1,0,45.77582454,-21.7016123,242.2055986,247.4468389,0.000493945587,0.006776313381,-1.287208169e-05,0.006794304304,,,,
926,6.854,1.852,baseline — trained fixed gait,0.5,0,0,0,0,0,RR,0,0,0,0,0,0,1.895600651,-0.3116510199,0.4345599538,1.969586388,,,,
927,6.856,1.854,baseline — trained fixed gait,0.5,0,0,0,0,0,FL,0,0,0,0,0,0,2.155305227,0.424618127,0.548281485,2.264123178,,,,
927,6.856,1.854,baseline — trained fixed gait,0.5,0,0,0,0,0,FR,1,0,6.291431641,0.4426686015,216.7826552,216.8743822,0.01528686414,2.541661438e-05,-0.007047220411,0.01683306796,,,,
927,6.856,1.854,baseline — trained fixed gait,0.5,0,0,0,0,0,RL,1,0,45.69690567,-22.01256453,243.7817252,249.0025898,8.671497901e-05,0.006821942083,-0.0004387125978,0.00683658409,,,,
927,6.856,1.854,baseline — trained fixed gait,0.5,0,0,0,0,0,RR,0,0,0,0,0,0,1.913205509,-0.3121322033,0.416037414,1.982641915,,,,
928,6.858,1.856,baseline — trained fixed gait,0.5,0,0,0,0,0,FL,0,0,0,0,0,0,2.153804783,0.420377591,0.5308603307,2.257743354,,,,
928,6.858,1.856,baseline — trained fixed gait,0.5,0,0,0,0,0,FR,1,0,6.185740834,0.4915733117,217.2078976,217.2965159,0.01549058317,-0.0001278363943,-0.007158676885,0.01706520331,,,,
928,6.858,1.856,baseline — trained fixed gait,0.5,0,0,0,0,0,RL,1,0,45.59485557,-22.37377053,245.4426996,250.6423652,-0.0002204988335,0.00690536958,-0.0009064154664,0.006968094271,,,,
928,6.858,1.856,baseline — trained fixed gait,0.5,0,0,0,0,0,RR,0,0,0,0,0,0,1.920542759,-0.3123259559,0.3902103855,1.984514081,,,,
929,6.86,1.858,baseline — trained fixed gait,0.5,0,0,0,0,0,FL,0,0,0,0,0,0,2.145570919,0.4153686713,0.5093806128,2.243986254,,,,
929,6.86,1.858,baseline — trained fixed gait,0.5,0,0,0,0,0,FR,1,0,6.106142823,0.5608465307,217.6132727,217.6996462,0.01561574746,-0.0002388407384,-0.00711576216,0.01716224591,,,,
929,6.86,1.858,baseline — trained fixed gait,0.5,0,0,0,0,0,RL,1,0,45.47810718,-22.77396238,247.1799441,252.3585472,-0.0004605368462,0.007014763454,-0.001372121491,0.007162521755,,,,
929,6.86,1.858,baseline — trained fixed gait,0.5,0,0,0,0,0,RR,0,0,0,0,0,0,1.920188482,-0.3118029082,0.3596581693,1.978307069,,,,
930,6.862,1.86,baseline — trained fixed gait,0.5,0,0,0,0,0,FL,0,0,0,0,0,0,2.132279572,0.4093352077,0.4854822115,2.224829086,,,,
930,6.862,1.86,baseline — trained fixed gait,0.5,0,0,0,0,0,FR,1,0,-0.4011231794,2.706214564,226.8050255,226.8215247,0.01569399042,-0.0003269829301,-0.006987333772,0.01718228991,,,,
930,6.862,1.86,baseline — trained fixed gait,0.5,0,0,0,0,0,RL,1,0,45.8654913,-22.57305368,246.0382304,251.2926518,-0.0006531622925,0.007141352933,-0.001809263269,0.007395875626,,,,
930,6.862,1.86,baseline — trained fixed gait,0.5,0,0,0,0,0,RR,0,0,0,0,0,0,1.914105866,-0.3102861012,0.3263267837,1.966359047,,,,
931,6.864,1.862,baseline — trained fixed gait,0.5,0,0,0,0,0,FL,0,0,0,0,0,0,2.134195096,0.4014889469,0.4781422004,2.223646115,,,,
931,6.864,1.862,baseline — trained fixed gait,0.5,0,0,0,0,0,FR,1,0,-0.6456638912,2.8052544,227.3909197,227.4091394,0.01674681911,-0.0007099475715,-0.007489508544,0.01835899545,,,,
931,6.864,1.862,baseline — trained fixed gait,0.5,0,0,0,0,0,RL,1,0,45.76838134,-22.91098247,247.8872247,253.1160485,-0.000920458111,0.007195994428,-0.001985043297,0.007521301472,,,,
931,6.864,1.862,baseline — trained fixed gait,0.5,0,0,0,0,0,RR,0,0,0,0,0,0,1.93259758,-0.3067649616,0.3206241604,1.98288628,,,,
932,6.866,1.864,baseline — trained fixed gait,0.5,0,0,0,0,0,FL,0,0,0,0,0,0,2.128749871,0.3934907675,0.4654738419,2.214289253,,,,
932,6.866,1.864,baseline — trained fixed gait,0.5,0,0,0,0,0,FR,1,0,-0.8082600703,2.898837404,227.9038302,227.9236986,0.01738588183,-0.0009574942821,-0.007661207267,0.01902313799,,,,
932,6.866,1.864,baseline — trained fixed gait,0.5,0,0,0,0,0,RL,1,0,45.65891372,-23.29573658,249.7987589,255.0036229,-0.001125290829,0.007280966881,-0.002214726525,0.00769309897,,,,
932,6.866,1.864,baseline — trained fixed gait,0.5,0,0,0,0,0,RR,0,0,0,0,0,0,1.940508975,-0.3034131283,0.3062845341,1.987824143,,,,
933,6.868,1.866,baseline — trained fixed gait,0.5,0,0,0,0,0,FL,0,0,0,0,0,0,2.117663103,0.3850155778,0.4492503723,2.198763268,,,,
933,6.868,1.866,baseline — trained fixed gait,0.5,0,0,0,0,0,FR,1,0,-0.9173989824,2.991735781,228.3709142,228.3923522,0.01777056799,-0.001124905102,-0.007628834744,0.01937156725,,,,
933,6.868,1.866,baseline — trained fixed gait,0.5,0,0,0,0,0,RL,1,0,45.54252561,-23.71806247,251.7667383,256.94972,-0.001285845252,0.007388065648,-0.002462304079,0.007893025618,,,,
933,6.868,1.866,baseline — trained fixed gait,0.5,0,0,0,0,0,RR,0,0,0,0,0,0,1.940371373,-0.2997780587,0.28599421,1.984112053,,,,
934,6.87,1.868,baseline — trained fixed gait,0.5,0,0,0,0,0,FL,0,0,0,0,0,0,2.102258442,0.3758656651,0.4308180402,2.178616474,,,,
934,6.87,1.868,baseline — trained fixed gait,0.5,0,0,0,0,0,FR,1,0,-0.9925772542,3.086347157,228.8106179,228.8335849,0.01800221419,-0.001244836181,-0.007479507235,0.01953387727,,,,
934,6.87,1.868,baseline — trained fixed gait,0.5,0,0,0,0,0,RL,1,0,45.42313565,-24.17033237,253.7858646,258.9492832,-0.001413803856,0.007510697392,-0.002705632983,0.008107395789,,,,
934,6.87,1.868,baseline — trained fixed gait,0.5,0,0,0,0,0,RR,0,0,0,0,0,0,1.934137953,-0.2955514824,0.2618071585,1.974027175,,,,
935,6.872,1.87,baseline — trained fixed gait,0.5,0,0,0,0,0,FL,0,0,0,0,0,0,2.083550512,0.3659386376,0.4111862053,2.15503316,,,,
935,6.872,1.87,baseline — trained fixed gait,0.5,0,0,0,0,0,FR,1,0,-11.86352924,5.036660435,241.2813645,241.6253466,0.01814223162,-0.001336582697,-0.00727444086,0.01959195017,,,,
935,6.872,1.87,baseline — trained fixed gait,0.5,0,0,0,0,0,RL,1,0,44.71676927,-24.0851256,253.6837343,258.7182247,-0.001516490525,0.007643752995,-0.002931880181,0.008326020944,,,,
935,6.872,1.87,baseline — trained fixed gait,0.5,0,0,0,0,0,RR,0,0,0,0,0,0,1.92330873,-0.2905353579,0.2352795026,1.959306946,,,,
936,6.874,1.872,baseline — trained fixed gait,0.5,0,0,0,0,0,FL,0,0,0,0,0,0,2.067031693,0.3556634074,0.3957722726,2.134420805,,,,
936,6.874,1.872,baseline — trained fixed gait,0.5,0,0,0,0,0,FR,1,0,-12.07098981,5.220308116,241.865966,242.2232563,0.01986731434,-0.001909883589,-0.006241166845,0.02091195826,,,,
936,6.874,1.872,baseline — trained fixed gait,0.5,0,0,0,0,0,RL,1,0,44.60812175,-24.49520109,255.775508,260.7892059,-0.00154467888,0.007712253554,-0.002974098303,0.008408932658,,,,
936,6.874,1.872,baseline — trained fixed gait,0.5,0,0,0,0,0,RR,0,0,0,0,0,0,1.927810933,-0.2847389593,0.229313308,1.962171211,,,,
937,6.876,1.874,baseline — trained fixed gait,0.5,0,0,0,0,0,FL,0,0,0,0,0,0,2.047516041,0.3447793808,0.3792341945,2.110690251,,,,
937,6.876,1.874,baseline — trained fixed gait,0.5,0,0,0,0,0,FR,1,0,-12.18303883,5.381845227,242.3702436,242.7359176,0.02088036435,-0.002275070848,-0.005371479849,0.02167990679,,,,
937,6.876,1.874,baseline — trained fixed gait,0.5,0,0,0,0,0,RL,1,0,44.50202018,-24.93641531,257.9017979,262.8984442,-0.001585308102,0.007809394078,-0.00306622393,0.008538241437,,,,
937,6.876,1.874,baseline — trained fixed gait,0.5,0,0,0,0,0,RR,0,0,0,0,0,0,1.924666929,-0.2789109388,0.2168837422,1.956827192,,,,
938,6.878,1.876,baseline — trained fixed gait,0.5,0,0,0,0,0,FL,0,0,0,0,0,0,2.025666249,0.33325403,0.3622078535,2.084604646,,,,
938,6.878,1.876,baseline — trained fixed gait,0.5,0,0,0,0,0,FR,1,0,-12.24043199,5.530340513,242.8337908,243.204981,0.02146872228,-0.002517098464,-0.004664943785,0.02211342401,,,,
938,6.878,1.876,baseline — trained fixed gait,0.5,0,0,0,0,0,RL,1,0,44.39950507,-25.40218596,260.0596136,265.0426187,-0.001628585243,0.00792555367,-0.00318266406,0.008694598403,,,,
938,6.878,1.876,baseline — trained fixed gait,0.5,0,0,0,0,0,RR,0,0,0,0,0,0,1.915682288,-0.2727583884,0.2000057769,1.94531182,,,,
939,6.88,1.878,baseline — trained fixed gait,0.5,0,0,0,0,0,FL,0,0,0,0,0,0,2.001991357,0.3210992787,0.3451535443,2.056746243,,,,
939,6.88,1.878,baseline — trained fixed gait,0.5,0,0,0,0,0,FR,1,0,-12.26790026,5.671217521,243.2796404,243.6547712,0.02180905352,-0.002686164703,-0.004104387614,0.02235388767,,,,
939,6.88,1.878,baseline — trained fixed gait,0.5,0,0,0,0,0,RL,1,0,44.30163328,-25.8871811,262.2453727,267.2179193,-0.001668486009,0.008053970113,-0.003306536134,0.008864731318,,,,
939,6.88,1.878,baseline — trained fixed gait,0.5,0,0,0,0,0,RR,0,0,0,0,0,0,1.902256431,-0.26608692,0.1802231826,1.929212838,,,,
940,6.882,1.88,baseline — trained fixed gait,0.5,0,0,0,0,0,FL,0,0,0,0,0,0,1.97688161,0.3083584547,0.3283947909,2.027557392,,,,
940,6.882,1.88,baseline — trained fixed gait,0.5,0,0,0,0,0,FR,1,0,-20.71755833,8.436564268,256.5380066,257.5114399,0.02200578296,-0.002811994034,-0.003670300117,0.02248628242,,,,
940,6.882,1.88,baseline — trained fixed gait,0.5,0,0,0,0,0,RL,1,0,44.13529835,-26.53076876,265.3739293,270.3241177,-0.001701661812,0.008189773211,-0.003427598909,0.009039716393,,,,
940,6.882,1.88,baseline — trained fixed gait,0.5,0,0,0,0,0,RR,0,0,0,0,0,0,1.885469435,-0.258777123,0.158706908,1.909750892,,,,
941,6.884,1.882,baseline — trained fixed gait,0.5,0,0,0,0,0,FL,0,0,0,0,0,0,1.944276167,0.2964402687,0.3051756138,1.990281086,,,,
941,6.884,1.882,baseline — trained fixed gait,0.5,0,0,0,0,0,FR,1,0,-20.9540472,8.618177825,257.181888,258.1779786,0.02339207524,-0.003286195156,-0.004274522514,0.024005412,,,,
941,6.884,1.882,baseline — trained fixed gait,0.5,0,0,0,0,0,RL,1,0,44.04720265,-26.98531693,267.5913437,272.5316323,-0.001720496886,0.008353967471,-0.003603681065,0.00925934119,,,,
941,6.884,1.882,baseline — trained fixed gait,0.5,0,0,0,0,0,RR,0,0,0,0,0,0,1.875961438,-0.2504168127,0.1502768495,1.898558144,,,,
942,6.886,1.884,baseline — trained fixed gait,0.5,0,0,0,0,0,FL,0,0,0,0,0,0,1.91235367,0.2835676532,0.2847820212,1.954125885,,,,
942,6.886,1.884,baseline — trained fixed gait,0.5,0,0,0,0,0,FR,1,0,-21.09293139,8.78474021,257.7440182,258.7548305,0.02422678994,-0.003589489652,-0.004518024864,0.02490450432,,,,
942,6.886,1.884,baseline — trained fixed gait,0.5,0,0,0,0,0,RL,1,0,43.96982749,-27.45441041,269.8162128,274.7505761,-0.001733503182,0.008504506488,-0.003736278534,0.009449414858,,,,
942,6.886,1.884,baseline — trained fixed gait,0.5,0,0,0,0,0,RR,0,0,0,0,0,0,1.861623492,-0.2419187689,0.1377015747,1.882319962,,,,
943,6.888,1.886,baseline — trained fixed gait,0.5,0,0,0,0,0,FL,0,0,0,0,0,0,1.880924952,0.2699489978,0.2667928089,1.918835465,,,,
943,6.888,1.886,baseline — trained fixed gait,0.5,0,0,0,0,0,FR,1,0,-21.16801311,8.942575296,258.2561648,259.2764955,0.02472113548,-0.003791619479,-0.00453710301,0.02541842288,,,,
943,6.888,1.886,baseline — trained fixed gait,0.5,0,0,0,0,0,RL,1,0,43.90297384,-27.93506198,272.0460044,276.9780989,-0.001739002937,0.008646968905,-0.003835444869,0.009617943637,,,,
943,6.888,1.886,baseline — trained fixed gait,0.5,0,0,0,0,0,RR,0,0,0,0,0,0,1.843617855,-0.2331229832,0.1223382699,1.862321072,,,,
944,6.89,1.888,baseline — trained fixed gait,0.5,0,0,0,0,0,FL,0,0,0,0,0,0,1.849838671,0.2557687326,0.2508404045,1.884208497,,,,
944,6.89,1.888,baseline — trained fixed gait,0.5,0,0,0,0,0,FR,1,0,-21.20214585,9.095086704,258.7388845,259.7653979,0.0250102921,-0.003933980739,-0.004423653744,0.02570135459,,,,
944,6.89,1.888,baseline — trained fixed gait,0.5,0,0,0,0,0,RL,1,0,43.84656006,-28.42453156,274.2779579,279.211162,-0.001736263938,0.00878420862,-0.00390951285,0.009770426003,,,,
944,6.89,1.888,baseline — trained fixed gait,0.5,0,0,0,0,0,RR,0,0,0,0,0,0,1.822846808,-0.2239296172,0.1052239817,1.839561645,,,,
945,6.892,1.89,baseline — trained fixed gait,0.5,0,0,0,0,0,FL,0,0,0,0,0,0,1.818975684,0.2411898076,0.2366051717,1.850088395,,,,
945,6.892,1.89,baseline — trained fixed gait,0.5,0,0,0,0,0,FR,1,0,-29.33753768,11.79788888,272.0357675,273.8673768,0.02517623608,-0.004041205188,-0.004242415804,0.02584902889,,,,
945,6.892,1.89,baseline — trained fixed gait,0.5,0,0,0,0,0,RL,1,0,43.61915343,-29.16675923,278.4046532,283.3063382,-0.001725159974,0.008917509789,-0.003965288839,0.009910684808,,,,
945,6.892,1.89,baseline — trained fixed gait,0.5,0,0,0,0,0,RR,0,0,0,0,0,0,1.800008114,-0.2142840553,0.08714192648,1.814811445,,,,
946,6.894,1.892,baseline — trained fixed gait,0.5,0,0,0,0,0,FL,0,0,0,0,0,0,1.775106266,0.2287121057,0.2072971712,1.801744599,,,,
946,6.894,1.892,baseline — trained fixed gait,0.5,0,0,0,0,0,FR,1,0,-29.5410677,12.00112033,272.6632649,274.5213245,0.02647958987,-0.004486500505,-0.004953007669,0.02730988194,,,,
946,6.894,1.892,baseline — trained fixed gait,0.5,0,0,0,0,0,RL,1,0,43.57818797,-29.62898478,280.5964009,285.5017958,-0.001670962683,0.009085457228,-0.004141358726,0.01012366048,,,,
946,6.894,1.892,baseline — trained fixed gait,0.5,0,0,0,0,0,RR,0,0,0,0,0,0,1.779047702,-0.203433878,0.07308592461,1.792132144,,,,
947,6.896,1.894,baseline — trained fixed gait,0.5,0,0,0,0,0,FL,0,0,0,0,0,0,1.734658918,0.2149566473,0.1841427793,1.757599638,,,,
947,6.896,1.894,baseline — trained fixed gait,0.5,0,0,0,0,0,FR,1,0,-29.64519744,12.18808285,273.2054253,275.0792458,0.02725744548,-0.004769926441,-0.005224143014,0.02816047234,,,,
947,6.896,1.894,baseline — trained fixed gait,0.5,0,0,0,0,0,RL,1,0,43.55418891,-30.09297726,282.7704916,287.6833425,-0.001622172895,0.009230235763,-0.00424220214,0.01028712672,,,,
947,6.896,1.894,baseline — trained fixed gait,0.5,0,0,0,0,0,RR,0,0,0,0,0,0,1.75615112,-0.1923069832,0.05799020752,1.767600519,,,,
948,6.898,1.896,baseline — trained fixed gait,0.5,0,0,0,0,0,FL,0,0,0,0,0,0,1.696826834,0.200327272,0.1658216484,1.716638908,,,,
948,6.898,1.896,baseline — trained fixed gait,0.5,0,0,0,0,0,FR,1,0,-29.68352425,12.36430403,273.6946207,275.5770909,0.02770925526,-0.004957685791,-0.0052247575,0.02863004656,,,,
948,6.898,1.896,baseline — trained fixed gait,0.5,0,0,0,0,0,RL,1,0,43.54540316,-30.55799062,284.9256307,289.8492849,-0.001573951771,0.009359847376,-0.004293795837,0.0104173293,,,,
948,6.898,1.896,baseline — trained fixed gait,0.5,0,0,0,0,0,RR,0,0,0,0,0,0,1.73181066,-0.1808832571,0.04240365739,1.741747681,,,,
949,6.9,1.898,baseline — trained fixed gait,0.5,0,0,0,0,0,FL,0,0,0,0,0,0,1.660977891,0.1851496984,0.1512610099,1.678096499,,,,
949,6.9,1.898,baseline — trained fixed gait,0.5,0,0,0,0,0,FR,1,0,-29.67916137,12.53273796,274.1522425,276.0387186,0.02796408797,-0.005089087027,-0.005068448367,0.02887175422,,,,
949,6.9,1.898,baseline — trained fixed gait,0.5,0,0,0,0,0,RL,1,0,43.55060643,-31.02313097,287.0601164,291.9976034,-0.001523533543,0.009479060806,-0.004314780551,0.01052573415,,,,
949,6.9,1.898,baseline — trained fixed gait,0.5,0,0,0,0,0,RR,0,0,0,0,0,0,1.706406542,-0.1691629663,0.02673052036,1.714979276,,,,
950,6.902,1.9,baseline — trained fixed gait,0.5,0,0,0,0,0,FL,0,0,0,0,0,0,1.6266203,0.1696860308,0.1395936163,1.641393714,,,,
950,6.902,1.9,baseline — trained fixed gait,0.5,0,0,0,0,0,FR,1,0,-37.0970119,14.70518177,284.9263563,287.7072456,0.02810069517,-0.005187548942,-0.004833727712,0.02898145367,,,,
950,6.902,1.9,baseline — trained fixed gait,0.5,0,0,0,0,0,RL,1,0,44.31983526,-31.3115189,289.6608162,294.6999278,-0.001469502633,0.009590619474,-0.004318307268,0.01062013171,,,,
950,6.902,1.9,baseline — trained fixed gait,0.5,0,0,0,0,0,RR,0,0,0,0,0,0,1.680231668,-0.1571607824,0.0112616766,1.687603269,,,,
951,6.904,1.902,baseline — trained fixed gait,0.5,0,0,0,0,0,FL,0,0,0,0,0,0,1.575915212,0.1570643119,0.1063380465,1.587288799,,,,
951,6.904,1.902,baseline — trained fixed gait,0.5,0,0,0,0,0,FR,1,0,-37.21875045,14.911806,285.4761487,288.2780408,0.02925088454,-0.005551017898,-0.005296155093,0.03024032581,,,,
951,6.904,1.902,baseline — trained fixed gait,0.5,0,0,0,0,0,RL,1,0,44.36707452,-31.78482999,291.6973057,296.7592136,-0.001508377992,0.009682681735,-0.004345937735,0.01071992092,,,,
951,6.904,1.902,baseline — trained fixed gait,0.5,0,0,0,0,0,RR,0,0,0,0,0,0,1.647220827,-0.1456294987,-0.01557383524,1.653719127,,,,
952,6.906,1.904,baseline — trained fixed gait,0.5,0,0,0,0,0,FL,0,0,0,0,0,0,1.530532429,0.1429205946,0.08180232874,1.539365919,,,,
952,6.906,1.904,baseline — trained fixed gait,0.5,0,0,0,0,0,FR,1,0,-37.25567085,15.10379732,285.9559446,288.7679206,0.02992739942,-0.005784266431,-0.005415111433,0.03095852719,,,,
952,6.906,1.904,baseline — trained fixed gait,0.5,0,0,0,0,0,RL,1,0,44.42236505,-32.2465846,293.7117002,298.7971746,-0.00150507952,0.009780547876,-0.004352266744,0.01081048597,,,,
952,6.906,1.904,baseline — trained fixed gait,0.5,0,0,0,0,0,RR,0,0,0,0,0,0,1.616158837,-0.133329016,-0.03804734714,1.622095439,,,,
953,6.908,1.906,baseline — trained fixed gait,0.5,0,0,0,0,0,FL,0,0,0,0,0,0,1.489256385,0.1278068551,0.06395857564,1.496098216,,,,
953,6.908,1.906,baseline — trained fixed gait,0.5,0,0,0,0,0,FR,1,0,-37.23756038,15.28823508,286.396459,289.2115105,0.03031140465,-0.005941179331,-0.005331509901,0.03134491763,,,,
953,6.908,1.906,baseline — trained fixed gait,0.5,0,0,0,0,0,RL,1,0,44.48713026,-32.69652854,295.6990225,300.8090418,-0.001474057315,0.009878592237,-0.004347688175,0.01089320072,,,,
953,6.908,1.906,baseline — trained fixed gait,0.5,0,0,0,0,0,RR,0,0,0,0,0,0,1.586622099,-0.1204555689,-0.05693546085,1.592206292,,,,
954,6.91,1.908,baseline — trained fixed gait,0.5,0,0,0,0,0,FL,0,0,0,0,0,0,1.451135625,0.1121435475,0.05118074856,1.45636199,,,,
954,6.91,1.908,baseline — trained fixed gait,0.5,0,0,0,0,0,FR,1,0,-37.18415073,15.46016519,286.8148557,289.628105,0.03051958154,-0.006054017618,-0.005137005273,0.03153545322,,,,
954,6.91,1.908,baseline — trained fixed gait,0.5,0,0,0,0,0,RL,1,0,44.56212078,-33.13928782,297.655867,302.7920246,-0.001424599725,0.009973625444,-0.004339395153,0.01096964171,,,,
954,6.91,1.908,baseline — trained fixed gait,0.5,0,0,0,0,0,RR,0,0,0,0,0,0,1.558275514,-0.1072629517,-0.07289037452,1.563662663,,,,
955,6.912,1.91,baseline — trained fixed gait,0.5,0,0,0,0,0,FL,0,0,0,0,0,0,1.4154274,0.09628463581,0.04217380513,1.419325222,,,,
955,6.912,1.91,baseline — trained fixed gait,0.5,0,0,0,0,0,FR,1,0,-43.39989044,17.44736922,297.3705702,301.0269376,0.03062329458,-0.006140743232,-0.004893231283,0.03161389901,,,,
955,6.912,1.91,baseline — trained fixed gait,0.5,0,0,0,0,0,RL,1,0,44.75646182,-33.14851135,298.9939299,304.1370329,-0.001362417979,0.01006445802,-0.004331797183,0.0110414657,,,,
955,6.912,1.91,baseline — trained fixed gait,0.5,0,0,0,0,0,RR,0,0,0,0,0,0,1.530849984,-0.09378040723,-0.08643754032,1.536153601,,,,
956,6.914,1.912,baseline — trained fixed gait,0.5,0,0,0,0,0,FL,0,0,0,0,0,0,1.361258558,0.08312001611,0.006565041223,1.363809701,,,,
956,6.914,1.912,baseline — trained fixed gait,0.5,0,0,0,0,0,FR,1,0,-43.45276701,17.65715216,297.844197,301.5146491,0.03158219509,-0.006463790377,-0.005341780278,0.03267644793,,,,
956,6.914,1.912,baseline — trained fixed gait,0.5,0,0,0,0,0,RL,1,0,44.86331663,-33.59541309,300.8389651,306.0154439,-0.001306405286,0.01010379508,-0.004285618315,0.01105259672,,,,
956,6.914,1.912,baseline — trained fixed gait,0.5,0,0,0,0,0,RR,0,0,0,0,0,0,1.493988747,-0.080209606,-0.1159706005,1.500628248,,,,
957,6.916,1.914,baseline — trained fixed gait,0.5,0,0,0,0,0,FL,0,0,0,0,0,0,1.313710861,0.06831426911,-0.01839504381,1.315614473,,,,
957,6.916,1.914,baseline — trained fixed gait,0.5,0,0,0,0,0,FR,1,0,-43.4335131,17.85142231,298.2606673,301.9347098,0.03214195465,-0.006671650806,-0.005467417049,0.03327925514,,,,
957,6.916,1.914,baseline — trained fixed gait,0.5,0,0,0,0,0,RL,1,0,44.97839339,-34.02331913,302.6511215,307.8609158,-0.001240262442,0.01016376618,-0.004261431668,0.01109054525,,,,
957,6.916,1.914,baseline — trained fixed gait,0.5,0,0,0,0,0,RR,0,0,0,0,0,0,1.460955678,-0.06583549449,-0.138348933,1.468967744,,,,
958,6.918,1.916,baseline — trained fixed gait,0.5,0,0,0,0,0,FL,0,0,0,0,0,0,1.271306743,0.05251802899,-0.0352786215,1.272880025,,,,
958,6.918,1.916,baseline — trained fixed gait,0.5,0,0,0,0,0,FR,1,0,-43.36723825,18.03376242,298.6454171,302.3160914,0.03245470348,-0.006812097457,-0.005402500535,0.03359909912,,,,
958,6.918,1.916,baseline — trained fixed gait,0.5,0,0,0,0,0,RL,1,0,45.1026756,-34.43416952,304.4257303,309.66916,-0.001166267676,0.01023159916,-0.004253896038,0.01114187745,,,,
958,6.918,1.916,baseline — trained fixed gait,0.5,0,0,0,0,0,RR,0,0,0,0,0,0,1.430869469,-0.05094971269,-0.1551204518,1.440154736,,,,
959,6.92,1.918,baseline — trained fixed gait,0.5,0,0,0,0,0,FL,0,0,0,0,0,0,1.232885538,0.03623555016,-0.04613642891,1.234280493,,,,
959,6.92,1.918,baseline — trained fixed gait,0.5,0,0,0,0,0,FR,1,0,-43.2708355,18.20616025,299.0148153,302.6775334,0.03261864925,-0.006913198797,-0.005232996894,0.03375133854,,,,
959,6.92,1.918,baseline — trained fixed gait,0.5,0,0,0,0,0,RL,1,0,45.23690399,-34.82979886,306.158735,311.4364516,-0.001086012992,0.01030028188,-0.004258836975,0.01119879116,,,,
959,6.92,1.918,baseline — trained fixed gait,0.5,0,0,0,0,0,RR,0,0,0,0,0,0,1.403034108,-0.03578003724,-0.1675360811,1.41345437,,,,
960,6.922,1.92,baseline — trained fixed gait,0.5,0,0,0,0,0,FL,0,0,0,0,0,0,1.197539947,0.01985385223,-0.05259040015,1.198858562,,,,
960,6.922,1.92,baseline — trained fixed gait,0.5,0,0,0,0,0,FR,1,0,-48.26517248,20.21710833,310.8589611,315.2325365,0.0326936417,-0.006991543007,-0.005016053469,0.03380705065,,,,
960,6.922,1.92,baseline — trained fixed gait,0.5,0,0,0,0,0,RL,1,0,44.9539906,-34.47472812,306.1139717,311.3119525,-0.001000614082,0.01036612576,-0.004272992868,0.0112568317,,,,
960,6.922,1.92,baseline — trained fixed gait,0.5,0,0,0,0,0,RR,0,0,0,0,0,0,1.376902812,-0.02050326008,-0.1766014655,1.388333467,,,,
961,6.924,1.922,baseline — trained fixed gait,0.5,0,0,0,0,0,FL,0,0,0,0,0,0,1.139346237,0.006461743297,-0.09495845871,1.14331479,,,,
961,6.924,1.922,baseline — trained fixed gait,0.5,0,0,0,0,0,FR,1,0,-48.25742194,20.42804554,311.2255514,315.6064442,0.03348264493,-0.007305549994,-0.005575032991,0.03472088082,,,,
961,6.924,1.922,baseline — trained fixed gait,0.5,0,0,0,0,0,RL,1,0,45.11478719,-34.89613921,307.7216943,312.9628184,-0.0008611682654,0.01034283544,-0.004173590948,0.011186363,,,,
961,6.924,1.922,baseline — trained fixed gait,0.5,0,0,0,0,0,RR,0,0,0,0,0,0,1.334686465,-0.005474600886,-0.2142595767,1.351785892,,,,
962,6.926,1.924,baseline — trained fixed gait,0.5,0,0,0,0,0,FL,0,0,0,0,0,0,1.089622345,-0.009019065905,-0.1235204301,1.09663827,,,,
962,6.926,1.924,baseline — trained fixed gait,0.5,0,0,0,0,0,FR,1,0,-48.18586204,20.62090953,311.5406291,315.9187598,0.03394190623,-0.007503972322,-0.005768376276,0.03523686655,,,,
962,6.926,1.924,baseline — trained fixed gait,0.5,0,0,0,0,0,RL,1,0,45.28304431,-35.29216743,309.2918552,314.5751784,-0.0007430233623,0.01036010934,-0.004133897954,0.01117913509,,,,
962,6.926,1.924,baseline — trained fixed gait,0.5,0,0,0,0,0,RR,0,0,0,0,0,0,1.298807441,0.01059180744,-0.2404855332,1.320926283,,,,
963,6.928,1.926,baseline — trained fixed gait,0.5,0,0,0,0,0,FL,0,0,0,0,0,0,1.046514482,-0.02567952566,-0.1416473914,1.056369246,,,,
963,6.928,1.926,baseline — trained fixed gait,0.5,0,0,0,0,0,FR,1,0,-48.0722202,20.80141781,311.8271101,316.1958,0.03419583076,-0.007634767988,-0.00574292651,0.03550529156,,,,
963,6.928,1.926,baseline — trained fixed gait,0.5,0,0,0,0,0,RL,1,0,45.45921891,-35.65964643,310.8191491,316.1434713,-0.0006365819772,0.01039583742,-0.00413392714,0.01120571398,,,,
963,6.928,1.926,baseline — trained fixed gait,0.5,0,0,0,0,0,RR,0,0,0,0,0,0,1.267803208,0.02727250425,-0.2579135357,1.294058792,,,,
964,6.93,1.928,baseline — trained fixed gait,0.5,0,0,0,0,0,FL,0,0,0,0,0,0,1.008554328,-0.04298117514,-0.1520220164,1.02085254,,,,
964,6.93,1.928,baseline — trained fixed gait,0.5,0,0,0,0,0,FR,1,0,-47.93157911,20.96997098,312.1001594,316.4548711,0.03432496346,-0.007726269478,-0.005594930258,0.03562585579,,,,
964,6.93,1.928,baseline — trained fixed gait,0.5,0,0,0,0,0,RL,1,0,45.64411638,-36.00530768,312.2987606,317.6637899,-0.0005355001968,0.01043704644,-0.004159310064,0.0112480469,,,,
964,6.93,1.928,baseline — trained fixed gait,0.5,0,0,0,0,0,RR,0,0,0,0,0,0,1.24051513,0.04422096109,-0.2686565865,1.270043166,,,,
965,6.932,1.93,baseline — trained fixed gait,0.5,0,0,0,0,0,FL,0,0,0,0,0,0,0.9745888121,-0.06043865564,-0.1567644904,0.9889647563,,,,
965,6.932,1.93,baseline — trained fixed gait,0.5,0,0,0,0,0,FR,1,0,-50.72718908,21.9823139,319.3336252,324.0839922,0.03437904729,-0.007795023508,-0.00538776923,0.03566103393,,,,
965,6.932,1.93,baseline — trained fixed gait,0.5,0,0,0,0,0,RL,1,0,46.29213652,-35.37670712,311.3938181,316.7973852,-0.0004364106827,0.01047734941,-0.00420005736,0.01129627313,,,,
965,6.932,1.93,baseline — trained fixed gait,0.5,0,0,0,0,0,RR,0,0,0,0,0,0,1.216032098,0.0611850456,-0.2743974601,1.248107223,,,,
966,6.934,1.932,baseline — trained fixed gait,0.5,0,0,0,0,0,FL,0,0,0,0,0,0,0.9139253812,-0.07416330161,-0.2042093322,0.9393940862,,,,
966,6.934,1.932,baseline — trained fixed gait,0.5,0,0,0,0,0,FR,1,0,-50.60733469,22.17890322,319.5206059,324.2628928,0.03484388787,-0.007971695655,-0.005636338639,0.03618580891,,,,
966,6.934,1.932,baseline — trained fixed gait,0.5,0,0,0,0,0,RL,1,0,46.51805048,-35.79163491,312.7219548,318.1823238,-0.0004032834778,0.01040580143,-0.004089433029,0.01118779708,,,,
966,6.934,1.932,baseline — trained fixed gait,0.5,0,0,0,0,0,RR,0,0,0,0,0,0,1.165873912,0.07712658846,-0.3271217104,1.213350363,,,,
967,6.936,1.934,baseline — trained fixed gait,0.5,0,0,0,0,0,FL,0,0,0,0,0,0,0.863377859,-0.09041193226,-0.2349497456,0.8993314338,,,,
967,6.936,1.934,baseline — trained fixed gait,0.5,0,0,0,0,0,FR,1,0,-50.45286951,22.36118579,319.6876683,324.4159675,0.03510833561,-0.008087123074,-0.005662018522,0.03646992244,,,,
967,6.936,1.934,baseline — trained fixed gait,0.5,0,0,0,0,0,RL,1,0,46.74238262,-36.16525143,314.0189422,319.5319574,-0.0003483336705,0.01039158301,-0.004055485257,0.01116034473,,,,
967,6.936,1.934,baseline — trained fixed gait,0.5,0,0,0,0,0,RR,0,0,0,0,0,0,1.125647349,0.09460684067,-0.3617352215,1.186121739,,,,
968,6.938,1.936,baseline — trained fixed gait,0.5,0,0,0,0,0,FL,0,0,0,0,0,0,0.8207533395,-0.1081952539,-0.2531216096,0.8656863211,,,,
968,6.938,1.936,baseline — trained fixed gait,0.5,0,0,0,0,0,FR,1,0,-50.27655787,22.53079584,319.8489895,324.559309,0.03524781516,-0.008167244762,-0.005562625453,0.03660676389,,,,
968,6.938,1.936,baseline — trained fixed gait,0.5,0,0,0,0,0,RL,1,0,46.96862712,-36.50286468,315.2758147,320.8385114,-0.0002785933378,0.01040332448,-0.00407071251,0.01117485905,,,,
968,6.938,1.936,baseline — trained fixed gait,0.5,0,0,0,0,0,RR,0,0,0,0,0,0,1.093062221,0.1129783187,-0.3825315456,1.163563278,,,,
969,6.94,1.938,baseline — trained fixed gait,0.5,0,0,0,0,0,FL,0,0,0,0,0,0,0.7843152013,-0.1267510409,-0.2620097106,0.836579494,,,,
969,6.94,1.938,baseline — trained fixed gait,0.5,0,0,0,0,0,FR,1,0,-50.08681623,22.68873024,320.0133265,324.7029362,0.03531169206,-0.008226993842,-0.00539965959,0.03665726869,,,,
969,6.94,1.938,baseline — trained fixed gait,0.5,0,0,0,0,0,RL,1,0,47.19931315,-36.80958383,316.4854798,322.0959167,-0.0001989051427,0.01042382293,-0.004116259737,0.0112088912,,,,
969,6.94,1.938,baseline — trained fixed gait,0.5,0,0,0,0,0,RR,0,0,0,0,0,0,1.066305048,0.1317482481,-0.3929437437,1.144014354,,,,
970,6.942,1.94,baseline — trained fixed gait,0.5,0,0,0,0,0,FL,0,0,0,0,0,0,0.7526919718,-0.145498813,-0.2641992414,0.8108738177,,,,
970,6.942,1.94,baseline — trained fixed gait,0.5,0,0,0,0,0,FR,1,0,-52.98805412,23.59130209,323.5282495,328.6864945,0.03532976266,-0.00827508406,-0.00521230936,0.03665838669,,,,
970,6.942,1.94,baseline — trained fixed gait,0.5,0,0,0,0,0,RL,1,0,47.6005643,-35.29453756,311.7670222,317.3486951,-0.0001124584506,0.01044411295,-0.004179243462,0.01124980969,,,,
970,6.942,1.94,baseline — trained fixed gait,0.5,0,0,0,0,0,RR,0,0,0,0,0,0,1.043943232,0.1505455935,-0.3956958573,1.12652415,,,,
971,6.944,1.942,baseline — trained fixed gait,0.5,0,0,0,0,0,FL,0,0,0,0,0,0,0.6898351213,-0.159575389,-0.3168907203,0.7757296745,,,,
971,6.944,1.942,baseline — trained fixed gait,0.5,0,0,0,0,0,FR,1,0,-52.6958446,23.84790231,323.4692645,328.5999689,0.03560437157,-0.008631926168,-0.004063814363,0.03686049391,,,,
971,6.944,1.942,baseline — trained fixed gait,0.5,0,0,0,0,0,RL,1,0,47.87780558,-35.6987137,312.8426486,318.4920803,-7.26526335e-05,0.01024988106,-0.003848978312,0.01094897137,,,,
971,6.944,1.942,baseline — trained fixed gait,0.5,0,0,0,0,0,RR,0,0,0,0,0,0,0.9893714708,0.1677626459,-0.4581939099,1.103150883,,,,
972,6.946,1.944,baseline — trained fixed gait,0.5,0,0,0,0,0,FL,0,0,0,0,0,0,0.6388780628,-0.1766669599,-0.3497474282,0.7494662483,,,,
972,6.946,1.944,baseline — trained fixed gait,0.5,0,0,0,0,0,FR,1,0,-52.41861159,24.06999307,323.4520932,328.5549147,0.0357403839,-0.008860438511,-0.003223859419,0.03696316655,,,,
972,6.946,1.944,baseline — trained fixed gait,0.5,0,0,0,0,0,RL,1,0,48.14350438,-36.05229127,313.9024655,319.6127698,-1.922644446e-05,0.01016355763,-0.003706356686,0.0108182879,,,,
972,6.946,1.944,baseline — trained fixed gait,0.5,0,0,0,0,0,RR,0,0,0,0,0,0,0.9476766477,0.1868448506,-0.4968359648,1.086208084,,,,
973,6.948,1.946,baseline — trained fixed gait,0.5,0,0,0,0,0,FL,0,0,0,0,0,0,0.5972615139,-0.1956008311,-0.3677383354,0.7281569092,,,,
973,6.948,1.946,baseline — trained fixed gait,0.5,0,0,0,0,0,FR,1,0,-52.15540455,24.26598768,323.4758889,328.5508714,0.03579643752,-0.009013166979,-0.002616593092,0.03700633294,,,,
973,6.948,1.946,baseline — trained fixed gait,0.5,0,0,0,0,0,RL,1,0,48.40378417,-36.36160082,314.9333884,320.699441,4.399799689e-05,0.0101309863,-0.003684255158,0.01078019273,,,,
973,6.948,1.946,baseline — trained fixed gait,0.5,0,0,0,0,0,RR,0,0,0,0,0,0,0.9158834903,0.2069727504,-0.5174393428,1.072111823,,,,
974,6.95,1.948,baseline — trained fixed gait,0.5,0,0,0,0,0,FL,0,0,0,0,0,0,0.5629513545,-0.2154749573,-0.3748029178,0.7098034319,,,,
974,6.95,1.948,baseline — trained fixed gait,0.5,0,0,0,0,0,FR,1,0,-51.90397183,24.4413211,323.5368609,328.5840849,0.03580840724,-0.009120674809,-0.002180340112,0.03701597792,,,,
974,6.95,1.948,baseline — trained fixed gait,0.5,0,0,0,0,0,RL,1,0,48.66306747,-36.63318302,315.92503,321.7432343,0.0001146500766,0.01012216088,-0.003736183218,0.01079028964,,,,
974,6.95,1.948,baseline — trained fixed gait,0.5,0,0,0,0,0,RR,0,0,0,0,0,0,0.8916316037,0.2275269465,-0.5246401313,1.059255727,,,,
975,6.952,1.95,baseline — trained fixed gait,0.5,0,0,0,0,0,FL,0,0,0,0,0,0,0.5343341098,-0.2356037582,-0.3740346369,0.6934868285,,,,
975,6.952,1.95,baseline — trained fixed gait,0.5,0,0,0,0,0,FR,1,0,-50.437122,24.11802267,325.8745783,330.6354837,0.03579579244,-0.009200957697,-0.00186945107,0.0370066376,,,,
975,6.952,1.95,baseline — trained fixed gait,0.5,0,0,0,0,0,RL,1,0,48.39618191,-34.4344442,308.3008518,313.9702798,0.0001909054811,0.01012095301,-0.003830716916,0.01082333252,,,,
975,6.952,1.95,baseline — trained fixed gait,0.5,0,0,0,0,0,RR,0,0,0,0,0,0,0.8730510693,0.2480446659,-0.5221011558,1.047059665,,,,
976,6.954,1.952,baseline — trained fixed gait,0.5,0,0,0,0,0,FL,0,0,0,0,0,0,0.4707111496,-0.2520602569,-0.431014493,0.6862046726,,,,
976,6.954,1.952,baseline — trained fixed gait,0.5,0,0,0,0,0,FR,1,0,-50.15045688,24.30832888,325.7428104,330.4759321,0.03567149844,-0.009208508299,-0.001801297949,0.03688491698,,,,
976,6.954,1.952,baseline — trained fixed gait,0.5,0,0,0,0,0,RL,1,0,48.69328997,-34.83595299,309.1906773,314.9340487,0.0002958802831,0.009828471775,-0.003363984552,0.0103924393,,,,
976,6.954,1.952,baseline — trained fixed gait,0.5,0,0,0,0,0,RR,0,0,0,0,0,0,0.8139590181,0.2669775379,-0.594058953,1.042454953,,,,
977,6.956,1.954,baseline — trained fixed gait,0.5,0,0,0,0,0,FL,0,0,0,0,0,0,0.4207843649,-0.2718913992,-0.4651277652,0.683614111,,,,
977,6.956,1.954,baseline — trained fixed gait,0.5,0,0,0,0,0,FR,1,0,-49.8822507,24.48674638,325.6552564,330.3622038,0.03558722808,-0.009225777898,-0.001719791136,0.03680385118,,,,
977,6.956,1.954,baseline — trained fixed gait,0.5,0,0,0,0,0,RL,1,0,48.97287788,-35.17936313,310.0788483,315.8873573,0.0003833033058,0.009684836153,-0.003173675884,0.01019878382,,,,
977,6.956,1.954,baseline — trained fixed gait,0.5,0,0,0,0,0,RR,0,0,0,0,0,0,0.7707747913,0.2880436165,-0.6363296832,1.040181893,,,,
978,6.958,1.956,baseline — trained fixed gait,0.5,0,0,0,0,0,FL,0,0,0,0,0,0,0.3816153187,-0.2937530103,-0.4821817595,0.6814839189,,,,
978,6.958,1.956,baseline — trained fixed gait,0.5,0,0,0,0,0,FR,1,0,-49.6276347,24.65268865,325.6057193,330.2873622,0.03552832046,-0.009248689873,-0.001637012517,0.03674887249,,,,
978,6.958,1.956,baseline — trained fixed gait,0.5,0,0,0,0,0,RL,1,0,49.24250102,-35.47122188,310.9498275,316.8167084,0.0004604286093,0.009616833122,-0.003160193608,0.0101332274,,,,
978,6.958,1.956,baseline — trained fixed gait,0.5,0,0,0,0,0,RR,0,0,0,0,0,0,0.7398349855,0.3102648373,-0.6563175042,1.036519533,,,,
979,6.96,1.958,baseline — trained fixed gait,0.5,0,0,0,0,0,FL,0,0,0,0,0,0,0.3508611707,-0.3166126904,-0.4867691846,0.6784477842,,,,
979,6.96,1.958,baseline — trained fixed gait,0.5,0,0,0,0,0,FR,1,0,-49.38255099,24.80635266,325.5899663,330.2466012,0.03548312431,-0.009274877833,-0.001561751392,0.03670850769,,,,
979,6.96,1.958,baseline — trained fixed gait,0.5,0,0,0,0,0,RL,1,0,49.50758093,-35.71919063,311.7907225,317.7110571,0.0005335479299,0.009584239377,-0.003253411771,0.01013543319,,,,
979,6.96,1.958,baseline — trained fixed gait,0.5,0,0,0,0,0,RR,0,0,0,0,0,0,0.7182267221,0.3329053963,-0.6599053015,1.030606925,,,,
980,6.962,1.96,baseline — trained fixed gait,0.5,0,0,0,0,0,FL,0,0,0,0,0,0,0.3266566335,-0.3396875937,-0.4824859096,0.6744515331,,,,
980,6.962,1.96,baseline — trained fixed gait,0.5,0,0,0,0,0,FR,1,0,-46.02781006,24.10598677,324.8103241,328.9398191,0.03544439799,-0.009302854141,-0.001498270059,0.03667551305,,,,
980,6.962,1.96,baseline — trained fixed gait,0.5,0,0,0,0,0,RL,1,0,47.83822784,-32.76665829,301.8161904,307.3355865,0.0006060405287,0.009565289062,-0.003406244156,0.01017175202,,,,
980,6.962,1.96,baseline — trained fixed gait,0.5,0,0,0,0,0,RR,0,0,0,0,0,0,0.7036349737,0.3554186057,-0.6517227076,1.022823078,,,,
981,6.964,1.962,baseline — trained fixed gait,0.5,0,0,0,0,0,FL,0,0,0,0,0,0,0.2584839309,-0.3562528005,-0.552124028,0.706095562,,,,
981,6.964,1.962,baseline — trained fixed gait,0.5,0,0,0,0,0,FR,1,0,-45.68537514,24.2903186,324.5247121,328.6235868,0.03504751778,-0.009232730446,-0.001395832227,0.03627010011,,,,
981,6.964,1.962,baseline — trained fixed gait,0.5,0,0,0,0,0,RL,1,0,48.13274572,-33.20452597,302.5497146,308.1487166,0.0008823824515,0.009168197974,-0.00285745718,0.009643625584,,,,
981,6.964,1.962,baseline — trained fixed gait,0.5,0,0,0,0,0,RR,0,0,0,0,0,0,0.6359338802,0.3753664481,-0.7404204295,1.045721895,,,,
982,6.966,1.964,baseline — trained fixed gait,0.5,0,0,0,0,0,FL,0,0,0,0,0,0,0.2074645608,-0.3772266179,-0.5928228998,0.7326530254,,,,
982,6.966,1.964,baseline — trained fixed gait,0.5,0,0,0,0,0,FR,1,0,-45.38834001,24.42833964,324.3082509,328.3788769,0.0348001355,-0.009201030466,-0.001317383979,0.03602004848,,,,
982,6.966,1.964,baseline — trained fixed gait,0.5,0,0,0,0,0,RL,1,0,46.42045921,-34.07744534,302.3425752,307.7777836,0.001063422643,0.008967492072,-0.002655166167,0.009412581429,,,,
982,6.966,1.964,baseline — trained fixed gait,0.5,0,0,0,0,0,RR,0,0,0,0,0,0,0.5885982076,0.3979790596,-0.7909450629,1.063216476,,,,
983,6.968,1.966,baseline — trained fixed gait,0.5,0,0,0,0,0,FL,0,0,0,0,0,0,0.1699147621,-0.400876375,-0.6119867625,0.7510663699,,,,
983,6.968,1.966,baseline — trained fixed gait,0.5,0,0,0,0,0,FR,1,0,-45.11361411,24.59863776,324.1470988,328.1945655,0.03464700059,-0.009185614925,-0.001259856367,0.0358661039,,,,
983,6.968,1.966,baseline — trained fixed gait,0.5,0,0,0,0,0,RL,1,0,46.74023196,-34.42559769,303.0247413,308.5348682,0.001366217486,0.008999869017,-0.001641723644,0.009249835083,,,,
983,6.968,1.966,baseline — trained fixed gait,0.5,0,0,0,0,0,RR,0,0,0,0,0,0,0.5569512098,0.4219194251,-0.812989191,1.071989774,,,,
984,6.97,1.968,baseline — trained fixed gait,0.5,0,0,0,0,0,FL,0,0,0,0,0,0,0.142915493,-0.4259216486,-0.615490685,0.7620123832,,,,
984,6.97,1.968,baseline — trained fixed gait,0.5,0,0,0,0,0,FR,1,0,-44.85733229,24.75428461,324.0346314,328.0600512,0.03454569286,-0.009186665612,-0.001222944865,0.035767238,,,,
984,6.97,1.968,baseline — trained fixed gait,0.5,0,0,0,0,0,RL,1,0,47.03643971,-34.70641884,303.7146651,309.2887971,0.001564429103,0.009024625295,-0.001120995745,0.009227563687,,,,
984,6.97,1.968,baseline — trained fixed gait,0.5,0,0,0,0,0,RR,0,0,0,0,0,0,0.5372820772,0.4464146049,-0.81420964,1.072797916,,,,
985,6.972,1.97,baseline — trained fixed gait,0.5,0,0,0,0,0,FL,0,0,0,0,0,0,0.1240392901,-0.4514079649,-0.607848496,0.7672253192,,,,
985,6.972,1.97,baseline — trained fixed gait,0.5,0,0,0,0,0,FR,1,0,-41.79027219,25.32821171,317.693771,321.4300504,0.03447328595,-0.009197027766,-0.001204754094,0.03569935849,,,,
985,6.972,1.97,baseline — trained fixed gait,0.5,0,0,0,0,0,RL,1,0,44.10411524,-30.19475088,289.2591735,294.1560222,0.001701353662,0.009035141575,-0.000920085568,0.009239856331,,,,
985,6.972,1.97,baseline — trained fixed gait,0.5,0,0,0,0,0,RR,0,0,0,0,0,0,0.5266270809,0.4707876467,-0.8006150449,1.067689815,,,,
986,6.974,1.972,baseline — trained fixed gait,0.5,0,0,0,0,0,FL,0,0,0,0,0,0,0.05287939628,-0.4704333396,-0.6858760618,0.8333845029,,,,
986,6.974,1.972,baseline — trained fixed gait,0.5,0,0,0,0,0,FR,1,0,-41.41018523,25.50274421,317.3381903,321.0431753,0.03404304035,-0.009287689885,-0.0007897303582,0.0352960827,,,,
986,6.974,1.972,baseline — trained fixed gait,0.5,0,0,0,0,0,RL,1,0,44.42069365,-30.74550508,289.7989538,294.7913121,0.002176106791,0.008455428214,0.0001014610094,0.008731552061,,,,
986,6.974,1.972,baseline — trained fixed gait,0.5,0,0,0,0,0,RR,0,0,0,0,0,0,0.449778261,0.4923794108,-0.9060144427,1.12498895,,,,
987,6.976,1.974,baseline — trained fixed gait,0.5,0,0,0,0,0,FL,0,0,0,0,0,0,0.002329775887,-0.494527583,-0.7294745184,0.8813035976,,,,
987,6.976,1.974,baseline — trained fixed gait,0.5,0,0,0,0,0,FR,1,0,-41.08952822,25.65970313,317.0920559,320.771167,0.03376458199,-0.009344473732,-0.0005655276722,0.03503835053,,,,
987,6.976,1.974,baseline — trained fixed gait,0.5,0,0,0,0,0,RL,1,0,44.70635188,-31.20190394,290.3875015,295.4608565,0.002466650369,0.008157735081,0.0005340605528,0.008539216965,,,,
987,6.976,1.974,baseline — trained fixed gait,0.5,0,0,0,0,0,RR,0,0,0,0,0,0,0.3984166299,0.5172440458,-0.9639685645,1.164264835,,,,
988,6.978,1.976,baseline — trained fixed gait,0.5,0,0,0,0,0,FL,0,0,0,0,0,0,-0.03205526834,-0.5216570918,-0.7476448142,0.9122096414,,,,
988,6.978,1.976,baseline — trained fixed gait,0.5,0,0,0,0,0,FR,1,0,-40.89296809,26.11935047,317.2197803,320.909402,0.0335808917,-0.009381224164,-0.000469284777,0.03486981334,,,,
988,6.978,1.976,baseline — trained fixed gait,0.5,0,0,0,0,0,RL,1,0,45.19207583,-34.71123248,291.3853008,296.9050132,0.002648240224,0.008006959949,0.0005911698101,0.008454233593,,,,
988,6.978,1.976,baseline — trained fixed gait,0.5,0,0,0,0,0,RR,1,1,-151.5291919,-90.71846371,241.1949963,298.9414021,0.3667057689,0.5439224678,-0.9867299104,1.184888471,0.3984166299,0.5172440458,-0.9639685645,1.164264835
989,6.98,1.978,baseline — trained fixed gait,0.5,0,0,0,0,0,FL,0,0,0,0,0,0,-0.05396316726,-0.5556025162,-0.7469691604,0.9325068933,,,,
989,6.98,1.978,baseline — trained fixed gait,0.5,0,0,0,0,0,FR,1,0,-40.77313796,26.29531172,317.445089,321.1312453,0.03343423207,-0.009512216237,-0.0004659283725,0.03476416576,,,,
989,6.98,1.978,baseline — trained fixed gait,0.5,0,0,0,0,0,RL,1,0,42.57958555,-31.57087392,291.3580352,296.1405847,0.002522183469,0.008242783514,0.0004840687452,0.008633609446,,,,
989,6.98,1.978,baseline — trained fixed gait,0.5,0,0,0,0,0,RR,1,0,-127.7045715,-66.69203592,213.5926717,257.6395052,0.2881615704,0.3526782198,-0.5844233919,0.7409249074,,,,
990,6.982,1.98,baseline — trained fixed gait,0.5,0,0,0,0,0,FL,0,0,0,0,0,0,-0.0662282269,-0.5838861986,-0.7334881673,0.9398479465,,,,
990,6.982,1.98,baseline — trained fixed gait,0.5,0,0,0,0,0,FR,1,0,-36.83564706,32.84900436,304.0649924,308.0445448,0.03334669096,-0.009601136855,-0.0005311090419,0.03470541318,,,,
990,6.982,1.98,baseline — trained fixed gait,0.5,0,0,0,0,0,RL,1,0,33.04897809,-23.03320487,280.0003843,282.8833305,0.002888138202,0.008233165077,0.001725032356,0.008893935354,,,,
990,6.982,1.98,baseline — trained fixed gait,0.5,0,0,0,0,0,RR,1,0,-95.96326404,-34.03896145,253.72889,273.3970529,0.1918166173,0.2132214753,-0.3231257151,0.4320500433,,,,
991,6.984,1.982,baseline — trained fixed gait,0.5,0,0,0,0,0,FL,0,0,0,0,0,0,-0.1317460461,-0.6011249248,-0.8134953271,1.020040609,,,,
991,6.984,1.982,baseline — trained fixed gait,0.5,0,0,0,0,0,FR,1,0,-36.31532489,33.47558776,303.8076069,307.796166,0.03268838725,-0.01049536534,0.0002458968158,0.03433283879,,,,
991,6.984,1.982,baseline — trained fixed gait,0.5,0,0,0,0,0,RL,1,0,33.37792825,-21.44287849,279.3971416,282.199656,0.004681918245,0.007184809325,0.003212943883,0.009157775488,,,,
991,6.984,1.982,baseline — trained fixed gait,0.5,0,0,0,0,0,RR,1,0,-71.25955625,-17.53186169,230.0544506,241.475342,0.1263644788,0.1271927861,-0.1652229023,0.2438126203,,,,
992,6.986,1.984,baseline — trained fixed gait,0.5,0,0,0,0,0,FL,0,0,0,0,0,0,-0.1750309895,-0.6214842757,-0.8566414908,1.072713007,,,,
992,6.986,1.984,baseline — trained fixed gait,0.5,0,0,0,0,0,FR,1,0,-35.80800704,34.07606977,303.5985059,307.5962365,0.0322137883,-0.01106469321,0.0006127302592,0.03406656764,,,,
992,6.986,1.984,baseline — trained fixed gait,0.5,0,0,0,0,0,RL,1,0,33.79123162,-20.11057662,278.3247503,281.0888636,0.005878653716,0.0064106063,0.004036656407,0.009589006079,,,,
992,6.986,1.984,baseline — trained fixed gait,0.5,0,0,0,0,0,RR,1,0,-55.51086143,-7.362219584,214.7100481,221.892007,0.08674386174,0.07503148595,-0.06594313972,0.1322978424,,,,
993,6.988,1.986,baseline — trained fixed gait,0.5,0,0,0,0,0,FL,0,0,0,0,0,0,-0.2013900614,-0.6443133826,-0.8732378582,1.103740028,,,,
993,6.988,1.986,baseline — trained fixed gait,0.5,0,0,0,0,0,FR,1,0,-35.31029305,34.64820615,303.4362908,307.442511,0.03184848212,-0.01144144728,0.0007191936399,0.03384892566,,,,
993,6.988,1.986,baseline — trained fixed gait,0.5,0,0,0,0,0,RL,1,0,34.27419432,-18.96859662,277.0524132,279.8080909,0.006693337759,0.005809129697,0.004452233869,0.009918122031,,,,
993,6.988,1.986,baseline — trained fixed gait,0.5,0,0,0,0,0,RR,1,0,-45.04100285,-1.010133727,204.0012514,208.9167846,0.06225123828,0.04344943812,-0.004768486901,0.07606450425,,,,
994,6.99,1.988,baseline — trained fixed gait,0.5,0,0,0,0,0,FL,0,0,0,0,0,0,-0.2151136386,-0.6689647919,-0.8711700675,1.119252008,,,,
994,6.99,1.988,baseline — trained fixed gait,0.5,0,0,0,0,0,FR,1,0,-34.81860013,35.18622226,303.316674,307.3294809,0.03154532164,-0.01170363685,0.0006623179169,0.0336529508,,,,
994,6.99,1.988,baseline — trained fixed gait,0.5,0,0,0,0,0,RL,1,0,34.79105947,-17.93701003,275.556602,278.3228253,0.007270669221,0.005329694637,0.00462131844,0.01013039288,,,,
994,6.99,1.988,baseline — trained fixed gait,0.5,0,0,0,0,0,RR,1,0,-37.99299933,2.979274208,196.2732281,199.938801,0.04725461104,0.02436392477,0.03137792806,0.06173470226,,,,
995,6.992,1.99,baseline — trained fixed gait,0.5,0,0,0,0,0,FL,0,0,0,0,0,0,-0.2195445151,-0.6947929275,-0.8565167671,1.124525668,,,,
995,6.992,1.99,baseline — trained fixed gait,0.5,0,0,0,0,0,FR,1,0,-27.815882,45.21019,287.7631212,292.6180078,0.03127663339,-0.01189621926,0.0005066803596,0.0334664691,,,,
995,6.992,1.99,baseline — trained fixed gait,0.5,0,0,0,0,0,RL,1,0,22.75666808,-11.76562903,265.0175577,266.2528908,0.007701293406,0.004936762879,0.004652206553,0.01026277612,,,,
995,6.992,1.99,baseline — trained fixed gait,0.5,0,0,0,0,0,RR,1,0,-22.37162762,9.411581137,252.4703248,253.6342494,0.03821112087,0.01286927763,0.05123802406,0.06520002435,,,,
996,6.994,1.992,baseline — trained fixed gait,0.5,0,0,0,0,0,FL,0,0,0,0,0,0,-0.2920989598,-0.723853043,-0.9441572819,1.22503796,,,,
996,6.994,1.992,baseline — trained fixed gait,0.5,0,0,0,0,0,FR,1,0,-27.09177994,45.78680366,287.3789836,292.2619991,0.03011801111,-0.01326981972,0.001291375613,0.03293706665,,,,
996,6.994,1.992,baseline — trained fixed gait,0.5,0,0,0,0,0,RL,1,0,23.24717915,-10.93751623,262.4756011,263.7299789,0.009890882187,0.00385741777,0.005204174454,0.01182339435,,,,
996,6.994,1.992,baseline — trained fixed gait,0.5,0,0,0,0,0,RR,1,0,-19.01729697,10.58013252,247.8256341,248.7793033,0.03176037712,0.005524640752,0.05646963329,0.06502355491,,,,
997,6.996,1.994,baseline — trained fixed gait,0.5,0,0,0,0,0,FL,0,0,0,0,0,0,-0.3396376314,-0.7586163029,-0.9915411946,1.293833976,,,,
997,6.996,1.994,baseline — trained fixed gait,0.5,0,0,0,0,0,FR,1,0,-26.45410447,46.24923774,287.143839,292.045195,0.02931711147,-0.01409636806,0.001593409635,0.0325689971,,,,
997,6.996,1.994,baseline — trained fixed gait,0.5,0,0,0,0,0,RL,1,0,23.79270219,-10.13181347,259.7419529,261.0261068,0.01132091109,0.003131379743,0.005496480711,0.01296841807,,,,
997,6.996,1.994,baseline — trained fixed gait,0.5,0,0,0,0,0,RR,1,0,-16.5147108,11.19103311,243.6843888,244.4996038,0.02815830028,0.001244495322,0.05705789294,0.06363993863,,,,
998,6.998,1.996,baseline — trained fixed gait,0.5,0,0,0,0,0,FL,0,0,0,0,0,0,-0.3680973779,-0.7970390596,-1.009805302,1.338085831,,,,
998,6.998,1.996,baseline — trained fixed gait,0.5,0,0,0,0,0,FR,1,0,-25.87310289,46.63510766,287.0153591,291.9281882,0.02874150163,-0.01459251208,0.001588050312,0.03227285591,,,,
998,6.998,1.996,baseline — trained fixed gait,0.5,0,0,0,0,0,RL,1,0,24.36406554,-9.319615509,256.8562723,258.1774729,0.01228383719,0.002612293854,0.005625533218,0.01376093599,,,,
998,6.998,1.996,baseline — trained fixed gait,0.5,0,0,0,0,0,RR,1,0,-14.55123483,11.48405125,239.951199,240.6661584,0.02628424411,-0.001178297855,0.0548613781,0.06084423293,,,,
999,7,1.998,baseline — trained fixed gait,0.5,0,0,0,0,0,FL,0,0,0,0,0,0,-0.382139624,-0.8375221905,-1.007631347,1.364842498,,,,
999,7,1.998,baseline — trained fixed gait,0.5,0,0,0,0,0,FR,1,0,-25.32832833,46.96755614,286.9645172,291.8837263,0.02830379667,-0.01488939572,0.001390692724,0.03201145166,,,,
999,7,1.998,baseline — trained fixed gait,0.5,0,0,0,0,0,RL,1,0,24.94356515,-8.497203454,253.8410239,255.2051122,0.01296798047,0.002215764822,0.005664082749,0.01432340618,,,,
999,7,1.998,baseline — trained fixed gait,0.5,0,0,0,0,0,RR,1,0,-12.92405465,11.57656137,236.3718633,237.0078178,0.02545501887,-0.002481932191,0.05109125473,0.05713522804,,,,
1000,7.002,2,baseline — trained fixed gait,0.5,0,0,0,0,0,FL,0,0,0,0,0,0,-0.3855673292,-0.8789193389,-0.9915688109,1.379989158,,,,
1000,7.002,2,baseline — trained fixed gait,0.5,0,0,0,0,0,FR,1,0,-23.21747001,53.84260118,265.7359822,272.1280744,0.02795046768,-0.01506560761,0.001080556972,0.03177056467,,,,
1000,7.002,2,baseline — trained fixed gait,0.5,0,0,0,0,0,RL,1,0,13.14114967,-1.693180482,231.0351854,231.4148084,0.01348430662,0.001892165369,0.005657169034,0.01474484236,,,,
1000,7.002,2,baseline — trained fixed gait,0.5,0,0,0,0,0,RR,1,0,5.547238532,12.11764533,258.2321852,258.5758509,0.02524958,-0.003111772236,0.04653952582,0.05303915422,,,,
1001,7.004,2.002,baseline — trained fixed gait,0.5,0,0,0,0,0,FL,0,0,0,0,0,0,-0.4820787399,-0.9157919566,-1.104479829,1.513588621,,,,
1001,7.004,2.002,baseline — trained fixed gait,0.5,0,0,0,0,0,FR,1,0,-22.55608239,54.22756909,265.5395973,271.9571361,0.02736881931,-0.01603546265,0.002108223244,0.03179045356,,,,
1001,7.004,2.002,baseline — trained fixed gait,0.5,0,0,0,0,0,RL,1,0,13.65496571,-1.081046369,227.5484753,227.9603812,0.0155788038,0.0007456521922,0.006956165408,0.01707756898,,,,
1001,7.004,2.002,baseline — trained fixed gait,0.5,0,0,0,0,0,RR,1,0,6.908123355,11.55582,255.0302865,255.3854072,0.02308735484,-0.003408469416,0.04006052302,0.04636258321,,,,
1002,7.006,2.004,baseline — trained fixed gait,0.5,0,0,0,0,0,FL,0,0,0,0,0,0,-0.5451187673,-0.9592518408,-1.165575076,1.604956019,,,,
1002,7.006,2.004,baseline — trained fixed gait,0.5,0,0,0,0,0,FR,1,0,-21.97383274,54.52118382,265.4965901,271.9261815,0.02692200652,-0.01660036688,0.0024659449,0.03172455673,,,,
1002,7.006,2.004,baseline — trained fixed gait,0.5,0,0,0,0,0,RL,1,0,14.17728933,-0.4376622486,223.9800402,224.4287091,0.0169433231,3.906365662e-07,0.007637680122,0.01858521874,,,,
1002,7.006,2.004,baseline — trained fixed gait,0.5,0,0,0,0,0,RR,1,0,8.12595807,11.0108614,251.7775658,252.1491878,0.02205241092,-0.003396812322,0.03435507921,0.04096484626,,,,
1003,7.008,2.006,baseline — trained fixed gait,0.5,0,0,0,0,0,FL,0,0,0,0,0,0,-0.5825508327,-1.006658788,-1.189110465,1.663343345,,,,
1003,7.008,2.006,baseline — trained fixed gait,0.5,0,0,0,0,0,FR,1,0,-21.445166,54.75452574,265.565242,271.9978879,0.02656637328,-0.01692270036,0.002395324953,0.03158935831,,,,
1003,7.008,2.006,baseline — trained fixed gait,0.5,0,0,0,0,0,RL,1,0,14.71804277,0.2564464904,220.302432,220.7936777,0.01786064843,-0.0005187209574,0.007913124605,0.01954199004,,,,
1003,7.008,2.006,baseline — trained fixed gait,0.5,0,0,0,0,0,RR,1,0,9.264138469,10.49873454,248.431625,248.8258828,0.02169031241,-0.003209170915,0.02934813808,0.03663443242,,,,
1004,7.01,2.008,baseline — trained fixed gait,0.5,0,0,0,0,0,FL,0,0,0,0,0,0,-0.6006257264,-1.056044437,-1.186152173,1.697921699,,,,
1004,7.01,2.008,baseline — trained fixed gait,0.5,0,0,0,0,0,FR,1,0,-20.95217016,54.95675324,265.7167959,272.1482202,0.02627271371,-0.01709904482,0.002062801722,0.03141477313,,,,
1004,7.01,2.008,baseline — trained fixed gait,0.5,0,0,0,0,0,RL,1,0,15.21327244,0.9842657131,216.623689,217.1594692,0.01850683778,-0.0009113644974,0.007940493973,0.02015899488,,,,
1004,7.01,2.008,baseline — trained fixed gait,0.5,0,0,0,0,0,RR,1,0,10.35923106,10.0138729,244.9757813,245.3991131,0.02171115266,-0.002925228663,0.02494785892,0.03320130686,,,,
1005,7.012,2.01,baseline — trained fixed gait,0.5,0,0,0,0,0,FL,1,1,-63.96603638,180.9581076,307.7039601,362.6557838,-0.6042539208,-1.10592534,-1.165215099,1.716368225,-0.6006257264,-1.056044437,-1.186152173,1.697921699
1005,7.012,2.01,baseline — trained fixed gait,0.5,0,0,0,0,0,FR,1,0,-26.2504657,64.26987062,226.6461484,237.0404603,0.02602028491,-0.01718776648,0.001582235851,0.03122463792,,,,
1005,7.012,2.01,baseline — trained fixed gait,0.5,0,0,0,0,0,RL,1,0,1.37679362,14.32865925,166.6822075,167.302613,0.01899328152,-0.001233673748,0.007818313528,0.02057650894,,,,
1005,7.012,2.01,baseline — trained fixed gait,0.5,0,0,0,0,0,RR,1,0,22.76391539,6.135714252,253.5049307,254.5988859,0.02194291162,-0.002590883436,0.02107799437,0.030536632,,,,
1006,7.014,2.012,baseline — trained fixed gait,0.5,0,0,0,0,0,FL,1,0,-49.99826091,109.8405193,268.9732243,294.8073289,-0.3427324568,-0.6662847766,-0.6408332427,0.9859351831,,,,
1006,7.014,2.012,baseline — trained fixed gait,0.5,0,0,0,0,0,FR,1,0,-25.87454469,60.36176644,227.9801264,237.250865,0.02580347258,-0.01833174857,0.003832788967,0.03188357687,,,,
1006,7.014,2.012,baseline — trained fixed gait,0.5,0,0,0,0,0,RL,1,0,1.896282204,16.38613673,162.3288336,163.1647989,0.02126951136,-0.003464024546,0.01089772812,0.02414854153,,,,
1006,7.014,2.012,baseline — trained fixed gait,0.5,0,0,0,0,0,RR,1,0,24.32013608,9.858893059,250.0765002,251.4496426,0.02093753283,-0.002098980418,0.01674678151,0.02689313464,,,,
1007,7.016,2.014,baseline — trained fixed gait,0.5,0,0,0,0,0,FL,1,0,-39.09704107,64.74261608,243.7303375,255.1953416,-0.1919825292,-0.398601046,-0.3154908528,0.5433917221,,,,
1007,7.016,2.014,baseline — trained fixed gait,0.5,0,0,0,0,0,FR,1,0,-27.68527597,56.51090821,228.2298449,236.7463186,0.02565026222,-0.01869637889,0.004672223975,0.03208302063,,,,
1007,7.016,2.014,baseline — trained fixed gait,0.5,0,0,0,0,0,RL,1,0,2.28724237,17.57645668,158.0084493,158.999476,0.02279086524,-0.005017270185,0.01241552069,0.02643372264,,,,
1007,7.016,2.014,baseline — trained fixed gait,0.5,0,0,0,0,0,RR,1,0,25.46948641,11.72394211,247.1749095,248.7600881,0.02023737943,-0.002063906471,0.01338473218,0.02435081706,,,,
1008,7.018,2.016,baseline — trained fixed gait,0.5,0,0,0,0,0,FL,1,0,-30.55629011,37.83787202,226.5726591,231.7338156,-0.105459105,-0.2387038248,-0.1141079068,0.2848188077,,,,
1008,7.018,2.016,baseline — trained fixed gait,0.5,0,0,0,0,0,FR,1,0,-27.31351593,54.38944815,228.9073464,236.8603248,0.02584230925,-0.01863975724,0.006307276623,0.03248149066,,,,
1008,7.018,2.016,baseline — trained fixed gait,0.5,0,0,0,0,0,RL,1,0,2.584283536,18.19348446,153.7076785,154.8022346,0.02385769884,-0.006116180645,0.01292852504,0.02781625819,,,,
1008,7.018,2.016,baseline — trained fixed gait,0.5,0,0,0,0,0,RR,1,0,26.33057092,12.36598787,244.6296843,246.3531998,0.01972979185,-0.00218143949,0.01063400467,0.02251900131,,,,
1009,7.02,2.018,baseline — trained fixed gait,0.5,0,0,0,0,0,FL,1,0,-23.93086057,21.10766666,214.6058227,216.9651558,-0.05596723615,-0.1422110003,0.008179829196,0.15304643,,,,
1009,7.02,2.018,baseline — trained fixed gait,0.5,0,0,0,0,0,FR,1,0,-26.99044239,52.65071831,229.4412785,236.9470033,0.02596536934,-0.0183412932,0.006894265614,0.03252897692,,,,
1009,7.02,2.018,baseline — trained fixed gait,0.5,0,0,0,0,0,RL,1,0,2.805012506,18.51344849,149.42845,150.5970702,0.02464329856,-0.006903311237,0.01281490291,0.02862113916,,,,
1009,7.02,2.018,baseline — trained fixed gait,0.5,0,0,0,0,0,RR,1,0,27.05959035,12.28527995,242.2390778,244.0551584,0.01937544569,-0.002288146093,0.008312669295,0.0212071681,,,,
1010,7.022,2.02,baseline — trained fixed gait,0.5,0,0,0,0,0,FL,1,0,-18.09147265,-6.740944874,300.9609392,301.5795561,-0.02766525049,-0.08402075631,0.07940849425,0.1188720427,,,,
1010,7.022,2.02,baseline — trained fixed gait,0.5,0,0,0,0,0,FR,1,0,-35.71347822,43.33700957,150.407211,160.5486781,0.02606531911,-0.01794091277,0.006832502054,0.03237221487,,,,
1010,7.022,2.02,baseline — trained fixed gait,0.5,0,0,0,0,0,RL,1,0,-18.10250947,25.35836929,50.55050176,59.38098156,0.02525211187,-0.007483926303,0.01233349899,0.02908252919,,,,
1010,7.022,2.02,baseline — trained fixed gait,0.5,0,0,0,0,0,RR,1,0,34.82640007,15.74258272,251.0020031,253.8950819,0.01912297248,-0.002320093153,0.006313497479,0.02027143703,,,,
1011,7.024,2.022,baseline — trained fixed gait,0.5,0,0,0,0,0,FL,1,0,-15.06299572,-13.58173037,295.4752611,296.1705373,-0.01104306935,-0.04674576522,0.1114800059,0.121387428,,,,
1011,7.024,2.022,baseline — trained fixed gait,0.5,0,0,0,0,0,FR,1,0,-35.1807735,42.06240637,149.8847411,159.6006531,0.02719948966,-0.01648469353,0.01193399776,0.0339702467,,,,
1011,7.024,2.022,baseline — trained fixed gait,0.5,0,0,0,0,0,RL,1,0,-17.73281961,24.95683725,46.71045036,55.84946544,0.02856958767,-0.01018532832,0.01966606649,0.03614853281,,,,
1011,7.024,2.022,baseline — trained fixed gait,0.5,0,0,0,0,0,RR,1,0,35.13914823,15.12255425,250.0648586,252.9740795,0.01756994954,-0.002835683047,0.003912116106,0.01822220836,,,,
1012,7.026,2.024,baseline — trained fixed gait,0.5,0,0,0,0,0,FL,1,0,-12.84564334,-17.94991421,291.5027432,292.3372355,-0.001262463827,-0.02430414433,0.1256251154,0.1279607552,,,,
1012,7.026,2.024,baseline — trained fixed gait,0.5,0,0,0,0,0,FR,1,0,-34.80450405,40.94108135,149.4692302,158.8350604,0.02796965542,-0.01552334415,0.01429277924,0.03503654344,,,,
1012,7.026,2.024,baseline — trained fixed gait,0.5,0,0,0,0,0,RL,1,0,-17.53749271,24.52995165,43.2229395,52.70203675,0.03118036559,-0.01248121717,0.02373794223,0.04112767781,,,,
1012,7.026,2.024,baseline — trained fixed gait,0.5,0,0,0,0,0,RR,1,0,35.36096568,14.3747337,249.2418735,252.1478581,0.01648301891,-0.003082947305,0.001883741869,0.01687432843,,,,
1013,7.028,2.026,baseline — trained fixed gait,0.5,0,0,0,0,0,FL,1,0,-11.24947203,-20.79425359,288.5592654,289.5261668,0.004662149291,-0.01077518466,0.128684771,0.1292192344,,,,
1013,7.028,2.026,baseline — trained fixed gait,0.5,0,0,0,0,0,FR,1,0,-34.54637934,39.93361971,149.1148717,158.1878354,0.02857119233,-0.01489916165,0.01487781728,0.03549151301,,,,
1013,7.028,2.026,baseline — trained fixed gait,0.5,0,0,0,0,0,RL,1,0,-17.47851376,24.10708242,40.03179893,49.89183091,0.03349069264,-0.0146269136,0.02572134654,0.04468960464,,,,
1013,7.028,2.026,baseline — trained fixed gait,0.5,0,0,0,0,0,RR,1,0,35.52360109,13.57539617,248.504954,251.397951,0.01567869515,-0.003155323844,0.0001297329971,0.01599357311,,,,
1014,7.03,2.028,baseline — trained fixed gait,0.5,0,0,0,0,0,FL,1,0,-10.10409261,-22.68504047,286.3247961,287.3997088,0.008365409617,-0.002618877045,0.1250699773,0.1253767834,,,,
1014,7.03,2.028,baseline — trained fixed gait,0.5,0,0,0,0,0,FR,1,0,-34.3789155,39.01581267,148.7876162,157.6131283,0.02911194175,-0.01450148781,0.01436029647,0.03555300854,,,,
1014,7.03,2.028,baseline — trained fixed gait,0.5,0,0,0,0,0,RL,1,0,-17.52393419,23.70359166,37.09278556,47.37956593,0.03574649319,-0.016787643,0.02642662019,0.04751844891,,,,
1014,7.03,2.028,baseline — trained fixed gait,0.5,0,0,0,0,0,RR,1,0,35.64732264,12.76898676,247.8380262,250.7139124,0.01504318258,-0.003113912187,-0.001408167358,0.01542649431,,,,
1015,7.032,2.03,baseline — trained fixed gait,0.5,0,0,0,0,0,FL,1,0,-8.082856873,-31.13913269,296.6677235,298.4069643,0.01081291032,0.002301512026,0.1176886853,0.1182067792,,,,
1015,7.032,2.03,baseline — trained fixed gait,0.5,0,0,0,0,0,FR,1,0,-47.38326388,5.654505412,44.19814107,65.04323794,0.02963927906,-0.01425219853,0.0132008283,0.0354383111,,,,
1015,7.032,2.03,baseline — trained fixed gait,0.5,0,0,0,0,0,RL,1,0,-38.1593327,0,31.79944392,49.67231931,0.03809659035,-0.01906691409,0.02640793263,0.05012261281,,,,
1015,7.032,2.03,baseline — trained fixed gait,0.5,0,0,0,0,0,RR,1,0,39.0456137,20.41428671,286.5306065,289.8984159,0.01451096724,-0.002998729668,-0.002759319803,0.01507230558,,,,
1016,7.034,2.032,baseline — trained fixed gait,0.5,0,0,0,0,0,FL,1,0,-7.786384537,-32.2320726,297.0436918,298.8887571,0.01191496389,0.00617634397,0.1076577831,0.108491068,,,,
1016,7.034,2.032,baseline — trained fixed gait,0.5,0,0,0,0,0,FR,1,0,-45.12408499,7.960330583,44.23701298,63.69036996,0.08206941518,-0.05579985404,0.0795439094,0.1271858724,,,,
1016,7.034,2.032,baseline — trained fixed gait,0.5,0,0,0,0,0,RL,0,0,0,0,0,0,0.2067987382,-0.08030690944,0.2343325401,0.3226866238,,,,
1016,7.034,2.032,baseline — trained fixed gait,0.5,0,0,0,0,0,RR,1,0,39.14939775,18.82887931,285.6316139,288.916287,0.01384734325,-0.003954434307,-0.006749744824,0.01590426109,,,,
1017,7.036,2.034,baseline — trained fixed gait,0.5,0,0,0,0,0,FL,1,0,-7.471505015,-32.90113215,297.4077206,299.315319,0.01272114149,0.008551012771,0.09719355816,0.09839479157,,,,
1017,7.036,2.034,baseline — trained fixed gait,0.5,0,0,0,0,0,FR,1,0,-42.4794744,9.774997135,43.54539295,61.61377737,0.1259071887,-0.09249440204,0.1285727405,0.2023333492,,,,
1017,7.036,2.034,baseline — trained fixed gait,0.5,0,0,0,0,0,RL,0,0,0,0,0,0,0.4597656645,-0.1147476186,0.3853946519,0.6108031761,,,,
1017,7.036,2.034,baseline — trained fixed gait,0.5,0,0,0,0,0,RR,1,0,39.3662514,17.53994166,284.5897542,287.8344654,0.01337323815,-0.004300843051,-0.009214852383,0.01680042422,,,,
1018,7.038,2.036,baseline — trained fixed gait,0.5,0,0,0,0,0,FL,1,0,-7.24478494,-34.1825576,298.0173618,300.0587977,0.01334758164,0.009986870797,0.08691280881,0.0884970726,,,,
1018,7.038,2.036,baseline — trained fixed gait,0.5,0,0,0,0,0,FR,0,0,0,0,0,0,0.1650081252,-0.1252317015,0.1634516558,0.2638694833,,,,
1018,7.038,2.036,baseline — trained fixed gait,0.5,0,0,0,0,0,RL,0,0,0,0,0,0,0.6592052473,-0.1342606971,0.4848649898,0.8292596404,,,,
1018,7.038,2.036,baseline — trained fixed gait,0.5,0,0,0,0,0,RR,1,0,39.57281648,16.75995841,283.5656368,286.803721,0.01301253277,-0.004331814093,-0.01064091752,0.01735856411,,,,
1019,7.04,2.038,baseline — trained fixed gait,0.5,0,0,0,0,0,FL,1,0,-7.002200856,-34.62522218,298.610219,300.6925335,0.01379434438,0.01093543928,0.07715801274,0.07914055028,,,,
1019,7.04,2.038,baseline — trained fixed gait,0.5,0,0,0,0,0,FR,0,0,0,0,0,0,0.3337362412,-0.1950854321,0.1761108707,0.4247978852,,,,
1019,7.04,2.038,baseline — trained fixed gait,0.5,0,0,0,0,0,RL,0,0,0,0,0,0,0.8167017424,-0.1439796104,0.5461618107,0.9929877077,,,,
1019,7.04,2.038,baseline — trained fixed gait,0.5,0,0,0,0,0,RR,1,0,39.95537716,15.80839224,282.2961906,285.5476785,0.01269928596,-0.004235557497,-0.01136639767,0.01756151495,,,,
1020,7.042,2.04,baseline — trained fixed gait,0.5,0,0,0,0,0,FL,1,0,-11.89643748,-38.28128584,296.2682835,298.9680215,0.01416194039,0.01151474385,0.06811868632,0.07052166552,,,,
1020,7.042,2.04,baseline — trained fixed gait,0.5,0,0,0,0,0,FR,0,0,0,0,0,0,0.487121239,-0.2599096825,0.18064647,0.5809245146,,,,
1020,7.042,2.04,baseline — trained fixed gait,0.5,0,0,0,0,0,RL,0,0,0,0,0,0,0.9413923862,-0.1452705105,0.5792703505,1.114844063,,,,
1020,7.042,2.04,baseline — trained fixed gait,0.5,0,0,0,0,0,RR,1,0,41.89407863,19.83018726,308.3133047,311.7778761,0.01241349808,-0.004056727622,-0.01162802905,0.01748608113,,,,
1021,7.044,2.042,baseline — trained fixed gait,0.5,0,0,0,0,0,FL,1,0,-11.89116737,-37.66965678,297.8927589,300.5004139,0.01481331311,0.01231667715,0.06010883882,0.06312057735,,,,
1021,7.044,2.042,baseline — trained fixed gait,0.5,0,0,0,0,0,FR,0,0,0,0,0,0,0.8612784293,-0.2778865329,0.4322058781,1.002907463,,,,
1021,7.044,2.042,baseline — trained fixed gait,0.5,0,0,0,0,0,RL,0,0,0,0,0,0,1.124203291,-0.1159904814,0.6805683712,1.319264999,,,,
1021,7.044,2.042,baseline — trained fixed gait,0.5,0,0,0,0,0,RR,1,0,42.23137287,19.40163189,306.9419016,310.4404019,0.01216715198,-0.004519227365,-0.01356815682,0.01877652478,,,,
1022,7.046,2.044,baseline — trained fixed gait,0.5,0,0,0,0,0,FL,1,0,-11.83890589,-37.04510041,299.3790457,301.8945382,0.01524979221,0.01268403971,0.05277327863,0.0563778322,,,,
1022,7.046,2.044,baseline — trained fixed gait,0.5,0,0,0,0,0,FR,0,0,0,0,0,0,1.146859345,-0.3065893832,0.5982900948,1.329373704,,,,
1022,7.046,2.044,baseline — trained fixed gait,0.5,0,0,0,0,0,RL,0,0,0,0,0,0,1.26147385,-0.07886280749,0.7414302788,1.465351315,,,,
1022,7.046,2.044,baseline — trained fixed gait,0.5,0,0,0,0,0,RR,1,0,40.6161205,19.70297181,304.6648271,307.9911252,0.01198077539,-0.004726881879,-0.01439347833,0.01931462166,,,,
1023,7.048,2.046,baseline — trained fixed gait,0.5,0,0,0,0,0,FL,1,0,-11.74344884,-36.52235848,300.7433491,303.1803972,0.01555430664,0.0128001649,0.04613532926,0.05034132778,,,,
1023,7.048,2.046,baseline — trained fixed gait,0.5,0,0,0,0,0,FR,0,0,0,0,0,0,1.363775875,-0.3420002094,0.7013475937,1.571221572,,,,
1023,7.048,2.046,baseline — trained fixed gait,0.5,0,0,0,0,0,RL,0,0,0,0,0,0,1.363526398,-0.03702015652,0.7724758531,1.567575732,,,,
1023,7.048,2.046,baseline — trained fixed gait,0.5,0,0,0,0,0,RR,1,0,41.18007419,19.59814525,303.0689122,306.4810783,0.01191866302,-0.00505185595,-0.0128528728,0.01824204254,,,,
1024,7.05,2.048,baseline — trained fixed gait,0.5,0,0,0,0,0,FL,1,0,-11.61520174,-36.04820233,301.9982035,304.3637638,0.01577718147,0.01278662796,0.0401849709,0.04502498413,,,,
1024,7.05,2.048,baseline — trained fixed gait,0.5,0,0,0,0,0,FR,0,0,0,0,0,0,1.527928002,-0.3809575242,0.7581648034,1.747714646,,,,
1024,7.05,2.048,baseline — trained fixed gait,0.5,0,0,0,0,0,RL,0,0,0,0,0,0,1.438447971,0.007075372545,0.7818103495,1.637195788,,,,
1024,7.05,2.048,baseline — trained fixed gait,0.5,0,0,0,0,0,RR,1,0,41.73748824,19.55898094,301.484889,304.9880489,0.01179962283,-0.005214735613,-0.01149517872,0.01727899593,,,,
1025,7.052,2.05,baseline — trained fixed gait,0.5,0,0,0,0,0,FL,1,0,-7.607340247,-35.3987593,300.7409269,302.9126093,0.01595204443,0.01270374885,0.0348872521,0.04041006454,,,,
1025,7.052,2.05,baseline — trained fixed gait,0.5,0,0,0,0,0,FR,0,0,0,0,0,0,1.651744767,-0.4210698195,0.7814778569,1.875171514,,,,
1025,7.052,2.05,baseline — trained fixed gait,0.5,0,0,0,0,0,RL,0,0,0,0,0,0,1.492515576,0.05166970584,0.7756219254,1.682813678,,,,
1025,7.052,2.05,baseline — trained fixed gait,0.5,0,0,0,0,0,RR,1,0,44.62564576,20.85497745,305.2555311,309.2043299,0.01164134148,-0.005297090253,-0.01033949326,0.01644643176,,,,
1026,7.054,2.052,baseline — trained fixed gait,0.5,0,0,0,0,0,FL,1,0,-7.405409196,-34.73517637,301.8612828,303.9434267,0.01557110969,0.01252781434,0.03035234082,0.03634102616,,,,
1026,7.054,2.052,baseline — trained fixed gait,0.5,0,0,0,0,0,FR,0,0,0,0,0,0,1.804091236,-0.440510877,0.8501914259,2.042454524,,,,
1026,7.054,2.052,baseline — trained fixed gait,0.5,0,0,0,0,0,RL,0,0,0,0,0,0,1.526994711,0.09819182217,0.7700521923,1.712990035,,,,
1026,7.054,2.052,baseline — trained fixed gait,0.5,0,0,0,0,0,RR,1,0,45.12270074,21.04660988,303.8188815,307.8716139,0.01117913342,-0.005514546624,-0.009752387692,0.01582694899,,,,
1027,7.056,2.054,baseline — trained fixed gait,0.5,0,0,0,0,0,FL,1,0,-7.211555728,-34.14769505,302.8930189,304.8971179,0.01539998542,0.01231544917,0.02629014512,0.03286337733,,,,
1027,7.056,2.054,baseline — trained fixed gait,0.5,0,0,0,0,0,FR,0,0,0,0,0,0,1.913098537,-0.4630134822,0.8807607014,2.15640138,,,,
1027,7.056,2.054,baseline — trained fixed gait,0.5,0,0,0,0,0,RL,0,0,0,0,0,0,1.546523575,0.1434757431,0.7533759036,1.726237443,,,,
1027,7.056,2.054,baseline — trained fixed gait,0.5,0,0,0,0,0,RR,1,0,45.58782179,21.25925975,302.4420245,306.5964511,0.01081499528,-0.0056570367,-0.009173268921,0.01526810564,,,,
1028,7.058,2.056,baseline — trained fixed gait,0.5,0,0,0,0,0,FL,1,0,-7.018273295,-33.6289791,303.8329904,305.7689494,0.01536186976,0.01209214919,0.0226778078,0.02994144421,,,,
1028,7.058,2.056,baseline — trained fixed gait,0.5,0,0,0,0,0,FR,0,0,0,0,0,0,1.989466263,-0.4865469955,0.8839039406,2.230692755,,,,
1028,7.058,2.056,baseline — trained fixed gait,0.5,0,0,0,0,0,RL,0,0,0,0,0,0,1.554803608,0.1867143984,0.7291831191,1.727421358,,,,
1028,7.058,2.056,baseline — trained fixed gait,0.5,0,0,0,0,0,RR,1,0,46.02142564,21.48351923,301.1331463,305.3861245,0.0105059983,-0.005760369994,-0.008638839059,0.01477116796,,,,
1029,7.06,2.058,baseline — trained fixed gait,0.5,0,0,0,0,0,FL,1,0,-6.821079454,-33.13266323,304.6777683,306.5499029,0.01540657087,0.01186999696,0.01947955566,0.02752657521,,,,
1029,7.06,2.058,baseline — trained fixed gait,0.5,0,0,0,0,0,FR,0,0,0,0,0,0,2.0413898,-0.5096437526,0.8677850347,2.275974503,,,,
1029,7.06,2.058,baseline — trained fixed gait,0.5,0,0,0,0,0,RL,0,0,0,0,0,0,1.554668007,0.2273857868,0.7001893699,1.720163382,,,,
1029,7.06,2.058,baseline — trained fixed gait,0.5,0,0,0,0,0,RR,1,0,46.42441174,21.75083814,299.9048643,304.2552425,0.01022602848,-0.005844202743,-0.008168708222,0.01433367218,,,,
1030,7.062,2.06,baseline — trained fixed gait,0.5,0,0,0,0,0,FL,1,0,-1.182526814,-30.65751356,298.5194724,300.0919141,0.01550389523,0.01164958315,0.01665696979,0.02556439316,,,,
1030,7.062,2.06,baseline — trained fixed gait,0.5,0,0,0,0,0,FR,0,0,0,0,0,0,2.075096965,-0.5312976663,0.8386103022,2.300341684,,,,
1030,7.062,2.06,baseline — trained fixed gait,0.5,0,0,0,0,0,RL,0,0,0,0,0,0,1.548279543,0.2651639779,0.668431881,1.707127019,,,,
1030,7.062,2.06,baseline — trained fixed gait,0.5,0,0,0,0,0,RR,1,0,48.28490402,20.28359742,288.0648216,292.7869494,0.009959866456,-0.005924028946,-0.007770017372,0.013952284,,,,
1031,7.064,2.062,baseline — trained fixed gait,0.5,0,0,0,0,0,FL,1,0,-0.8783978743,-30.22201375,299.0415146,300.5660811,0.01493554794,0.01114674825,0.01462581007,0.02369039698,,,,
1031,7.064,2.062,baseline — trained fixed gait,0.5,0,0,0,0,0,FR,0,0,0,0,0,0,2.108627102,-0.5394706936,0.8158804075,2.324434926,,,,
1031,7.064,2.062,baseline — trained fixed gait,0.5,0,0,0,0,0,RL,0,0,0,0,0,0,1.538699416,0.2949789155,0.6426790638,1.693412187,,,,
1031,7.064,2.062,baseline — trained fixed gait,0.5,0,0,0,0,0,RR,1,0,48.65534567,20.5149806,287.0806714,291.8964182,0.009422705254,-0.00577677217,-0.006706231776,0.01292795481,,,,
1032,7.066,2.064,baseline — trained fixed gait,0.5,0,0,0,0,0,FL,1,0,-0.6187200385,-29.84360073,299.5229532,301.0066823,0.01468555193,0.01076252706,0.01269036525,0.02219330517,,,,
1032,7.066,2.064,baseline — trained fixed gait,0.5,0,0,0,0,0,FR,0,0,0,0,0,0,2.127998514,-0.5466056348,0.7833234385,2.332541748,,,,
1032,7.066,2.064,baseline — trained fixed gait,0.5,0,0,0,0,0,RL,0,0,0,0,0,0,1.523512261,0.3225506909,0.6135633072,1.673794638,,,,
1032,7.066,2.064,baseline — trained fixed gait,0.5,0,0,0,0,0,RR,1,0,48.96121525,20.75043764,286.2288651,291.1266812,0.008982503606,-0.005720787977,-0.00606172011,0.0122538662,,,,
1033,7.068,2.066,baseline — trained fixed gait,0.5,0,0,0,0,0,FL,1,0,-0.3858321061,-29.51303367,299.9483354,301.3970337,0.01463473079,0.0104549596,0.01089400325,0.0210276207,,,,
1033,7.068,2.066,baseline — trained fixed gait,0.5,0,0,0,0,0,FR,0,0,0,0,0,0,2.136918201,-0.5521849529,0.7447260481,2.329365688,,,,
1033,7.068,2.066,baseline — trained fixed gait,0.5,0,0,0,0,0,RL,0,0,0,0,0,0,1.504331198,0.3477201675,0.5826419986,1.650270695,,,,
1033,7.068,2.066,baseline — trained fixed gait,0.5,0,0,0,0,0,RR,1,0,49.2152611,20.98238525,285.4985442,290.468279,0.008605015876,-0.005720534072,-0.005701265748,0.0118014931,,,,
1034,7.07,2.068,baseline — trained fixed gait,0.5,0,0,0,0,0,FL,1,0,-0.1686534795,-29.22273979,300.3103784,301.7288855,0.01470529004,0.01019712467,0.00925195199,0.02014511162,,,,
1034,7.07,2.068,baseline — trained fixed gait,0.5,0,0,0,0,0,FR,0,0,0,0,0,0,2.138162263,-0.5558989603,0.7029225868,2.318374793,,,,
1034,7.07,2.068,baseline — trained fixed gait,0.5,0,0,0,0,0,RL,0,0,0,0,0,0,1.482378992,0.3704335346,0.5510639719,1.624296765,,,,
1034,7.07,2.068,baseline — trained fixed gait,0.5,0,0,0,0,0,RR,1,0,49.42714631,21.20608998,284.8822797,289.9149088,0.008266250864,-0.00575382481,-0.005533324947,0.01149152245,,,,
1035,7.072,2.07,baseline — trained fixed gait,0.5,0,0,0,0,0,FL,1,0,2.240655117,-25.70864763,286.0151926,287.1770281,0.0148504529,0.009972690138,0.007767438648,0.01950188717,,,,
1035,7.072,2.07,baseline — trained fixed gait,0.5,0,0,0,0,0,FR,0,0,0,0,0,0,2.133794302,-0.5575923606,0.6600046804,2.302084608,,,,
1035,7.072,2.07,baseline — trained fixed gait,0.5,0,0,0,0,0,RL,0,0,0,0,0,0,1.458577518,0.3907120925,0.5196605557,1.59691935,,,,
1035,7.072,2.07,baseline — trained fixed gait,0.5,0,0,0,0,0,RR,1,0,49.42821069,19.42540269,274.184837,279.2808964,0.007952008309,-0.005806815822,-0.005493667325,0.01127536815,,,,
1036,7.074,2.072,baseline — trained fixed gait,0.5,0,0,0,0,0,FL,1,0,2.540139435,-25.4516673,286.2280176,287.3686095,0.01466803133,0.009343249639,0.007413566951,0.01890524879,,,,
1036,7.074,2.072,baseline — trained fixed gait,0.5,0,0,0,0,0,FR,0,0,0,0,0,0,2.139324702,-0.5511046449,0.6328292366,2.298020746,,,,
1036,7.074,2.072,baseline — trained fixed gait,0.5,0,0,0,0,0,RL,0,0,0,0,0,0,1.44832792,0.4005142286,0.5039341688,1.584933771,,,,
1036,7.074,2.072,baseline — trained fixed gait,0.5,0,0,0,0,0,RR,1,0,49.62116626,19.55661955,273.7330498,278.8808062,0.007627984052,-0.0056031424,-0.004839134523,0.01063007848,,,,
1037,7.076,2.074,baseline — trained fixed gait,0.5,0,0,0,0,0,FL,1,0,2.789159808,-25.23955623,286.4315628,287.5549596,0.01465055637,0.008910368568,0.006758417513,0.01843121475,,,,
1037,7.076,2.074,baseline — trained fixed gait,0.5,0,0,0,0,0,FR,0,0,0,0,0,0,2.13771014,-0.5436488958,0.6019498667,2.286416937,,,,
1037,7.076,2.074,baseline — trained fixed gait,0.5,0,0,0,0,0,RL,0,0,0,0,0,0,1.433043867,0.4095030424,0.4840503547,1.567039314,,,,
1037,7.076,2.074,baseline — trained fixed gait,0.5,0,0,0,0,0,RR,1,0,49.76812528,19.70230702,273.4071452,278.5974053,0.007315872311,-0.005507806683,-0.004566002996,0.01023260991,,,,
1038,7.078,2.076,baseline — trained fixed gait,0.5,0,0,0,0,0,FL,1,0,3.006112276,-25.06196216,286.6061321,287.7155082,0.01473869509,0.008597350302,0.005953341174,0.01807168604,,,,
1038,7.078,2.076,baseline — trained fixed gait,0.5,0,0,0,0,0,FR,0,0,0,0,0,0,2.130756054,-0.5350552696,0.5692616647,2.269463449,,,,
1038,7.078,2.076,baseline — trained fixed gait,0.5,0,0,0,0,0,RL,0,0,0,0,0,0,1.414156118,0.4174654385,0.461518653,1.545028927,,,,
1038,7.078,2.076,baseline — trained fixed gait,0.5,0,0,0,0,0,RR,1,0,49.87810596,19.85443434,273.1976107,278.4222666,0.007015353328,-0.005479175926,-0.004536470157,0.009990801401,,,,
1039,7.08,2.078,baseline — trained fixed gait,0.5,0,0,0,0,0,FL,1,0,3.205716101,-24.91098451,286.7330694,287.831004,0.01489299888,0.008358500779,0.00508897057,0.01782031348,,,,
1039,7.08,2.078,baseline — trained fixed gait,0.5,0,0,0,0,0,FR,0,0,0,0,0,0,2.119814234,-0.5252524957,0.5361545156,2.248769494,,,,
1039,7.08,2.078,baseline — trained fixed gait,0.5,0,0,0,0,0,RL,0,0,0,0,0,0,1.392763337,0.4242789052,0.4374771698,1.520259378,,,,
1039,7.08,2.078,baseline — trained fixed gait,0.5,0,0,0,0,0,RR,1,0,49.95827252,20.00796527,273.0971977,278.3491101,0.006724347821,-0.005491396847,-0.004657800661,0.009852278922,,,,
1040,7.082,2.08,baseline — trained fixed gait,0.5,0,0,0,0,0,FL,1,0,0.9955433162,-21.89330755,271.4590967,272.3423382,0.01508855992,0.008168651652,0.004208338735,0.0176663982,,,,
1040,7.082,2.08,baseline — trained fixed gait,0.5,0,0,0,0,0,FR,0,0,0,0,0,0,2.105888863,-0.5142406618,0.5036238868,2.22549958,,,,
1040,7.082,2.08,baseline — trained fixed gait,0.5,0,0,0,0,0,RL,0,0,0,0,0,0,1.369704795,0.4298877077,0.4127728555,1.49374566,,,,
1040,7.082,2.08,baseline — trained fixed gait,0.5,0,0,0,0,0,RR,1,0,48.71548634,18.85165432,268.8061113,273.8344554,0.006441877523,-0.00552831339,-0.004866637396,0.009784896244,,,,
1041,7.084,2.082,baseline — trained fixed gait,0.5,0,0,0,0,0,FL,1,0,1.216301894,-21.7669606,271.6308585,272.5043178,0.01548185095,0.007644720328,0.004381454825,0.01781366341,,,,
1041,7.084,2.082,baseline — trained fixed gait,0.5,0,0,0,0,0,FR,0,0,0,0,0,0,2.10272569,-0.499192458,0.4869544732,2.215349429,,,,
1041,7.084,2.082,baseline — trained fixed gait,0.5,0,0,0,0,0,RL,0,0,0,0,0,0,1.368014537,0.4252441423,0.4076548572,1.489455886,,,,
1041,7.084,2.082,baseline — trained fixed gait,0.5,0,0,0,0,0,RR,1,0,48.79486279,18.90218637,268.7209478,273.7684771,0.006360563753,-0.005393889413,-0.004834028081,0.009639431609,,,,
1042,7.086,2.084,baseline — trained fixed gait,0.5,0,0,0,0,0,FL,1,0,1.410501924,-21.67368967,271.7930748,272.6595201,0.01579120585,0.007305608544,0.004106638421,0.0178773202,,,,
1042,7.086,2.084,baseline — trained fixed gait,0.5,0,0,0,0,0,FR,0,0,0,0,0,0,2.094107656,-0.4838235356,0.4671435034,2.199453373,,,,
1042,7.086,2.084,baseline — trained fixed gait,0.5,0,0,0,0,0,RL,0,0,0,0,0,0,1.36037938,0.4210543157,0.396593342,1.478243915,,,,
1042,7.086,2.084,baseline — trained fixed gait,0.5,0,0,0,0,0,RR,1,0,48.86020318,18.97554706,268.7219005,273.7861404,0.006215064184,-0.00532905344,-0.004945727368,0.009564834164,,,,
1043,7.088,2.086,baseline — trained fixed gait,0.5,0,0,0,0,0,FL,1,0,1.584650233,-21.60498058,271.9398015,272.8012865,0.01605256895,0.007078592809,0.003564233734,0.01790237996,,,,
1043,7.088,2.086,baseline — trained fixed gait,0.5,0,0,0,0,0,FR,0,0,0,0,0,0,2.081283146,-0.4680153931,0.4455542989,2.179288089,,,,
1043,7.088,2.086,baseline — trained fixed gait,0.5,0,0,0,0,0,RL,0,0,0,0,0,0,1.348340549,0.4169787099,0.3813692822,1.461963067,,,,
1043,7.088,2.086,baseline — trained fixed gait,0.5,0,0,0,0,0,RR,1,0,48.91217718,19.06414948,268.8079925,273.8860707,0.006033134998,-0.00530867384,-0.005140490906,0.009539674135,,,,
1044,7.09,2.088,baseline — trained fixed gait,0.5,0,0,0,0,0,FL,1,0,1.733540209,-21.51658387,272.0694969,272.9244945,0.01628791813,0.006920611154,0.002877736659,0.01792965432,,,,
1044,7.09,2.088,baseline — trained fixed gait,0.5,0,0,0,0,0,FR,0,0,0,0,0,0,2.065206249,-0.4517157118,0.4231974337,2.155973099,,,,
1044,7.09,2.088,baseline — trained fixed gait,0.5,0,0,0,0,0,RL,0,0,0,0,0,0,1.333097797,0.412779734,0.3633526305,1.442068645,,,,
1044,7.09,2.088,baseline — trained fixed gait,0.5,0,0,0,0,0,RR,1,0,46.47608826,18.00100399,267.695773,272.29596,0.005832405884,-0.005316661617,-0.005376354609,0.009549295159,,,,
1045,7.092,2.09,baseline — trained fixed gait,0.5,0,0,0,0,0,FL,1,0,-4.649121785,-21.0546207,267.0459067,267.9149635,0.01651165629,0.006798652603,0.002128218418,0.01798293036,,,,
1045,7.092,2.09,baseline — trained fixed gait,0.5,0,0,0,0,0,FR,0,0,0,0,0,0,2.046610383,-0.4349277974,0.4007981421,2.130355698,,,,
1045,7.092,2.09,baseline — trained fixed gait,0.5,0,0,0,0,0,RL,0,0,0,0,0,0,1.315586208,0.408538362,0.3435682645,1.419756957,,,,
1045,7.092,2.09,baseline — trained fixed gait,0.5,0,0,0,0,0,RR,1,0,44.02119914,17.27976085,266.1366688,270.3057206,0.005939606916,-0.005383010674,-0.003671343738,0.008816717024,,,,
1046,7.094,2.092,baseline — trained fixed gait,0.5,0,0,0,0,0,FL,1,0,-4.574604304,-21.07900065,267.3383669,268.2071097,0.01750008523,0.006660518946,0.001736483372,0.01880507565,,,,
1046,7.094,2.092,baseline — trained fixed gait,0.5,0,0,0,0,0,FR,0,0,0,0,0,0,2.035175155,-0.4186776092,0.388764061,2.11385107,,,,
1046,7.094,2.092,baseline — trained fixed gait,0.5,0,0,0,0,0,RL,0,0,0,0,0,0,1.323101725,0.3963102851,0.3451734915,1.423658933,,,,
1046,7.094,2.092,baseline — trained fixed gait,0.5,0,0,0,0,0,RR,1,0,44.12854798,17.28362391,266.2390855,270.4243019,0.006290648291,-0.005315052313,-0.002523718875,0.008613431022,,,,
1047,7.096,2.094,baseline — trained fixed gait,0.5,0,0,0,0,0,FL,1,0,-4.482277065,-21.09809314,267.5026596,268.3708129,0.01814794174,0.006574444389,0.00119961339,0.01933934282,,,,
1047,7.096,2.094,baseline — trained fixed gait,0.5,0,0,0,0,0,FR,0,0,0,0,0,0,2.019784365,-0.4021996481,0.3744167458,2.093198829,,,,
1047,7.096,2.094,baseline — trained fixed gait,0.5,0,0,0,0,0,RL,0,0,0,0,0,0,1.323924922,0.3853246297,0.3397562088,1.420100895,,,,
1047,7.096,2.094,baseline — trained fixed gait,0.5,0,0,0,0,0,RR,1,0,44.22390306,17.30637644,266.4167116,270.6162015,0.006419214899,-0.005276798495,-0.001882574316,0.008520270438,,,,
1048,7.098,2.096,baseline — trained fixed gait,0.5,0,0,0,0,0,FL,1,0,-4.369964539,-21.14374232,267.7279667,268.5971307,0.0185886614,0.006516014581,0.0006037266153,0.01970688368,,,,
1048,7.098,2.096,baseline — trained fixed gait,0.5,0,0,0,0,0,FR,0,0,0,0,0,0,2.001259055,-0.385450631,0.3586643245,2.069359826,,,,
1048,7.098,2.096,baseline — trained fixed gait,0.5,0,0,0,0,0,RL,0,0,0,0,0,0,1.319652341,0.3751552777,0.329275757,1.410902657,,,,
1048,7.098,2.096,baseline — trained fixed gait,0.5,0,0,0,0,0,RR,1,0,44.30582242,17.3482981,266.6699797,270.8816114,0.006416449077,-0.005260837119,-0.00158180986,0.008446854349,,,,
1049,7.1,2.098,baseline — trained fixed gait,0.5,0,0,0,0,0,FL,1,0,-4.251163787,-21.19797009,267.9306954,268.8015697,0.01890622673,0.006476405814,-3.888779204e-06,0.01998472559,,,,
1049,7.1,2.098,baseline — trained fixed gait,0.5,0,0,0,0,0,FR,0,0,0,0,0,0,1.98024162,-0.3684112683,0.3421851518,2.043079639,,,,
1049,7.1,2.098,baseline — trained fixed gait,0.5,0,0,0,0,0,RL,0,0,0,0,0,0,1.31153713,0.3654840638,0.3152516118,1.397530616,,,,
1049,7.1,2.098,baseline — trained fixed gait,0.5,0,0,0,0,0,RR,1,0,44.37483212,17.40344505,266.9961478,271.2175299,0.006338441747,-0.005261847881,-0.001502561142,0.008373803012,,,,
1050,7.102,2.1,baseline — trained fixed gait,0.5,0,0,0,0,0,FL,1,0,-11.59363513,-22.03013284,268.9967276,270.146217,0.01915031031,0.006447974349,-0.0005877586408,0.02021524718,,,,
1050,7.102,2.1,baseline — trained fixed gait,0.5,0,0,0,0,0,FR,0,0,0,0,0,0,1.957232529,-0.3510995657,0.3254757203,2.014935364,,,,
1050,7.102,2.1,baseline — trained fixed gait,0.5,0,0,0,0,0,RL,0,0,0,0,0,0,1.300558628,0.3560804762,0.2988539401,1.381144355,,,,
1050,7.102,2.1,baseline — trained fixed gait,0.5,0,0,0,0,0,RR,1,0,42.34753211,17.13820255,268.2255206,272.08815,0.006219278972,-0.005275187155,-0.001561881291,0.008303403135,,,,
1051,7.104,2.102,baseline — trained fixed gait,0.5,0,0,0,0,0,FL,1,0,-11.58246033,-22.1359745,269.3845698,270.5405722,0.0203106598,0.006539026169,-0.001176817002,0.02136976048,,,,
1051,7.104,2.102,baseline — trained fixed gait,0.5,0,0,0,0,0,FR,0,0,0,0,0,0,1.932255561,-0.3342928851,0.3068891622,1.984828518,,,,
1051,7.104,2.102,baseline — trained fixed gait,0.5,0,0,0,0,0,RL,0,0,0,0,0,0,1.31002602,0.3410208675,0.3015559226,1.386866749,,,,
1051,7.104,2.102,baseline — trained fixed gait,0.5,0,0,0,0,0,RR,1,0,42.39904552,17.11180592,268.5262617,272.3909804,0.006397948728,-0.005246473771,-0.001767647945,0.008460721849,,,,
1052,7.106,2.104,baseline — trained fixed gait,0.5,0,0,0,0,0,FL,1,0,-11.51976148,-22.24340353,269.7156358,270.876352,0.02104158332,0.006596666839,-0.001694970581,0.02211644563,,,,
1052,7.106,2.104,baseline — trained fixed gait,0.5,0,0,0,0,0,FR,0,0,0,0,0,0,1.90614222,-0.3171574091,0.2891186203,1.953856842,,,,
1052,7.106,2.104,baseline — trained fixed gait,0.5,0,0,0,0,0,RL,0,0,0,0,0,0,1.313077388,0.3273677791,0.2974588502,1.385577012,,,,
1052,7.106,2.104,baseline — trained fixed gait,0.5,0,0,0,0,0,RR,1,0,42.46237899,17.10988223,268.8612615,272.7309657,0.006446123488,-0.005230422066,-0.001977174338,0.008533407372,,,,
1053,7.108,2.106,baseline — trained fixed gait,0.5,0,0,0,0,0,FL,1,0,-11.42493911,-22.35289014,270.0088416,271.1732942,0.02150943291,0.006632265863,-0.002144844771,0.02261068362,,,,
1053,7.108,2.106,baseline — trained fixed gait,0.5,0,0,0,0,0,FR,0,0,0,0,0,0,1.879067606,-0.2997589223,0.2722113669,1.922199133,,,,
1053,7.108,2.106,baseline — trained fixed gait,0.5,0,0,0,0,0,RL,0,0,0,0,0,0,1.311184972,0.3147025952,0.2884391214,1.378927439,,,,
1053,7.108,2.106,baseline — trained fixed gait,0.5,0,0,0,0,0,RR,1,0,42.53184845,17.12730503,269.2352425,273.1115496,0.006417230296,-0.005225584152,-0.002180147076,0.008558073129,,,,
1054,7.11,2.108,baseline — trained fixed gait,0.5,0,0,0,0,0,FL,1,0,-11.31022365,-22.46530925,270.2746935,271.4424823,0.02181948244,0.006654330476,-0.002528020706,0.02295127048,,,,
1054,7.11,2.108,baseline — trained fixed gait,0.5,0,0,0,0,0,FR,0,0,0,0,0,0,1.851172309,-0.2821677837,0.2561731298,1.889995303,,,,
1054,7.11,2.108,baseline — trained fixed gait,0.5,0,0,0,0,0,RL,0,0,0,0,0,0,1.30550811,0.302711345,0.2759553849,1.368260559,,,,
1054,7.11,2.108,baseline — trained fixed gait,0.5,0,0,0,0,0,RR,1,0,42.60414306,17.16000336,269.6499211,273.5336518,0.006345041709,-0.005230035545,-0.002369419485,0.008557276131,,,,
1055,7.112,2.11,baseline — trained fixed gait,0.5,0,0,0,0,0,FL,1,0,-18.52485872,-23.9419895,274.8020905,276.4644248,0.02203446004,0.006668018881,-0.002850361259,0.02319707879,,,,
1055,7.112,2.11,baseline — trained fixed gait,0.5,0,0,0,0,0,FR,0,0,0,0,0,0,1.822571066,-0.2644558192,0.2409800126,1.857356599,,,,
1055,7.112,2.11,baseline — trained fixed gait,0.5,0,0,0,0,0,RL,0,0,0,0,0,0,1.296955875,0.2911623917,0.2611335836,1.354644171,,,,
1055,7.112,2.11,baseline — trained fixed gait,0.5,0,0,0,0,0,RR,1,0,41.90018243,16.70291762,269.3554965,273.1061996,0.006249715046,-0.005241870752,-0.002541856007,0.008543838663,,,,
1056,7.114,2.112,baseline — trained fixed gait,0.5,0,0,0,0,0,FL,1,0,-18.52468696,-24.09522436,275.2323613,276.9053928,0.0231781201,0.006870998353,-0.003408477085,0.02441420868,,,,
1056,7.114,2.112,baseline — trained fixed gait,0.5,0,0,0,0,0,FR,0,0,0,0,0,0,1.790637468,-0.247241528,0.2236326871,1.821406735,,,,
1056,7.114,2.112,baseline — trained fixed gait,0.5,0,0,0,0,0,RL,0,0,0,0,0,0,1.304250179,0.277584303,0.2617572556,1.358910753,,,,
1056,7.114,2.112,baseline — trained fixed gait,0.5,0,0,0,0,0,RR,1,0,41.98505324,16.68908462,269.7613869,273.5186942,0.006255742644,-0.005194957776,-0.002645517937,0.00855106236,,,,
1057,7.116,2.114,baseline — trained fixed gait,0.5,0,0,0,0,0,FL,1,0,-18.46139603,-24.24518268,275.5962017,277.2758887,0.02388060227,0.00699701094,-0.003789913994,0.0251715072,,,,
1057,7.116,2.114,baseline — trained fixed gait,0.5,0,0,0,0,0,FR,0,0,0,0,0,0,1.758638661,-0.2299204786,0.2077925788,1.785735457,,,,
1057,7.116,2.114,baseline — trained fixed gait,0.5,0,0,0,0,0,RL,0,0,0,0,0,0,1.306161903,0.2651471016,0.256830583,1.35732231,,,,
1057,7.116,2.114,baseline — trained fixed gait,0.5,0,0,0,0,0,RR,1,0,42.07527471,16.6960695,270.1964939,273.962101,0.006212524184,-0.005173866199,-0.00275156928,0.008540227262,,,,
1058,7.118,2.116,baseline — trained fixed gait,0.5,0,0,0,0,0,FL,1,0,-18.35765726,-24.39369808,275.9159422,277.5998257,0.02431242755,0.007075330758,-0.004046859161,0.02564237718,,,,
1058,7.118,2.116,baseline — trained fixed gait,0.5,0,0,0,0,0,FR,0,0,0,0,0,0,1.72654098,-0.2125721442,0.1932196537,1.750275552,,,,
1058,7.118,2.116,baseline — trained fixed gait,0.5,0,0,0,0,0,RL,0,0,0,0,0,0,1.303885908,0.2535094674,0.2479126165,1.351238757,,,,
1058,7.118,2.116,baseline — trained fixed gait,0.5,0,0,0,0,0,RR,1,0,42.16858457,16.71919341,270.6622224,274.4371687,0.006141631212,-0.005170836196,-0.002855256615,0.008521130867,,,,
1059,7.12,2.118,baseline — trained fixed gait,0.5,0,0,0,0,0,FL,1,0,-18.22820019,-24.54233883,276.2052234,277.8919199,0.02458130988,0.007125115415,-0.004215236827,0.02593793142,,,,
1059,7.12,2.118,baseline — trained fixed gait,0.5,0,0,0,0,0,FR,0,0,0,0,0,0,1.69432584,-0.1952694116,0.1797055584,1.714982298,,,,
1059,7.12,2.118,baseline — trained fixed gait,0.5,0,0,0,0,0,RL,0,0,0,0,0,0,1.298364851,0.242416272,0.2362141819,1.34175783,,,,
1059,7.12,2.118,baseline — trained fixed gait,0.5,0,0,0,0,0,RR,1,0,42.26376764,16.75488778,271.158649,274.9435674,0.006056425198,-0.005180451421,-0.002953632665,0.008499488751,,,,
1060,7.122,2.12,baseline — trained fixed gait,0.5,0,0,0,0,0,FL,1,0,-25.17496698,-27.13750201,286.1834344,288.5674637,0.02475204614,0.00715796094,-0.004322901106,0.02612637875,,,,
1060,7.122,2.12,baseline — trained fixed gait,0.5,0,0,0,0,0,FR,0,0,0,0,0,0,1.661987387,-0.1780785941,0.1670705073,1.679829341,,,,
1060,7.122,2.12,baseline — trained fixed gait,0.5,0,0,0,0,0,RL,0,0,0,0,0,0,1.290339621,0.2316801287,0.2226683822,1.329749311,,,,
1060,7.122,2.12,baseline — trained fixed gait,0.5,0,0,0,0,0,RR,1,0,41.27637363,16.47583557,271.3615357,274.9768631,0.005964894454,-0.005198894879,-0.00304540817,0.008478383379,,,,
1061,7.124,2.122,baseline — trained fixed gait,0.5,0,0,0,0,0,FL,1,0,-25.1797402,-27.32715536,286.6128926,289.0116658,0.02585871873,0.007516542905,-0.005061509519,0.02740055894,,,,
1061,7.124,2.122,baseline — trained fixed gait,0.5,0,0,0,0,0,FR,0,0,0,0,0,0,1.624387784,-0.1612609443,0.1469304736,1.638972034,,,,
1061,7.124,2.122,baseline — trained fixed gait,0.5,0,0,0,0,0,RL,0,0,0,0,0,0,1.29244211,0.2204000059,0.2188083191,1.329232805,,,,
1061,7.124,2.122,baseline — trained fixed gait,0.5,0,0,0,0,0,RR,1,0,41.37120725,16.4821775,271.8582472,275.481661,0.006022548382,-0.005185274733,-0.003107496473,0.00853315284,,,,
1062,7.126,2.124,baseline — trained fixed gait,0.5,0,0,0,0,0,FL,1,0,-25.109003,-27.50634318,286.9596803,289.3664097,0.02652685028,0.007731389939,-0.005460175932,0.02816490187,,,,
1062,7.126,2.124,baseline — trained fixed gait,0.5,0,0,0,0,0,FR,0,0,0,0,0,0,1.588017865,-0.1443665161,0.1298128943,1.599841811,,,,
1062,7.126,2.124,baseline — trained fixed gait,0.5,0,0,0,0,0,RL,0,0,0,0,0,0,1.290810781,0.2097916642,0.2115260899,1.324744618,,,,
1062,7.126,2.124,baseline — trained fixed gait,0.5,0,0,0,0,0,RR,1,0,41.47456291,16.5014054,272.3723851,276.00571,0.006019751513,-0.005189252392,-0.003170089353,0.008556588992,,,,
1063,7.128,2.126,baseline — trained fixed gait,0.5,0,0,0,0,0,FL,1,0,-24.98904958,-27.71448813,287.2533064,289.6670632,0.02692445219,0.00785897836,-0.00563760672,0.02860895447,,,,
1063,7.128,2.126,baseline — trained fixed gait,0.5,0,0,0,0,0,FR,0,0,0,0,0,0,1.552595223,-0.1275175218,0.1150671037,1.562066926,,,,
1063,7.128,2.126,baseline — trained fixed gait,0.5,0,0,0,0,0,RL,0,0,0,0,0,0,1.286237498,0.1996442193,0.2018537538,1.317197651,,,,
1063,7.128,2.126,baseline — trained fixed gait,0.5,0,0,0,0,0,RR,1,0,41.58336747,16.52797036,272.9050591,276.5493112,0.005982175496,-0.005205134842,-0.003231648476,0.008562908633,,,,
1064,7.13,2.128,baseline — trained fixed gait,0.5,0,0,0,0,0,FL,1,0,-24.83660327,-27.88356581,287.5052072,289.919979,0.02715842438,0.007939656411,-0.005675840435,0.02885885173,,,,
1064,7.13,2.128,baseline — trained fixed gait,0.5,0,0,0,0,0,FR,0,0,0,0,0,0,1.517906463,-0.1108071598,0.1021647113,1.525370737,,,,
1064,7.13,2.128,baseline — trained fixed gait,0.5,0,0,0,0,0,RL,0,0,0,0,0,0,1.279346505,0.1898104382,0.1905869453,1.307317432,,,,
1064,7.13,2.128,baseline — trained fixed gait,0.5,0,0,0,0,0,RR,1,0,41.69659685,16.56545109,273.4566112,277.1128625,0.00592615314,-0.005228609105,-0.003290823978,0.008560792409,,,,
1065,7.132,2.13,baseline — trained fixed gait,0.5,0,0,0,0,0,FL,1,0,-31.89140562,-30.78094251,298.7058452,301.9763404,0.02729396321,0.007988106548,-0.005632413336,0.02899128065,,,,
1065,7.132,2.13,baseline — trained fixed gait,0.5,0,0,0,0,0,FR,0,0,0,0,0,0,1.483790437,-0.09432769403,0.09067771315,1.489548329,,,,
1065,7.132,2.13,baseline — trained fixed gait,0.5,0,0,0,0,0,RL,0,0,0,0,0,0,1.270631317,0.1801694947,0.1783334788,1.295672729,,,,
1065,7.132,2.13,baseline — trained fixed gait,0.5,0,0,0,0,0,RR,1,0,40.51928115,16.56673939,275.3610313,278.8188777,0.005860905651,-0.005257566714,-0.003347076968,0.008555416239,,,,
1066,7.134,2.132,baseline — trained fixed gait,0.5,0,0,0,0,0,FL,1,0,-31.86864675,-30.99472108,299.0902179,302.3759941,0.02838069747,0.008390976478,-0.006299011775,0.03025805718,,,,
1066,7.134,2.132,baseline — trained fixed gait,0.5,0,0,0,0,0,FR,0,0,0,0,0,0,1.44058199,-0.07948669105,0.06344542096,1.444167555,,,,
1066,7.134,2.132,baseline — trained fixed gait,0.5,0,0,0,0,0,RL,0,0,0,0,0,0,1.270981279,0.1703890295,0.1744648335,1.294165295,,,,
1066,7.134,2.132,baseline — trained fixed gait,0.5,0,0,0,0,0,RR,1,0,40.62743237,16.57487775,275.8809551,279.3485569,0.005983555512,-0.005288977205,-0.003493945499,0.00871687281,,,,
1067,7.136,2.134,baseline — trained fixed gait,0.5,0,0,0,0,0,FL,1,0,-31.7663145,-31.19259706,299.3867327,302.6788604,0.02902180539,0.00863004218,-0.006596094248,0.03098792144,,,,
1067,7.136,2.134,baseline — trained fixed gait,0.5,0,0,0,0,0,FR,0,0,0,0,0,0,1.400361572,-0.06436668474,0.0421015667,1.402472155,,,,
1067,7.136,2.134,baseline — trained fixed gait,0.5,0,0,0,0,0,RL,0,0,0,0,0,0,1.268437501,0.1610405494,0.1682581938,1.289642809,,,,
1067,7.136,2.134,baseline — trained fixed gait,0.5,0,0,0,0,0,RR,1,0,40.7510362,16.59207841,276.400758,279.8809087,0.006030217893,-0.005320146126,-0.003588952742,0.008806137884,,,,
1068,7.138,2.136,baseline — trained fixed gait,0.5,0,0,0,0,0,FL,1,0,-33.63350426,-31.83976739,298.7808844,302.3491364,0.02938853302,0.008770136049,-0.006662601254,0.03138457288,,,,
1068,7.138,2.136,baseline — trained fixed gait,0.5,0,0,0,0,0,FR,0,0,0,0,0,0,1.362487961,-0.04925696092,0.02529751443,1.363612722,,,,
1068,7.138,2.136,baseline — trained fixed gait,0.5,0,0,0,0,0,RL,0,0,0,0,0,0,1.263560215,0.1519795925,0.160438792,1.282740355,,,,
1068,7.138,2.136,baseline — trained fixed gait,0.5,0,0,0,0,0,RR,1,0,40.8805065,16.57026747,276.9181158,280.4094014,0.006031930494,-0.005352222489,-0.003649810342,0.008851643157,,,,
1069,7.14,2.138,baseline — trained fixed gait,0.5,0,0,0,0,0,FL,1,0,-33.36008893,-32.08105896,298.895802,302.457915,0.02971451223,0.009041546135,-0.005295323005,0.03150781235,,,,
1069,7.14,2.138,baseline — trained fixed gait,0.5,0,0,0,0,0,FR,0,0,0,0,0,0,1.326443945,-0.03438732009,0.011944093,1.326943363,,,,
1069,7.14,2.138,baseline — trained fixed gait,0.5,0,0,0,0,0,RL,0,0,0,0,0,0,1.256801238,0.1431443759,0.1515677152,1.273975053,,,,
1069,7.14,2.138,baseline — trained fixed gait,0.5,0,0,0,0,0,RR,1,0,41.02506324,16.59937299,277.434066,280.9417305,0.006010214524,-0.005379918453,-0.003688267304,0.008869583807,,,,
1070,7.142,2.14,baseline — trained fixed gait,0.5,0,0,0,0,0,FL,1,0,-39.49893317,-34.8060627,309.1512758,313.6018799,0.02987514812,0.00920504603,-0.004309520638,0.03155676339,,,,
1070,7.142,2.14,baseline — trained fixed gait,0.5,0,0,0,0,0,FR,0,0,0,0,0,0,1.291846423,-0.0197093647,0.001179162873,1.291997303,,,,
1070,7.142,2.14,baseline — trained fixed gait,0.5,0,0,0,0,0,RL,0,0,0,0,0,0,1.248501573,0.1344276115,0.1420733466,1.26372932,,,,
1070,7.142,2.14,baseline — trained fixed gait,0.5,0,0,0,0,0,RR,1,0,40.4806579,16.73535597,280.2367268,283.6395228,0.005973551562,-0.005411359733,-0.003712727329,0.008874146531,,,,
1071,7.144,2.142,baseline — trained fixed gait,0.5,0,0,0,0,0,FL,1,0,-39.37189373,-35.03966931,309.4223049,313.8790965,0.03083085937,0.00964245077,-0.004300987035,0.03258860592,,,,
1071,7.144,2.142,baseline — trained fixed gait,0.5,0,0,0,0,0,FR,0,0,0,0,0,0,1.247695041,-0.005860034602,-0.02732997594,1.248008086,,,,
1071,7.144,2.142,baseline — trained fixed gait,0.5,0,0,0,0,0,RL,0,0,0,0,0,0,1.242989309,0.1265179231,0.1336581554,1.256540373,,,,
1071,7.144,2.142,baseline — trained fixed gait,0.5,0,0,0,0,0,RR,1,0,40.62889907,16.76050712,280.6882639,284.1082954,0.006048258876,-0.005463241278,-0.003888754258,0.009030550945,,,,
1072,7.146,2.144,baseline — trained fixed gait,0.5,0,0,0,0,0,FL,1,0,-39.18836142,-35.25047062,309.6362145,314.0906058,0.03137818125,0.00990305804,-0.004185318466,0.03316892684,,,,
1072,7.146,2.144,baseline — trained fixed gait,0.5,0,0,0,0,0,FR,0,0,0,0,0,0,1.207367864,0.008258424802,-0.04854673054,1.208371692,,,,
1072,7.146,2.144,baseline — trained fixed gait,0.5,0,0,0,0,0,RL,0,0,0,0,0,0,1.236212315,0.1185297028,0.1252107331,1.248177835,,,,
1072,7.146,2.144,baseline — trained fixed gait,0.5,0,0,0,0,0,RR,1,0,40.79143801,16.78247911,281.1291328,284.5684142,0.006074884932,-0.005508827102,-0.003980643252,0.009115751405,,,,
1073,7.148,2.146,baseline — trained fixed gait,0.5,0,0,0,0,0,FL,1,0,-38.96978961,-35.44601336,309.8151776,314.2618473,0.03167828702,0.01005785049,-0.004018422932,0.033478679,,,,
1073,7.148,2.146,baseline — trained fixed gait,0.5,0,0,0,0,0,FR,0,0,0,0,0,0,1.170058756,0.02241186796,-0.06420023562,1.172033044,,,,
1073,7.148,2.146,baseline — trained fixed gait,0.5,0,0,0,0,0,RL,0,0,0,0,0,0,1.228341875,0.1104752857,0.1168761566,1.238825486,,,,
1073,7.148,2.146,baseline — trained fixed gait,0.5,0,0,0,0,0,RR,1,0,40.96433497,16.80146858,281.5618544,285.0218307,0.006073258769,-0.005549911957,-0.004019465481,0.009156533054,,,,
1074,7.15,2.148,baseline — trained fixed gait,0.5,0,0,0,0,0,FL,1,0,-41.49893645,-34.20024256,308.5198057,313.171341,0.03183257693,0.01015060648,-0.003833112095,0.03363094578,,,,
1074,7.15,2.148,baseline — trained fixed gait,0.5,0,0,0,0,0,FR,0,0,0,0,0,0,1.13513444,0.03642094009,-0.07567551298,1.138236999,,,,
1074,7.15,2.148,baseline — trained fixed gait,0.5,0,0,0,0,0,RL,0,0,0,0,0,0,1.219516954,0.1023713624,0.1087545297,1.228628929,,,,
1074,7.15,2.148,baseline — trained fixed gait,0.5,0,0,0,0,0,RR,1,0,41.1422243,16.74984818,281.9738708,285.4514037,0.006055727989,-0.005587541948,-0.00402648878,0.009170882095,,,,
1075,7.152,2.15,baseline — trained fixed gait,0.5,0,0,0,0,0,FL,1,0,-47.13094766,-36.87998286,318.8204835,324.3885943,0.03225076514,0.01020433521,-0.001905500325,0.03388024854,,,,
1075,7.152,2.15,baseline — trained fixed gait,0.5,0,0,0,0,0,FR,0,0,0,0,0,0,1.102081003,0.0499606973,-0.08408781026,1.106412838,,,,
1075,7.152,2.15,baseline — trained fixed gait,0.5,0,0,0,0,0,RL,0,0,0,0,0,0,1.20987023,0.09431564322,0.1009152597,1.217729569,,,,
1075,7.152,2.15,baseline — trained fixed gait,0.5,0,0,0,0,0,RR,1,0,41.05264279,17.20600135,286.964997,290.3967553,0.006032099617,-0.005613325445,-0.004015696065,0.00916632223,,,,
1076,7.154,2.152,baseline — trained fixed gait,0.5,0,0,0,0,0,FL,1,0,-46.92650459,-37.11975498,319.0373341,324.5994356,0.03327842997,0.01057045314,-0.001281595228,0.0349403902,,,,
1076,7.154,2.152,baseline — trained fixed gait,0.5,0,0,0,0,0,FR,0,0,0,0,0,0,1.054540523,0.06209670976,-0.1215892872,1.063341747,,,,
1076,7.154,2.152,baseline — trained fixed gait,0.5,0,0,0,0,0,RL,0,0,0,0,0,0,1.198566079,0.08780488249,0.08637858963,1.204878252,,,,
1076,7.154,2.152,baseline — trained fixed gait,0.5,0,0,0,0,0,RR,1,0,41.2416649,17.24492215,287.2587719,290.7161232,0.006085643573,-0.00570336053,-0.004316981707,0.009391470071,,,,
1077,7.156,2.154,baseline — trained fixed gait,0.5,0,0,0,0,0,FL,1,0,-46.6782126,-37.33618319,319.2191353,324.7671511,0.03385264535,0.01079051648,-0.0007802809589,0.03553935398,,,,
1077,7.156,2.154,baseline — trained fixed gait,0.5,0,0,0,0,0,FR,0,0,0,0,0,0,1.012642153,0.07478683129,-0.1480321,1.026133862,,,,
1077,7.156,2.154,baseline — trained fixed gait,0.5,0,0,0,0,0,RL,0,0,0,0,0,0,1.187913817,0.08058507199,0.07481533839,1.192992257,,,,
1077,7.156,2.154,baseline — trained fixed gait,0.5,0,0,0,0,0,RR,1,0,41.44720813,17.26872375,287.5281765,291.0129415,0.006109052946,-0.005771092107,-0.004458303193,0.009513280159,,,,
1078,7.158,2.156,baseline — trained fixed gait,0.5,0,0,0,0,0,FL,1,0,-46.40523964,-37.53951254,319.3855136,324.9150159,0.03415678426,0.01092356567,-0.0003828644415,0.03586302808,,,,
1078,7.158,2.156,baseline — trained fixed gait,0.5,0,0,0,0,0,FR,0,0,0,0,0,0,0.9751961576,0.08769739241,-0.1660436444,0.993110704,,,,
1078,7.158,2.156,baseline — trained fixed gait,0.5,0,0,0,0,0,RL,0,0,0,0,0,0,1.177620664,0.07285580337,0.06561662466,1.181695366,,,,
1078,7.158,2.156,baseline — trained fixed gait,0.5,0,0,0,0,0,RR,1,0,41.66459563,17.27859698,287.7762634,291.2896604,0.006114409395,-0.005823289439,-0.004499058542,0.009567561335,,,,
1079,7.16,2.158,baseline — trained fixed gait,0.5,0,0,0,0,0,FL,1,0,-46.11867435,-37.72803692,319.5445158,325.0523565,0.03430476219,0.01100658626,-6.838483358e-05,0.03602729974,,,,
1079,7.16,2.158,baseline — trained fixed gait,0.5,0,0,0,0,0,FR,0,0,0,0,0,0,0.9412614888,0.1005873064,-0.1777287241,0.9631606802,,,,
1079,7.16,2.158,baseline — trained fixed gait,0.5,0,0,0,0,0,RL,0,0,0,0,0,0,1.167464219,0.06487118958,0.05828551639,1.170716949,,,,
1079,7.16,2.158,baseline — trained fixed gait,0.5,0,0,0,0,0,RR,1,0,41.89063444,17.28008778,288.00568,291.5487925,0.006109108423,-0.005864311646,-0.00448039039,0.009580462142,,,,
1080,7.162,2.16,baseline — trained fixed gait,0.5,0,0,0,0,0,FL,1,0,-50.16871923,-40.54345178,331.5899337,337.8055003,0.03436273069,0.01105990799,0.0001790883435,0.0360991814,,,,
1080,7.162,2.16,baseline — trained fixed gait,0.5,0,0,0,0,0,FR,0,0,0,0,0,0,0.9100936869,0.1132507809,-0.1847625823,0.9355391334,,,,
1080,7.162,2.16,baseline — trained fixed gait,0.5,0,0,0,0,0,RL,0,0,0,0,0,0,1.15726631,0.05666148979,0.05242297295,1.159837922,,,,
1080,7.162,2.16,baseline — trained fixed gait,0.5,0,0,0,0,0,RR,1,0,41.91357035,17.48899284,291.4166865,294.9343951,0.006097443333,-0.005897390106,-0.004430180969,0.0095699806,,,,
1081,7.164,2.162,baseline — trained fixed gait,0.5,0,0,0,0,0,FL,1,0,-49.9776268,-40.75334165,331.7849337,337.9938465,0.03499800389,0.01144230567,-0.0004165522043,0.0368233642,,,,
1081,7.164,2.162,baseline — trained fixed gait,0.5,0,0,0,0,0,FR,0,0,0,0,0,0,0.8631432363,0.125017695,-0.2268648793,0.9011733151,,,,
1081,7.164,2.162,baseline — trained fixed gait,0.5,0,0,0,0,0,RL,0,0,0,0,0,0,1.138753526,0.05112032435,0.02977548982,1.140289201,,,,
1081,7.164,2.162,baseline — trained fixed gait,0.5,0,0,0,0,0,RR,1,0,42.1476508,17.51818077,291.5309819,295.0824029,0.006141059896,-0.005958080277,-0.004588410633,0.009709008671,,,,
1082,7.166,2.164,baseline — trained fixed gait,0.5,0,0,0,0,0,FL,1,0,-49.73424593,-40.94554501,331.9233539,338.1170592,0.03535604193,0.01166778566,-0.0006870611158,0.03723787018,,,,
1082,7.166,2.164,baseline — trained fixed gait,0.5,0,0,0,0,0,FR,0,0,0,0,0,0,0.8232079338,0.1375118359,-0.2548258222,0.8726494181,,,,
1082,7.166,2.164,baseline — trained fixed gait,0.5,0,0,0,0,0,RL,0,0,0,0,0,0,1.123204556,0.04421761955,0.01382932986,1.124159652,,,,
1082,7.166,2.164,baseline — trained fixed gait,0.5,0,0,0,0,0,RR,1,0,42.39264075,17.52333922,291.6209787,295.2067049,0.006161087122,-0.006005468924,-0.004635127823,0.009772873757,,,,
1083,7.168,2.166,baseline — trained fixed gait,0.5,0,0,0,0,0,FL,1,0,-49.4572098,-41.12533493,332.0253978,338.1984233,0.03554315499,0.01179952203,-0.0007575326057,0.03745822263,,,,
1083,7.168,2.166,baseline — trained fixed gait,0.5,0,0,0,0,0,FR,0,0,0,0,0,0,0.7887912018,0.1503216125,-0.2720697596,0.847826693,,,,
1083,7.168,2.166,baseline — trained fixed gait,0.5,0,0,0,0,0,RL,0,0,0,0,0,0,1.109789469,0.03636436269,0.003042115605,1.11038925,,,,
1083,7.168,2.166,baseline — trained fixed gait,0.5,0,0,0,0,0,RR,1,0,42.6451678,17.50831998,291.6885177,295.3088941,0.006166916102,-0.006041412492,-0.004615913163,0.009789595162,,,,
1084,7.17,2.168,baseline — trained fixed gait,0.5,0,0,0,0,0,FL,1,0,-49.158944,-41.29625784,332.1041234,338.2530583,0.03562745175,0.01187617016,-0.0007099278837,0.03756145276,,,,
1084,7.17,2.168,baseline — trained fixed gait,0.5,0,0,0,0,0,FR,0,0,0,0,0,0,0.7587016279,0.1631356795,-0.2813363492,0.8254644459,,,,
1084,7.17,2.168,baseline — trained fixed gait,0.5,0,0,0,0,0,RL,0,0,0,0,0,0,1.097855167,0.02788508936,-0.00382237088,1.098215897,,,,
1084,7.17,2.168,baseline — trained fixed gait,0.5,0,0,0,0,0,RR,1,0,42.90296752,17.47635937,291.7346968,295.3899475,0.006164243804,-0.006067708492,-0.004561437611,0.00977863493,,,,
1085,7.172,2.17,baseline — trained fixed gait,0.5,0,0,0,0,0,FL,1,0,-52.67673198,-43.26125141,340.4190272,347.1764509,0.03565017508,0.01192063648,-0.000598475302,0.03759514237,,,,
1085,7.172,2.17,baseline — trained fixed gait,0.5,0,0,0,0,0,FR,0,0,0,0,0,0,0.731993921,0.1757218206,-0.2847985334,0.8048623878,,,,
1085,7.172,2.17,baseline — trained fixed gait,0.5,0,0,0,0,0,RL,0,0,0,0,0,0,1.086891545,0.01903439714,-0.007749207923,1.087085824,,,,
1085,7.172,2.17,baseline — trained fixed gait,0.5,0,0,0,0,0,RR,1,0,41.65209422,18.21705458,294.7382227,298.2237045,0.006156560974,-0.006085959048,-0.004491660257,0.009752802285,,,,
1086,7.174,2.172,baseline — trained fixed gait,0.5,0,0,0,0,0,FL,1,0,-52.42992769,-43.44850767,340.4937556,347.2357524,0.03617027719,0.01218688413,-0.001004888864,0.03818139466,,,,
1086,7.174,2.172,baseline — trained fixed gait,0.5,0,0,0,0,0,FR,0,0,0,0,0,0,0.6858723905,0.1871093271,-0.3304078118,0.7839643859,,,,
1086,7.174,2.172,baseline — trained fixed gait,0.5,0,0,0,0,0,RL,0,0,0,0,0,0,1.065673862,0.01471077258,-0.03394791149,1.066315923,,,,
1086,7.174,2.172,baseline — trained fixed gait,0.5,0,0,0,0,0,RR,1,0,42.00205638,18.29314184,294.5703425,298.1115537,0.006270668209,-0.006312763414,-0.003420053662,0.009532524784,,,,
1087,7.176,2.174,baseline — trained fixed gait,0.5,0,0,0,0,0,FL,1,0,-52.1411919,-43.62053115,340.5233931,347.2429062,0.03645509734,0.01234162474,-0.001150175424,0.03850471045,,,,
1087,7.176,2.174,baseline — trained fixed gait,0.5,0,0,0,0,0,FR,0,0,0,0,0,0,0.6480790252,0.199323333,-0.3589442577,0.767187848,,,,
1087,7.176,2.174,baseline — trained fixed gait,0.5,0,0,0,0,0,RL,0,0,0,0,0,0,1.048987928,0.008496257673,-0.05069867973,1.05024674,,,,
1087,7.176,2.174,baseline — trained fixed gait,0.5,0,0,0,0,0,RR,1,0,42.33674709,18.31917881,294.4044182,297.996567,0.006332486634,-0.006457427211,-0.002647444458,0.009423784553,,,,
1088,7.178,2.176,baseline — trained fixed gait,0.5,0,0,0,0,0,FL,1,0,-51.82617054,-43.78121984,340.5253265,347.2178641,0.03659533328,0.01242974729,-0.001140743099,0.0386654669,,,,
1088,7.178,2.176,baseline — trained fixed gait,0.5,0,0,0,0,0,FR,0,0,0,0,0,0,0.6168209588,0.211890087,-0.3746198163,0.7521339714,,,,
1088,7.178,2.176,baseline — trained fixed gait,0.5,0,0,0,0,0,RL,0,0,0,0,0,0,1.035609467,0.0009733676372,-0.06028883822,1.037363321,,,,
1088,7.178,2.176,baseline — trained fixed gait,0.5,0,0,0,0,0,RR,1,0,42.65895561,18.30664163,294.2362466,297.8756258,0.006362473858,-0.006548748168,-0.002099875469,0.00936891953,,,,
1089,7.18,2.178,baseline — trained fixed gait,0.5,0,0,0,0,0,FL,1,0,-51.49508301,-43.93338375,340.5103674,347.17315,0.03664914581,0.01247887211,-0.001044401961,0.03872948377,,,,
1089,7.18,2.178,baseline — trained fixed gait,0.5,0,0,0,0,0,FR,0,0,0,0,0,0,0.5906651506,0.2244535417,-0.380797,0.7377472926,,,,
1089,7.18,2.178,baseline — trained fixed gait,0.5,0,0,0,0,0,RL,0,0,0,0,0,0,1.024573858,-0.007402144526,-0.06454037113,1.026631307,,,,
1089,7.18,2.178,baseline — trained fixed gait,0.5,0,0,0,0,0,RR,1,0,42.97136618,18.26399296,294.0612739,297.7451,0.006374083047,-0.006604541517,-0.001718270925,0.009338166753,,,,
1090,7.182,2.18,baseline — trained fixed gait,0.5,0,0,0,0,0,FL,1,0,-53.81488176,-45.07319003,345.5404188,352.5986599,0.03665166506,0.01250532744,-0.0009048152512,0.03873688755,,,,
1090,7.182,2.18,baseline — trained fixed gait,0.5,0,0,0,0,0,FR,0,0,0,0,0,0,0.5684691924,0.2367502548,-0.3801356918,0.7236788307,,,,
1090,7.182,2.18,baseline — trained fixed gait,0.5,0,0,0,0,0,RL,0,0,0,0,0,0,1.015126013,-0.01627646193,-0.06489431496,1.017328373,,,,
1090,7.182,2.18,baseline — trained fixed gait,0.5,0,0,0,0,0,RR,1,0,43.98128764,18.37766131,297.5385837,301.332542,0.006375426672,-0.006636074461,-0.001457569099,0.009317084156,,,,
1091,7.184,2.182,baseline — trained fixed gait,0.5,0,0,0,0,0,FL,1,0,-53.50275085,-45.24124156,345.4858991,352.5192488,0.03699229048,0.01265655826,-0.00108359147,0.03911255799,,,,
1091,7.184,2.182,baseline — trained fixed gait,0.5,0,0,0,0,0,FR,0,0,0,0,0,0,0.5224254843,0.2473008607,-0.431200897,0.7211243415,,,,
1091,7.184,2.182,baseline — trained fixed gait,0.5,0,0,0,0,0,RL,0,0,0,0,0,0,0.9915697198,-0.02111475083,-0.09315671261,0.9961598843,,,,
1091,7.184,2.182,baseline — trained fixed gait,0.5,0,0,0,0,0,RR,1,0,44.2962966,18.38611399,297.218514,301.0632096,0.006316324778,-0.006680194858,-0.001532384562,0.009320362895,,,,
1092,7.186,2.184,baseline — trained fixed gait,0.5,0,0,0,0,0,FL,1,0,-53.16675476,-45.39786754,345.410867,352.4150071,0.03716720338,0.01274363997,-0.001106978173,0.03930682851,,,,
1092,7.186,2.184,baseline — trained fixed gait,0.5,0,0,0,0,0,FR,0,0,0,0,0,0,0.4863688308,0.2588591717,-0.4615276014,0.7187283473,,,,
1092,7.186,2.184,baseline — trained fixed gait,0.5,0,0,0,0,0,RL,0,0,0,0,0,0,0.9737500129,-0.02812028345,-0.1098540227,0.9803304261,,,,
1092,7.186,2.184,baseline — trained fixed gait,0.5,0,0,0,0,0,RR,1,0,44.60867523,18.35379026,296.8819849,300.7751793,0.006279135426,-0.006711086079,-0.001545911402,0.009319659872,,,,
1093,7.188,2.186,baseline — trained fixed gait,0.5,0,0,0,0,0,FL,1,0,-52.81665439,-45.54517429,345.326063,352.2982425,0.03724025857,0.01279186455,-0.001041906588,0.03938977312,,,,
1093,7.188,2.186,baseline — trained fixed gait,0.5,0,0,0,0,0,FR,0,0,0,0,0,0,0.458127818,0.2708732411,-0.476306728,0.7142279114,,,,
1093,7.188,2.186,baseline — trained fixed gait,0.5,0,0,0,0,0,RL,0,0,0,0,0,0,0.9601484116,-0.03659093535,-0.1178725211,0.9680484492,,,,
1093,7.188,2.186,baseline — trained fixed gait,0.5,0,0,0,0,0,RR,1,0,44.91871934,18.28772715,296.5262374,300.4662074,0.006256356434,-0.006728261732,-0.001523515802,0.009313033994,,,,
1094,7.19,2.188,baseline — trained fixed gait,0.5,0,0,0,0,0,FL,1,0,-52.45840113,-45.68491322,345.2370127,352.1755104,0.03725231932,0.01281684825,-0.0009293507009,0.03940647899,,,,
1094,7.19,2.188,baseline — trained fixed gait,0.5,0,0,0,0,0,FR,0,0,0,0,0,0,0.4359608879,0.2829297428,-0.4796749086,0.7072475896,,,,
1094,7.19,2.188,baseline — trained fixed gait,0.5,0,0,0,0,0,RL,0,0,0,0,0,0,0.9495672997,-0.045980154,-0.1195019728,0.9581612353,,,,
1094,7.19,2.188,baseline — trained fixed gait,0.5,0,0,0,0,0,RR,1,0,45.22676551,18.19394301,296.1495058,300.1349858,0.006242268427,-0.006732835414,-0.001482926747,0.009300325777,,,,
1095,7.192,2.19,baseline — trained fixed gait,0.5,0,0,0,0,0,FL,1,0,-53.62368966,-46.47100139,348.9452939,356.0868885,0.03722772966,0.01282776951,-0.0007955447708,0.03938385987,,,,
1095,7.192,2.19,baseline — trained fixed gait,0.5,0,0,0,0,0,FR,0,0,0,0,0,0,0.4184738896,0.2947241539,-0.4748970344,0.6982191035,,,,
1095,7.192,2.19,baseline — trained fixed gait,0.5,0,0,0,0,0,RL,0,0,0,0,0,0,0.9410677898,-0.05586631116,-0.1165446211,0.9499011941,,,,
1095,7.192,2.19,baseline — trained fixed gait,0.5,0,0,0,0,0,RR,1,0,45.70768751,18.23174675,299.7159807,303.7289225,0.00623346584,-0.006726472912,-0.001435315185,0.009282330736,,,,
1096,7.194,2.192,baseline — trained fixed gait,0.5,0,0,0,0,0,FL,1,0,-53.26253194,-46.62859364,348.7847255,355.8959227,0.03739606102,0.01292282482,-0.0009082342567,0.03957637769,,,,
1096,7.194,2.192,baseline — trained fixed gait,0.5,0,0,0,0,0,FR,0,0,0,0,0,0,0.3756636631,0.3044457217,-0.5279642019,0.7159305719,,,,
1096,7.194,2.192,baseline — trained fixed gait,0.5,0,0,0,0,0,RL,0,0,0,0,0,0,0.9102189755,-0.06094178404,-0.1546434272,0.9252713515,,,,
1096,7.194,2.192,baseline — trained fixed gait,0.5,0,0,0,0,0,RR,1,0,46.0242688,18.21376854,299.1512598,303.2184872,0.006253615529,-0.006735085599,-0.00165513303,0.009338551844,,,,
1097,7.196,2.194,baseline — trained fixed gait,0.5,0,0,0,0,0,FL,1,0,-52.89062198,-46.77561972,348.6219153,355.7001776,0.03746427052,0.01297445001,-0.0009055374764,0.03965763378,,,,
1097,7.196,2.194,baseline — trained fixed gait,0.5,0,0,0,0,0,FR,0,0,0,0,0,0,0.3442001383,0.3153284302,-0.5573705575,0.7270266105,,,,
1097,7.196,2.194,baseline — trained fixed gait,0.5,0,0,0,0,0,RL,0,0,0,0,0,0,0.8874992471,-0.06881692795,-0.1768845012,0.9075675236,,,,
1097,7.196,2.194,baseline — trained fixed gait,0.5,0,0,0,0,0,RR,1,0,46.34364264,18.14859198,298.5625196,302.6824783,0.006267307202,-0.006737838393,-0.001746559571,0.009366326713,,,,
1098,7.198,2.196,baseline — trained fixed gait,0.5,0,0,0,0,0,FL,1,0,-52.51297419,-46.91339935,348.4618513,355.505473,0.03747039327,0.01299932611,-0.0008391063197,0.03967010147,,,,
1098,7.198,2.196,baseline — trained fixed gait,0.5,0,0,0,0,0,FR,0,0,0,0,0,0,0.3215647643,0.3267542796,-0.5691672557,0.7308376166,,,,
1098,7.198,2.196,baseline — trained fixed gait,0.5,0,0,0,0,0,RL,0,0,0,0,0,0,0.8708546443,-0.07856885045,-0.1872373304,0.8942140088,,,,
1098,7.198,2.196,baseline — trained fixed gait,0.5,0,0,0,0,0,RR,1,0,46.66350907,18.04416512,297.9491007,302.120409,0.006278658063,-0.006730236105,-0.001757861272,0.009370576362,,,,
1099,7.2,2.198,baseline — trained fixed gait,0.5,0,0,0,0,0,FL,1,0,-52.13263905,-47.04329154,348.3066186,355.3144859,0.03743962534,0.01300807109,-0.0007404956885,0.03964194487,,,,
1099,7.2,2.198,baseline — trained fixed gait,0.5,0,0,0,0,0,FR,0,0,0,0,0,0,0.3057322034,0.3382620184,-0.5681607531,0.7284916023,,,,
1099,7.2,2.198,baseline — trained fixed gait,0.5,0,0,0,0,0,RL,0,0,0,0,0,0,0.8586601907,-0.08948131866,-0.188850791,0.8837244202,,,,
1099,7.2,2.198,baseline — trained fixed gait,0.5,0,0,0,0,0,RR,1,0,46.98252804,17.90751418,297.3108133,301.5323477,0.006288422061,-0.006711424929,-0.001723249538,0.009357193252,,,,
1100,7.202,2.2,baseline — trained fixed gait,0.5,0,0,0,0,0,FL,1,0,-53.28060526,-46.95958042,348.3368827,355.5033177,0.03738694256,0.01300696139,-0.0006295578899,0.03958990859,,,,
1100,7.202,2.2,baseline — trained fixed gait,0.5,0,0,0,0,0,FR,0,0,0,0,0,0,0.2950766274,0.3495131092,-0.5581301401,0.7216223963,,,,
1100,7.202,2.2,baseline — trained fixed gait,0.5,0,0,0,0,0,RL,0,0,0,0,0,0,0.849636087,-0.1010037241,-0.1842020083,0.8752220361,,,,
1100,7.202,2.2,baseline — trained fixed gait,0.5,0,0,0,0,0,RR,1,0,46.72305987,17.29712017,297.9338987,302.0709232,0.006296913816,-0.006682197898,-0.001665274649,0.009331453907,,,,
1101,7.204,2.202,baseline — trained fixed gait,0.5,0,0,0,0,0,FL,1,0,-52.87654661,-47.12466957,348.1076931,355.2402422,0.03750921872,0.01298702746,-0.0005319217801,0.03969744717,,,,
1101,7.204,2.202,baseline — trained fixed gait,0.5,0,0,0,0,0,FR,0,0,0,0,0,0,0.2495353344,0.3572868124,-0.6220969909,0.7595567231,,,,
1101,7.204,2.202,baseline — trained fixed gait,0.5,0,0,0,0,0,RL,0,0,0,0,0,0,0.8181300335,-0.105925982,-0.2250452077,0.8551037427,,,,
1101,7.204,2.202,baseline — trained fixed gait,0.5,0,0,0,0,0,RR,1,0,47.05668532,17.2488169,297.0970027,301.2946769,0.006413372379,-0.00659400404,-0.001683953848,0.009351360067,,,,
1102,7.206,2.204,baseline — trained fixed gait,0.5,0,0,0,0,0,FL,1,0,-52.47376317,-47.28057736,347.9007131,354.9983873,0.03754038752,0.01297289892,-0.0004303125395,0.03972105198,,,,
1102,7.206,2.204,baseline — trained fixed gait,0.5,0,0,0,0,0,FR,0,0,0,0,0,0,0.2180579373,0.366569175,-0.6567853488,0.783127843,,,,
1102,7.206,2.204,baseline — trained fixed gait,0.5,0,0,0,0,0,RL,0,0,0,0,0,0,0.7961715982,-0.1140547013,-0.2472905124,0.8414572397,,,,
1102,7.206,2.204,baseline — trained fixed gait,0.5,0,0,0,0,0,RR,1,0,47.38891049,17.14977439,296.243336,300.4994804,0.006484718115,-0.006536278908,-0.001654166138,0.009354719483,,,,
1103,7.208,2.206,baseline — trained fixed gait,0.5,0,0,0,0,0,FL,1,0,-52.07344899,-47.42721981,347.7150647,354.7770448,0.03751607798,0.01296063226,-0.0003354205302,0.03969315561,,,,
1103,7.208,2.206,baseline — trained fixed gait,0.5,0,0,0,0,0,FR,0,0,0,0,0,0,0.1974895548,0.3766285889,-0.669741558,0.7933504728,,,,
1103,7.208,2.206,baseline — trained fixed gait,0.5,0,0,0,0,0,RL,0,0,0,0,0,0,0.7813418064,-0.1243099723,-0.2556967794,0.8314618636,,,,
1103,7.208,2.206,baseline — trained fixed gait,0.5,0,0,0,0,0,RR,1,0,47.71777623,17.00810926,295.3722831,299.6849139,0.006528496978,-0.006489471412,-0.001600254119,0.009343196736,,,,
1104,7.21,2.208,baseline — trained fixed gait,0.5,0,0,0,0,0,FL,1,0,-51.67601255,-47.5653866,347.5484245,354.5740877,0.03745976351,0.01294879089,-0.0002515690387,0.03963544316,,,,
1104,7.21,2.208,baseline — trained fixed gait,0.5,0,0,0,0,0,FR,0,0,0,0,0,0,0.1852892279,0.3869209315,-0.6669522537,0.7930102231,,,,
1104,7.21,2.208,baseline — trained fixed gait,0.5,0,0,0,0,0,RL,0,0,0,0,0,0,0.7717247422,-0.1358565481,-0.2540278525,0.8237391755,,,,
1104,7.21,2.208,baseline — trained fixed gait,0.5,0,0,0,0,0,RR,1,0,48.04224995,16.8313141,294.4827862,298.8502338,0.006555787901,-0.006443695544,-0.001537186444,0.009320005871,,,,
1105,7.212,2.21,baseline — trained fixed gait,0.5,0,0,0,0,0,FL,1,0,-52.08418898,-46.49696979,343.8499707,350.8668313,0.03738491427,0.01293654862,-0.0001808341903,0.03956031858,,,,
1105,7.212,2.21,baseline — trained fixed gait,0.5,0,0,0,0,0,FR,0,0,0,0,0,0,0.1794121264,0.3970477986,-0.653116426,0.7851093754,,,,
1105,7.212,2.21,baseline — trained fixed gait,0.5,0,0,0,0,0,RL,0,0,0,0,0,0,0.7658093575,-0.148054985,-0.2452338481,0.8176331028,,,,
1105,7.212,2.21,baseline — trained fixed gait,0.5,0,0,0,0,0,RR,1,0,47.51200524,15.7855571,292.9257106,297.1734282,0.006573102435,-0.006394533458,-0.001474115482,0.009288097234,,,,
1106,7.214,2.212,baseline — trained fixed gait,0.5,0,0,0,0,0,FL,1,0,-51.63471309,-46.68387522,343.5778424,350.5584996,0.03737653052,0.01278407392,0.0001088323957,0.03950252428,,,,
1106,7.214,2.212,baseline — trained fixed gait,0.5,0,0,0,0,0,FR,0,0,0,0,0,0,0.133109863,0.4029856068,-0.7228415515,0.8382216553,,,,
1106,7.214,2.212,baseline — trained fixed gait,0.5,0,0,0,0,0,RL,0,0,0,0,0,0,0.7305494875,-0.1530383508,-0.2921409562,0.8015420318,,,,
1106,7.214,2.212,baseline — trained fixed gait,0.5,0,0,0,0,0,RR,1,0,47.85329872,15.71142268,291.8468336,296.1610394,0.006716124194,-0.006240128068,-0.001372315169,0.009269777312,,,,
1107,7.216,2.214,baseline — trained fixed gait,0.5,0,0,0,0,0,FL,1,0,-51.20256316,-46.86335816,343.3591282,350.3046785,0.03732020075,0.01269594114,0.0002856121776,0.03942164228,,,,
1107,7.216,2.214,baseline — trained fixed gait,0.5,0,0,0,0,0,FR,0,0,0,0,0,0,0.1033712055,0.4106717088,-0.7587292017,0.8689113074,,,,
1107,7.216,2.214,baseline — trained fixed gait,0.5,0,0,0,0,0,RL,0,0,0,0,0,0,0.7067479479,-0.1617004722,-0.3169451254,0.7912609665,,,,
1107,7.216,2.214,baseline — trained fixed gait,0.5,0,0,0,0,0,RR,1,0,48.18655746,15.58196902,290.7654785,295.1428562,0.006799360418,-0.006141761004,-0.001291150588,0.009253085981,,,,
1108,7.218,2.216,baseline — trained fixed gait,0.5,0,0,0,0,0,FL,1,0,-50.78351585,-47.03379042,343.185011,350.0958365,0.03723601169,0.01264398619,0.0003831950686,0.0393260447,,,,
1108,7.218,2.216,baseline — trained fixed gait,0.5,0,0,0,0,0,FR,0,0,0,0,0,0,0.08641828937,0.4192923226,-0.7696718695,0.8807207045,,,,
1108,7.218,2.216,baseline — trained fixed gait,0.5,0,0,0,0,0,RL,0,0,0,0,0,0,0.6915330012,-0.1727797262,-0.3253652235,0.7835389296,,,,
1108,7.218,2.216,baseline — trained fixed gait,0.5,0,0,0,0,0,RR,1,0,48.51126258,15.40621625,289.678875,294.1165496,0.006845933466,-0.006068822604,-0.001230542733,0.009231015558,,,,
1109,7.22,2.218,baseline — trained fixed gait,0.5,0,0,0,0,0,FL,1,0,-50.37425656,-47.19521789,343.0476185,349.9237387,0.03713717612,0.0126123827,0.0004261705873,0.03922274428,,,,
1109,7.22,2.218,baseline — trained fixed gait,0.5,0,0,0,0,0,FR,0,0,0,0,0,0,0.07920601707,0.4282454499,-0.7626994578,0.8782814022,,,,
1109,7.22,2.218,baseline — trained fixed gait,0.5,0,0,0,0,0,RL,0,0,0,0,0,0,0.6826270474,-0.1853035215,-0.3219169798,0.7771406712,,,,
1109,7.22,2.218,baseline — trained fixed gait,0.5,0,0,0,0,0,RR,1,0,48.82745108,15.19264542,288.5840589,293.0796743,0.006870910595,-0.006005031384,-0.001188047216,0.00920224269,,,,
1110,7.222,2.22,baseline — trained fixed gait,0.5,0,0,0,0,0,FL,1,0,-50.27957076,-45.71002883,338.0453729,344.8073608,0.03703084664,0.01259192809,0.0004314647554,0.03911555212,,,,
1110,7.222,2.22,baseline — trained fixed gait,0.5,0,0,0,0,0,FR,0,0,0,0,0,0,0.07928139166,0.4370924841,-0.7433066561,0.8659331173,,,,
1110,7.222,2.22,baseline — trained fixed gait,0.5,0,0,0,0,0,RL,0,0,0,0,0,0,0.6782301745,-0.1985301198,-0.3101322037,0.7717463067,,,,
1110,7.222,2.22,baseline — trained fixed gait,0.5,0,0,0,0,0,RR,1,0,44.46018348,12.56775254,283.8922126,287.6272669,0.006883037326,-0.005942412379,-0.001161114819,0.009167150884,,,,
1111,7.224,2.222,baseline — trained fixed gait,0.5,0,0,0,0,0,FL,1,0,-49.81224203,-45.93489288,337.7822237,344.5113997,0.03693169328,0.01237735423,0.0007318690199,0.03895747038,,,,
1111,7.224,2.222,baseline — trained fixed gait,0.5,0,0,0,0,0,FR,0,0,0,0,0,0,0.03729571199,0.4425071828,-0.8096458049,0.9234337585,,,,
1111,7.224,2.222,baseline — trained fixed gait,0.5,0,0,0,0,0,RL,0,0,0,0,0,0,0.6396585915,-0.2048345904,-0.3594470167,0.7617890003,,,,
1111,7.224,2.222,baseline — trained fixed gait,0.5,0,0,0,0,0,RR,1,0,44.91013818,12.51058464,282.5397684,286.3601858,0.007475857436,-0.005698642801,0.001046145705,0.009458191953,,,,
1112,7.226,2.224,baseline — trained fixed gait,0.5,0,0,0,0,0,FL,1,0,-49.37005671,-46.15043213,337.5927396,344.2907532,0.03681340948,0.01225642402,0.0008752174441,0.03880996074,,,,
1112,7.226,2.224,baseline — trained fixed gait,0.5,0,0,0,0,0,FR,0,0,0,0,0,0,0.0132840519,0.449632309,-0.8405147179,0.9533156194,,,,
1112,7.226,2.224,baseline — trained fixed gait,0.5,0,0,0,0,0,RL,0,0,0,0,0,0,0.6139673896,-0.2149844333,-0.3843922948,0.7556002239,,,,
1112,7.226,2.224,baseline — trained fixed gait,0.5,0,0,0,0,0,RR,1,0,45.31860772,12.38630253,281.2403729,285.1374126,0.00781459195,-0.005547074843,0.002475686788,0.009897823585,,,,
1113,7.228,2.226,baseline — trained fixed gait,0.5,0,0,0,0,0,FL,1,0,-48.9460398,-46.35513138,337.4632839,344.1307615,0.03668612062,0.01218888607,0.000914671626,0.0386688119,,,,
1113,7.228,2.226,baseline — trained fixed gait,0.5,0,0,0,0,0,FR,0,0,0,0,0,0,0.003035204079,0.4576484703,-0.8455172402,0.9614316087,,,,
1113,7.228,2.226,baseline — trained fixed gait,0.5,0,0,0,0,0,RL,0,0,0,0,0,0,0.5979564996,-0.227603856,-0.3913736571,0.7500192199,,,,
1113,7.228,2.226,baseline — trained fixed gait,0.5,0,0,0,0,0,RR,1,0,45.69267103,12.20768297,279.9825826,283.9491051,0.00799718213,-0.00544266346,0.003361096638,0.0102408241,,,,
1114,7.23,2.228,baseline — trained fixed gait,0.5,0,0,0,0,0,FL,1,0,-48.53493457,-46.54923194,337.3826663,344.0196715,0.03655573207,0.01215152146,0.0008867085077,0.03853267799,,,,
1114,7.23,2.228,baseline — trained fixed gait,0.5,0,0,0,0,0,FR,0,0,0,0,0,0,0.00315545784,0.4659536962,-0.8322009821,0.9537721313,,,,
1114,7.23,2.228,baseline — trained fixed gait,0.5,0,0,0,0,0,RL,0,0,0,0,0,0,0.5890858898,-0.2416379492,-0.3854352391,0.7442925551,,,,
1114,7.23,2.228,baseline — trained fixed gait,0.5,0,0,0,0,0,RR,1,0,46.03824324,11.98570487,278.753438,282.7837621,0.008090077466,-0.005359705078,0.003876570352,0.01045005213,,,,
1115,7.232,2.23,baseline — trained fixed gait,0.5,0,0,0,0,0,FL,1,0,-48.42780829,-43.94707694,327.243541,333.7138494,0.03642467765,0.01213079521,0.0008157544926,0.03840024466,,,,
1115,7.232,2.23,baseline — trained fixed gait,0.5,0,0,0,0,0,FR,0,0,0,0,0,0,0.01091395855,0.4741129297,-0.8064258445,0.9355345142,,,,
1115,7.232,2.23,baseline — trained fixed gait,0.5,0,0,0,0,0,RL,0,0,0,0,0,0,0.5853461395,-0.2562872895,-0.3705090165,0.7386407849,,,,
1115,7.232,2.23,baseline — trained fixed gait,0.5,0,0,0,0,0,RR,1,0,43.09518995,10.47961675,275.0073334,278.5606777,0.008131040744,-0.005285055497,0.004143554255,0.01054583695,,,,
1116,7.234,2.232,baseline — trained fixed gait,0.5,0,0,0,0,0,FL,1,0,-47.76228754,-47.17460291,327.400028,334.2116958,0.03626346136,0.01177743652,0.001383478942,0.03815312117,,,,
1116,7.234,2.232,baseline — trained fixed gait,0.5,0,0,0,0,0,FR,1,1,-105.8560889,-74.84533113,216.4766681,252.3281256,-0.03380176642,0.4775886546,-0.8803631927,1.00213414,0.01091395855,0.4741129297,-0.8064258445,0.9355345142
1116,7.234,2.232,baseline — trained fixed gait,0.5,0,0,0,0,0,RL,0,0,0,0,0,0,0.5479780861,-0.2646387717,-0.4156701358,0.7369500147,,,,
1116,7.234,2.232,baseline — trained fixed gait,0.5,0,0,0,0,0,RR,1,0,43.57444593,9.602239442,273.1829758,276.8029509,0.008593130945,-0.005054917417,0.004414629612,0.01090335013,,,,
1117,7.236,2.234,baseline — trained fixed gait,0.5,0,0,0,0,0,FL,1,0,-47.39461716,-45.37517327,327.8524842,334.3537161,0.03590591733,0.01193823502,0.001625239237,0.03787344396,,,,
1117,7.236,2.234,baseline — trained fixed gait,0.5,0,0,0,0,0,FR,1,0,-81.41613415,-41.98568962,184.5549089,206.0385872,0.0003102882358,0.2860217127,-0.4925405468,0.5695653665,,,,
1117,7.236,2.234,baseline — trained fixed gait,0.5,0,0,0,0,0,RL,0,0,0,0,0,0,0.5238666207,-0.2806385038,-0.4358526273,0.7369950603,,,,
1117,7.236,2.234,baseline — trained fixed gait,0.5,0,0,0,0,0,RR,1,0,43.76795477,9.009089552,271.7343649,275.3840276,0.008918633119,-0.00477028378,0.004564570096,0.01109652757,,,,
1118,7.238,2.236,baseline — trained fixed gait,0.5,0,0,0,0,0,FL,1,0,-47.05557204,-43.95966372,328.0490455,334.3095199,0.03568447066,0.01186064119,0.001645264773,0.03763991435,,,,
1118,7.238,2.236,baseline — trained fixed gait,0.5,0,0,0,0,0,FR,1,0,-62.72014746,-20.96465287,163.9233517,176.7602863,0.01382333392,0.1699022014,-0.2473674145,0.3004138485,,,,
1118,7.238,2.236,baseline — trained fixed gait,0.5,0,0,0,0,0,RL,0,0,0,0,0,0,0.5096173626,-0.2941085378,-0.4381668082,0.7336210467,,,,
1118,7.238,2.236,baseline — trained fixed gait,0.5,0,0,0,0,0,RR,1,0,43.95995979,8.72113004,270.2568021,273.9475776,0.00913673506,-0.004543096142,0.00457306806,0.01118179778,,,,
1119,7.24,2.238,baseline — trained fixed gait,0.5,0,0,0,0,0,FL,1,0,-46.73273591,-42.87786503,328.0575139,334.1319983,0.03555119132,0.01164826472,0.001553581973,0.037443062,,,,
1119,7.24,2.238,baseline — trained fixed gait,0.5,0,0,0,0,0,FR,1,0,-49.70095742,-7.806874648,150.2646837,158.4632691,0.01848644715,0.09950552761,-0.09476152461,0.138646476,,,,
1119,7.24,2.238,baseline — trained fixed gait,0.5,0,0,0,0,0,RL,0,0,0,0,0,0,0.5024871459,-0.3063063971,-0.4282962203,0.7278424232,,,,
1119,7.24,2.238,baseline — trained fixed gait,0.5,0,0,0,0,0,RR,1,0,44.1447338,8.611468169,268.7545634,272.4920738,0.009288965118,-0.004370264044,0.00450589968,0.01121103085,,,,
1120,7.242,2.24,baseline — trained fixed gait,0.5,0,0,0,0,0,FL,1,0,-43.19071601,-40.76368144,336.4290341,341.6308105,0.03547289063,0.01138379228,0.00141143455,0.03728148124,,,,
1120,7.242,2.24,baseline — trained fixed gait,0.5,0,0,0,0,0,FR,1,0,-47.53949558,13.56146076,222.774906,228.1941621,0.01983616125,0.05682135494,-0.001599788664,0.06020547312,,,,
1120,7.242,2.24,baseline — trained fixed gait,0.5,0,0,0,0,0,RL,0,0,0,0,0,0,0.5003663137,-0.3179170936,-0.4104668719,0.7210553233,,,,
1120,7.242,2.24,baseline — trained fixed gait,0.5,0,0,0,0,0,RR,1,0,37.95344747,8.500417186,268.0188645,270.8262044,0.00939367341,-0.004244655129,0.004394490335,0.01120579058,,,,
1121,7.244,2.242,baseline — trained fixed gait,0.5,0,0,0,0,0,FL,1,0,-42.93462272,-39.72332772,335.4245985,340.486396,0.03523186525,0.01096458346,0.0007121155326,0.03690546746,,,,
1121,7.244,2.242,baseline — trained fixed gait,0.5,0,0,0,0,0,FR,1,0,-42.02877372,18.90463493,216.4945649,221.3452048,0.02141490681,0.02936021637,0.04731848333,0.05966288129,,,,
1121,7.244,2.242,baseline — trained fixed gait,0.5,0,0,0,0,0,RL,0,0,0,0,0,0,0.4623393769,-0.3277121938,-0.4503685477,0.7238679507,,,,
1121,7.244,2.242,baseline — trained fixed gait,0.5,0,0,0,0,0,RR,1,0,37.98748201,8.7536324,266.5836017,269.4188033,0.01033189313,-0.004146892376,0.004197381241,0.01189801418,,,,
1122,7.246,2.244,baseline — trained fixed gait,0.5,0,0,0,0,0,FL,1,0,-42.68932922,-38.78691938,334.2688063,339.2085477,0.03516010809,0.01058436736,0.0003151838276,0.0367200405,,,,
1122,7.246,2.244,baseline — trained fixed gait,0.5,0,0,0,0,0,FR,1,0,-38.25792127,22.32983147,211.9963732,216.5750498,0.02217032253,0.01279326881,0.07385712626,0.07816691134,,,,
1122,7.246,2.244,baseline — trained fixed gait,0.5,0,0,0,0,0,RL,0,0,0,0,0,0,0.4368270106,-0.3406999355,-0.4690194929,0.7258605706,,,,
1122,7.246,2.244,baseline — trained fixed gait,0.5,0,0,0,0,0,RR,1,0,38.04182074,8.99356917,265.1116481,267.9780781,0.01090043201,-0.004097389142,0.004009859881,0.01231612731,,,,
1123,7.248,2.246,baseline — trained fixed gait,0.5,0,0,0,0,0,FL,1,0,-42.45554848,-37.92232797,332.9820007,337.8129503,0.03519316825,0.01024409719,0.0001210968479,0.0366539941,,,,
1123,7.248,2.246,baseline — trained fixed gait,0.5,0,0,0,0,0,FR,1,0,-35.67295195,24.5678433,208.6907392,213.138366,0.02267381603,0.002818766493,0.08615321271,0.08913149521,,,,
1123,7.248,2.246,baseline — trained fixed gait,0.5,0,0,0,0,0,RL,0,0,0,0,0,0,0.4207806329,-0.3560097781,-0.4724253467,0.7259373329,,,,
1123,7.248,2.246,baseline — trained fixed gait,0.5,0,0,0,0,0,RR,1,0,38.10327568,9.20714794,263.6163445,266.5149307,0.0112415896,-0.004075296804,0.003832711628,0.01255671371,,,,
1124,7.25,2.248,baseline — trained fixed gait,0.5,0,0,0,0,0,FL,1,0,-42.23334829,-37.1077763,331.5791574,336.3114336,0.03528736071,0.009938045229,5.943940514e-05,0.03666014324,,,,
1124,7.25,2.248,baseline — trained fixed gait,0.5,0,0,0,0,0,FR,1,0,-33.90063298,26.06623671,206.1377597,210.5266672,0.0232170502,-0.003170392119,0.08962072676,0.09263345762,,,,
1124,7.25,2.248,baseline — trained fixed gait,0.5,0,0,0,0,0,RL,0,0,0,0,0,0,0.4117997588,-0.3729139527,-0.4652232439,0.724621642,,,,
1124,7.25,2.248,baseline — trained fixed gait,0.5,0,0,0,0,0,RR,1,0,38.16334989,9.38871249,262.1048623,265.0349939,0.01144674914,-0.004066866166,0.003669181854,0.0126897739,,,,
1125,7.252,2.25,baseline — trained fixed gait,0.5,0,0,0,0,0,FL,1,0,-37.44680408,-31.33365652,321.2319735,324.9215936,0.03541697116,0.009659850258,8.292970869e-05,0.03671078085,,,,
1125,7.252,2.25,baseline — trained fixed gait,0.5,0,0,0,0,0,FR,1,0,-35.59556126,40.36627453,266.2350866,271.6203258,0.02383298089,-0.006740029926,0.08771570109,0.09114539593,,,,
1125,7.252,2.25,baseline — trained fixed gait,0.5,0,0,0,0,0,RL,0,0,0,0,0,0,0.4080016142,-0.3908238953,-0.4509548339,0.7228892699,,,,
1125,7.252,2.25,baseline — trained fixed gait,0.5,0,0,0,0,0,RR,1,0,31.43589584,13.085616,266.7240924,268.8888067,0.01157052589,-0.004064154144,0.003519903953,0.01275868889,,,,
1126,7.254,2.252,baseline — trained fixed gait,0.5,0,0,0,0,0,FL,1,0,-37.15073283,-30.46779609,318.8009482,322.4011602,0.03509091927,0.008769873463,0.0007601457676,0.03617818566,,,,
1126,7.254,2.252,baseline — trained fixed gait,0.5,0,0,0,0,0,FR,1,0,-35.03802445,40.93782674,264.3628843,269.7986349,0.02527468777,-0.01047558648,0.07847497186,0.08310757464,,,,
1126,7.254,2.252,baseline — trained fixed gait,0.5,0,0,0,0,0,RL,0,0,0,0,0,0,0.3434310393,-0.4114302828,-0.5322670131,0.7553329926,,,,
1126,7.254,2.252,baseline — trained fixed gait,0.5,0,0,0,0,0,RR,1,0,31.35257511,13.3681566,265.2441185,267.4250063,0.01261857238,-0.004549630139,0.002949411799,0.01373413752,,,,
1127,7.256,2.254,baseline — trained fixed gait,0.5,0,0,0,0,0,FL,1,0,-36.92455463,-29.63774582,316.3257392,319.8496397,0.03501094972,0.008156559538,0.001249121687,0.03597021502,,,,
1127,7.256,2.254,baseline — trained fixed gait,0.5,0,0,0,0,0,FR,1,0,-34.54814395,41.28820599,262.5140427,267.9774484,0.02656767827,-0.01258269132,0.06956812718,0.07552410191,,,,
1127,7.256,2.254,baseline — trained fixed gait,0.5,0,0,0,0,0,RL,0,0,0,0,0,0,0.2985098213,-0.43684099,-0.5802019365,0.7852212752,,,,
1127,7.256,2.254,baseline — trained fixed gait,0.5,0,0,0,0,0,RR,1,0,31.3009739,13.56113054,263.7208686,265.9179418,0.01325417226,-0.004832823328,0.002594488231,0.01434435892,,,,
1128,7.258,2.256,baseline — trained fixed gait,0.5,0,0,0,0,0,FL,1,0,-36.75208177,-28.82855232,313.7935293,317.2509732,0.03508360866,0.007711534161,0.001612801391,0.03595731475,,,,
1128,7.258,2.256,baseline — trained fixed gait,0.5,0,0,0,0,0,FR,1,0,-34.08861265,41.49792463,260.5808616,266.0573184,0.02772861398,-0.01371664598,0.0611934393,0.06856864753,,,,
1128,7.258,2.256,baseline — trained fixed gait,0.5,0,0,0,0,0,RL,0,0,0,0,0,0,0.2687681701,-0.4654352993,-0.6034990542,0.808132078,,,,
1128,7.258,2.256,baseline — trained fixed gait,0.5,0,0,0,0,0,RR,1,0,31.26427186,13.68431055,262.167018,264.379009,0.01364057938,-0.004987617784,0.002382260138,0.01471791087,,,,
1129,7.26,2.258,baseline — trained fixed gait,0.5,0,0,0,0,0,FL,1,0,-36.62172542,-28.02866307,311.1963275,314.5948362,0.03524769479,0.007368312529,0.001891620393,0.03605926019,,,,
1129,7.26,2.258,baseline — trained fixed gait,0.5,0,0,0,0,0,FR,1,0,-33.64100587,41.6222453,258.5466007,264.0274102,0.02878999996,-0.01427349646,0.05347958781,0.06239121021,,,,
1129,7.26,2.258,baseline — trained fixed gait,0.5,0,0,0,0,0,RL,0,0,0,0,0,0,0.2506589242,-0.495969215,-0.6090086153,0.8244433589,,,,
1129,7.26,2.258,baseline — trained fixed gait,0.5,0,0,0,0,0,RR,1,0,31.23171348,13.75213293,260.5890801,262.8140212,0.01387995172,-0.005059705993,0.002263725313,0.01494584012,,,,
1130,7.262,2.26,baseline — trained fixed gait,0.5,0,0,0,0,0,FL,1,0,-30.43853705,-19.60412755,287.4948934,289.7656641,0.0354659045,0.007086916522,0.002111721201,0.03622863694,,,,
1130,7.262,2.26,baseline — trained fixed gait,0.5,0,0,0,0,0,FR,1,0,-31.04012077,51.07013185,290.4565198,296.5411226,0.02976914988,-0.01448885506,0.04647398692,0.0570610258,,,,
1130,7.262,2.26,baseline — trained fixed gait,0.5,0,0,0,0,0,RL,0,0,0,0,0,0,0.2413679204,-0.5274939555,-0.6020417419,0.8360398346,,,,
1130,7.262,2.26,baseline — trained fixed gait,0.5,0,0,0,0,0,RR,1,0,26.48228052,20.94084973,261.2883842,263.4605285,0.01403277915,-0.005078504455,0.002203866031,0.0150853281,,,,
1131,7.264,2.262,baseline — trained fixed gait,0.5,0,0,0,0,0,FL,1,0,-30.17617788,-18.90422026,283.8568616,286.0816127,0.03498641541,0.005856016569,0.003690434387,0.03566456924,,,,
1131,7.264,2.262,baseline — trained fixed gait,0.5,0,0,0,0,0,FR,1,0,-30.75663132,50.70230453,288.4700045,294.5023558,0.0304474499,-0.015674287,0.03789568171,0.05107654228,,,,
1131,7.264,2.262,baseline — trained fixed gait,0.5,0,0,0,0,0,RL,0,0,0,0,0,0,0.1611943799,-0.5646246729,-0.7054422678,0.9178417306,,,,
1131,7.264,2.262,baseline — trained fixed gait,0.5,0,0,0,0,0,RR,1,0,26.38523754,21.03756494,259.7758474,261.9584906,0.01477937617,-0.006061378088,0.001999701428,0.01609872883,,,,
1132,7.266,2.264,baseline — trained fixed gait,0.5,0,0,0,0,0,FL,1,0,-30.03269743,-18.21718558,280.2685502,282.4611283,0.03485003791,0.005081903418,0.004648382273,0.03552405302,,,,
1132,7.266,2.264,baseline — trained fixed gait,0.5,0,0,0,0,0,FR,1,0,-30.40083027,50.32209185,286.2635008,292.2384562,0.03117529684,-0.01619934818,0.03103304628,0.04687609173,,,,
1132,7.266,2.264,baseline — trained fixed gait,0.5,0,0,0,0,0,RL,0,0,0,0,0,0,0.1068005097,-0.6064313102,-0.7657633593,0.9826285185,,,,
1132,7.266,2.264,baseline — trained fixed gait,0.5,0,0,0,0,0,RR,1,0,26.29962834,21.02020795,258.2495697,260.4349436,0.01522561669,-0.006596147257,0.001888699861,0.01670017214,,,,
1133,7.268,2.266,baseline — trained fixed gait,0.5,0,0,0,0,0,FL,1,0,-29.97660352,-17.52422273,276.6946158,278.8648518,0.03492679575,0.004578102272,0.005193964332,0.03560642283,,,,
1133,7.268,2.266,baseline — trained fixed gait,0.5,0,0,0,0,0,FR,1,0,-29.98592791,49.95224851,283.8644306,289.7816384,0.03189657451,-0.01634194114,0.02545083954,0.04395674851,,,,
1133,7.268,2.266,baseline — trained fixed gait,0.5,0,0,0,0,0,RL,0,0,0,0,0,0,0.07237355831,-0.6509696859,-0.7942880105,1.029511004,,,,
1133,7.268,2.266,baseline — trained fixed gait,0.5,0,0,0,0,0,RR,1,0,26.21634744,20.92504576,256.7106169,258.8928258,0.01549353557,-0.006855291307,0.001831773794,0.01704112844,,,,
1134,7.27,2.268,baseline — trained fixed gait,0.5,0,0,0,0,0,FL,1,0,-29.98659743,-16.81485029,273.1133502,275.2686638,0.03513363732,0.0042329662,0.005463667188,0.03580701235,,,,
1134,7.27,2.268,baseline — trained fixed gait,0.5,0,0,0,0,0,FR,1,0,-29.52448738,49.60243346,281.2938554,287.1555847,0.0325893693,-0.01626756462,0.0208485857,0.04196860942,,,,
1134,7.27,2.268,baseline — trained fixed gait,0.5,0,0,0,0,0,RL,0,0,0,0,0,0,0.05329127498,-0.6967668028,-0.7998629786,1.062122743,,,,
1134,7.27,2.268,baseline — trained fixed gait,0.5,0,0,0,0,0,RR,1,0,26.12992422,20.77699643,255.1576953,257.3322871,0.01565868019,-0.00694472052,0.001804954177,0.0172244381,,,,
1135,7.272,2.27,baseline — trained fixed gait,0.5,0,0,0,0,0,FL,1,0,-23.20093559,-10.0284401,243.8228571,245.1294325,0.03541916746,0.003980257308,0.00554863291,0.03607141803,,,,
1135,7.272,2.27,baseline — trained fixed gait,0.5,0,0,0,0,0,FR,1,0,-25.02982772,50.93192146,287.8990385,293.4389361,0.0332428797,-0.01607232368,0.01700928092,0.04065371172,,,,
1135,7.272,2.27,baseline — trained fixed gait,0.5,0,0,0,0,0,RL,0,0,0,0,0,0,0.04587262104,-0.7427216828,-0.7893439167,1.084805796,,,,
1135,7.272,2.27,baseline — trained fixed gait,0.5,0,0,0,0,0,RR,1,0,21.51734876,28.06561412,238.8187508,241.423012,0.01576546024,-0.006930539126,0.001792565045,0.01731460073,,,,
1136,7.274,2.272,baseline — trained fixed gait,0.5,0,0,0,0,0,FL,1,0,-27.42964202,-8.688740109,239.2707212,240.9945175,0.03488276967,0.002970220935,0.007222451887,0.03574623958,,,,
1136,7.274,2.272,baseline — trained fixed gait,0.5,0,0,0,0,0,FR,1,0,-24.58276739,50.16276348,285.4583416,290.8729621,0.03316878777,-0.01602856347,0.01320983214,0.03913544422,,,,
1136,7.274,2.272,baseline — trained fixed gait,0.5,0,0,0,0,0,RL,0,0,0,0,0,0,-0.04101228029,-0.793780956,-0.8970754521,1.198546862,,,,
1136,7.274,2.272,baseline — trained fixed gait,0.5,0,0,0,0,0,RR,1,0,21.4641819,27.92848934,237.3569449,239.9563104,0.01633962425,-0.007919493494,0.002786907715,0.01837031716,,,,
1137,7.276,2.274,baseline — trained fixed gait,0.5,0,0,0,0,0,FL,1,0,-27.115865,-8.335291007,234.6468127,236.3553975,0.03514393582,0.002733469277,0.01210399138,0.03727029228,,,,
1137,7.276,2.274,baseline — trained fixed gait,0.5,0,0,0,0,0,FR,1,0,-24.12631347,49.36550341,282.8621556,288.1493207,0.03329657279,-0.01582371123,0.01014644927,0.03823613512,,,,
1137,7.276,2.274,baseline — trained fixed gait,0.5,0,0,0,0,0,RL,0,0,0,0,0,0,-0.09770724156,-0.8487175389,-0.9562571755,1.282301038,,,,
1137,7.276,2.274,baseline — trained fixed gait,0.5,0,0,0,0,0,RR,1,0,21.38691185,27.77222444,235.9604673,238.549866,0.01665181606,-0.008415281187,0.003279482074,0.0189434669,,,,
1138,7.278,2.276,baseline — trained fixed gait,0.5,0,0,0,0,0,FL,1,0,-26.98301336,-7.903133918,230.2369423,231.9473908,0.03544418087,0.002609248755,0.01510100971,0.03861526423,,,,
1138,7.278,2.276,baseline — trained fixed gait,0.5,0,0,0,0,0,FR,1,0,-23.65353969,48.66137083,280.1301348,285.3073981,0.03354080227,-0.01552425833,0.00763967722,0.03774059726,,,,
1138,7.278,2.276,baseline — trained fixed gait,0.5,0,0,0,0,0,RL,0,0,0,0,0,0,-0.1310850262,-0.9055623857,-0.9798874885,1.340673714,,,,
1138,7.278,2.276,baseline — trained fixed gait,0.5,0,0,0,0,0,RR,1,0,21.28233955,27.53848836,234.615535,237.1829581,0.01680781676,-0.008624588575,0.003433428272,0.01920090264,,,,
1139,7.28,2.278,baseline — trained fixed gait,0.5,0,0,0,0,0,FL,1,0,-26.98082578,-7.400161086,225.9757074,227.701005,0.03577518243,0.002536402191,0.0168203397,0.0396133922,,,,
1139,7.28,2.278,baseline — trained fixed gait,0.5,0,0,0,0,0,FR,1,0,-23.1652227,48.03828322,277.2734983,282.3559758,0.03384070448,-0.01518157154,0.005558591396,0.03750428419,,,,
1139,7.28,2.278,baseline — trained fixed gait,0.5,0,0,0,0,0,RL,0,0,0,0,0,0,-0.1465932187,-0.9627386047,-0.9781355217,1.380255154,,,,
1139,7.28,2.278,baseline — trained fixed gait,0.5,0,0,0,0,0,RR,1,0,21.15539576,27.25866083,233.3050014,235.8427634,0.0168787551,-0.008659170285,0.003370048007,0.01926735133,,,,
1140,7.282,2.28,baseline — trained fixed gait,0.5,0,0,0,0,0,FL,1,0,-26.60734968,-4.50534824,170.3202522,172.4448826,0.03614097726,0.00248614692,0.01768413848,0.04031227998,,,,
1140,7.282,2.28,baseline — trained fixed gait,0.5,0,0,0,0,0,FR,1,0,-17.85190663,44.61466926,269.6807173,273.9285465,0.03416045979,-0.0148236362,0.003809165472,0.03743243173,,,,
1140,7.282,2.28,baseline — trained fixed gait,0.5,0,0,0,0,0,RL,0,0,0,0,0,0,-0.1485763312,-1.019095475,-0.9588359717,1.407123638,,,,
1140,7.282,2.28,baseline — trained fixed gait,0.5,0,0,0,0,0,RR,1,0,12.19560206,29.66733114,183.8853998,186.662057,0.01690560327,-0.008588420643,0.003175204896,0.01922608429,,,,
1141,7.284,2.282,baseline — trained fixed gait,0.5,0,0,0,0,0,FL,1,0,-26.89226442,-5.054011724,166.8311931,169.0602967,0.03625764872,0.002116238564,0.0214110619,0.04216075341,,,,
1141,7.284,2.282,baseline — trained fixed gait,0.5,0,0,0,0,0,FR,1,0,-17.29473612,38.25917038,265.6044655,268.9025922,0.03356851944,-0.01409477416,0.002722486293,0.03650917813,,,,
1141,7.284,2.282,baseline — trained fixed gait,0.5,0,0,0,0,0,RL,1,1,-91.60353045,182.2364428,271.6682137,339.7130351,-0.246746056,-1.069442287,-1.077656082,1.538158982,-0.1485763312,-1.019095475,-0.9588359717,1.407123638
1141,7.284,2.282,baseline — trained fixed gait,0.5,0,0,0,0,0,RR,1,0,12.8958653,36.92697214,184.093217,188.202596,0.01787372588,-0.008926308576,0.006309675126,0.02095139761,,,,
1142,7.286,2.284,baseline — trained fixed gait,0.5,0,0,0,0,0,FL,1,0,-26.96870434,-3.816134306,162.7239713,164.9877714,0.03640615056,0.002093315998,0.02305693034,0.04314408194,,,,
1142,7.286,2.284,baseline — trained fixed gait,0.5,0,0,0,0,0,FR,1,0,-16.83733518,41.80652903,263.3174497,267.1467032,0.03359641202,-0.01261863098,0.001465308075,0.03591790468,,,,
1142,7.286,2.284,baseline — trained fixed gait,0.5,0,0,0,0,0,RL,1,0,-71.65303037,122.9068838,227.9381239,268.6932213,-0.1195411426,-0.6706559807,-0.6136281871,0.9168473598,,,,
1142,7.286,2.284,baseline — trained fixed gait,0.5,0,0,0,0,0,RR,1,0,12.48725042,34.03403208,184.9051646,188.4254937,0.017714195,-0.01005486272,0.007800168185,0.02181136384,,,,
1143,7.288,2.286,baseline — trained fixed gait,0.5,0,0,0,0,0,FL,1,0,-27.12051714,-2.994083137,158.5072501,160.838538,0.03669305555,0.001896038053,0.02344559555,0.04358521809,,,,
1143,7.288,2.286,baseline — trained fixed gait,0.5,0,0,0,0,0,FR,1,0,-16.43733399,43.81288104,261.1845926,265.343449,0.03356555699,-0.0120779492,0.0004309255694,0.03567504968,,,,
1143,7.288,2.286,baseline — trained fixed gait,0.5,0,0,0,0,0,RL,1,0,-53.68223818,82.1590363,197.7845526,220.7954239,-0.05564495438,-0.4123633725,-0.3248115303,0.527865932,,,,
1143,7.288,2.286,baseline — trained fixed gait,0.5,0,0,0,0,0,RR,1,0,12.14262864,31.63001719,185.053558,188.1295319,0.01765812669,-0.01067507477,0.008017907587,0.02213715207,,,,
1144,7.29,2.288,baseline — trained fixed gait,0.5,0,0,0,0,0,FL,1,0,-27.34027581,-2.474581361,154.2534519,156.6771893,0.03708125377,0.001669902286,0.02306325913,0.04370036472,,,,
1144,7.29,2.288,baseline — trained fixed gait,0.5,0,0,0,0,0,FR,1,0,-16.06875312,44.77708384,259.1678655,263.4979593,0.03342481407,-0.01195568058,-0.0005483144339,0.03550291738,,,,
1144,7.29,2.288,baseline — trained fixed gait,0.5,0,0,0,0,0,RL,1,0,-41.43265508,55.00343362,177.9992717,190.855399,-0.02072690952,-0.2506151969,-0.145781316,0.290671247,,,,
1144,7.29,2.288,baseline — trained fixed gait,0.5,0,0,0,0,0,RR,1,0,10.43952279,29.91663255,184.8242524,187.5206463,0.01767525759,-0.01087328689,0.007557292424,0.0220851934,,,,
1145,7.292,2.29,baseline — trained fixed gait,0.5,0,0,0,0,0,FL,1,0,-33.92463981,2.835673499,33.1739601,47.53350249,0.03754247344,0.001474848328,0.02223432645,0.04365750522,,,,
1145,7.292,2.29,baseline — trained fixed gait,0.5,0,0,0,0,0,FR,1,0,-14.39289949,34.56914254,249.0262408,251.8258322,0.03321814039,-0.01198318025,-0.001501903521,0.03534539821,,,,
1145,7.292,2.29,baseline — trained fixed gait,0.5,0,0,0,0,0,RL,1,0,-21.18275594,21.33917415,239.9285102,241.8052099,-0.001915687489,-0.1523754088,-0.03557416316,0.1564846834,,,,
1145,7.292,2.29,baseline — trained fixed gait,0.5,0,0,0,0,0,RR,1,0,-5.336002173,25.9998203,129.095665,131.7958812,0.01778132761,-0.01099948933,0.008146883488,0.02243960979,,,,
1146,7.294,2.292,baseline — trained fixed gait,0.5,0,0,0,0,0,FL,1,0,-33.59577504,2.404792628,30.00047306,45.10529361,0.0431342795,0.0002516608536,0.03208945909,0.05376209432,,,,
1146,7.294,2.292,baseline — trained fixed gait,0.5,0,0,0,0,0,FR,1,0,-14.01578451,34.56461221,247.8262495,250.6172472,0.03245448737,-0.01071602898,-0.001749250269,0.03422260808,,,,
1146,7.294,2.292,baseline — trained fixed gait,0.5,0,0,0,0,0,RL,1,0,-15.25951637,11.0424936,230.5601444,231.3282726,0.00686304772,-0.09094994939,0.02524447115,0.09463761431,,,,
1146,7.294,2.292,baseline — trained fixed gait,0.5,0,0,0,0,0,RR,1,0,-5.244944995,24.95492606,126.692429,129.2332363,0.02024768515,-0.01053760105,0.0122978018,0.02592770176,,,,
1147,7.296,2.294,baseline — trained fixed gait,0.5,0,0,0,0,0,FL,1,0,-33.44209483,1.329865795,28.97663385,44.2694879,0.04834162839,-0.002040259208,0.0386820969,0.06194659243,,,,
1147,7.296,2.294,baseline — trained fixed gait,0.5,0,0,0,0,0,FR,1,0,-13.68969044,34.30150021,246.7453277,249.4940025,0.03179673219,-0.009989487827,-0.002288850136,0.03340749736,,,,
1147,7.296,2.294,baseline — trained fixed gait,0.5,0,0,0,0,0,RL,1,0,-11.07433931,4.789400206,223.6999656,224.025119,0.01150075789,-0.05401520937,0.05975684652,0.08136824307,,,,
1147,7.296,2.294,baseline — trained fixed gait,0.5,0,0,0,0,0,RR,1,0,-5.198945412,24.07869033,124.2625111,126.680638,0.02177533169,-0.01016954189,0.0142903331,0.0279606558,,,,
1148,7.298,2.296,baseline — trained fixed gait,0.5,0,0,0,0,0,FL,1,0,-33.26098253,0.4638683495,28.1040424,43.54704734,0.05577234176,-0.006971131807,0.04584237594,0.07253050542,,,,
1148,7.298,2.296,baseline — trained fixed gait,0.5,0,0,0,0,0,FR,1,0,-13.41097817,33.87424317,245.7670353,248.4527205,0.03121817465,-0.009546331415,-0.002990050829,0.03278181319,,,,
1148,7.298,2.296,baseline — trained fixed gait,0.5,0,0,0,0,0,RL,1,0,-9.944587034,2.013381763,217.263533,217.5003248,0.01398400492,-0.03182685839,0.07741681386,0.08486379898,,,,
1148,7.298,2.296,baseline — trained fixed gait,0.5,0,0,0,0,0,RR,1,0,-5.203828063,23.34143646,121.8521677,124.1767017,0.02275094682,-0.009896234066,0.01489346057,0.02893710762,,,,
1149,7.3,2.298,baseline — trained fixed gait,0.5,0,0,0,0,0,FL,1,0,-33.04884491,0,27.54070409,43.01995504,0.06497061537,-0.01353873353,0.05310526236,0.08499792384,,,,
1149,7.3,2.298,baseline — trained fixed gait,0.5,0,0,0,0,0,FR,1,0,-13.15211065,33.44902218,244.8832107,247.5067716,0.03069769576,-0.009244457692,-0.003764543709,0.03227971983,,,,
1149,7.3,2.298,baseline — trained fixed gait,0.5,0,0,0,0,0,RL,1,0,-7.766198768,-0.3330198709,213.2791715,213.4207809,0.0156217601,-0.01849404798,0.08584493921,0.08919317679,,,,
1149,7.3,2.298,baseline — trained fixed gait,0.5,0,0,0,0,0,RR,1,0,-5.254292357,22.57213954,119.4375493,121.6652672,0.02340823612,-0.009703464866,0.01463892093,0.02926432563,,,,
1150,7.302,2.3,baseline — trained fixed gait,0.5,0,0,0,0,0,FL,1,0,-50.4856424,0,42.07136867,65.7175787,0.0759127287,-0.02042773394,0.06046882445,0.09917919854,,,,
1150,7.302,2.3,baseline — trained fixed gait,0.5,0,0,0,0,0,FR,1,0,-12.29895376,20.13192307,233.8931054,235.0798658,0.03021091352,-0.009023966702,-0.004547794043,0.03185614072,,,,
1150,7.302,2.3,baseline — trained fixed gait,0.5,0,0,0,0,0,RL,1,0,8.18770924,-17.47266614,249.3615435,250.1070012,0.01660737538,-0.01050020369,0.08726888734,0.0894534398,,,,
1150,7.302,2.3,baseline — trained fixed gait,0.5,0,0,0,0,0,RR,1,0,-24.91514278,0,20.76261898,32.43224764,0.02388965794,-0.009553370675,0.01389451053,0.02924106822,,,,
1151,7.304,2.302,baseline — trained fixed gait,0.5,0,0,0,0,0,FL,0,0,0,0,0,0,0.2818123574,-0.05655022551,0.3087346631,0.4218213188,,,,
1151,7.304,2.302,baseline — trained fixed gait,0.5,0,0,0,0,0,FR,1,0,-13.91565298,19.62690891,233.1587702,234.3968282,0.02951623536,-0.007137630552,-0.004516572181,0.03070103165,,,,
1151,7.304,2.302,baseline — trained fixed gait,0.5,0,0,0,0,0,RL,1,0,8.952259978,-18.44515854,248.3583204,249.2031744,0.01509546603,-0.00365021545,0.08194664076,0.08340533016,,,,
1151,7.304,2.302,baseline — trained fixed gait,0.5,0,0,0,0,0,RR,1,0,-23.65389526,0,19.71157938,30.7904713,0.06279124258,-0.02202479796,0.06364386942,0.09207808635,,,,
1152,7.306,2.304,baseline — trained fixed gait,0.5,0,0,0,0,0,FL,0,0,0,0,0,0,0.6170674057,-0.063041642,0.486407656,0.7882504929,,,,
1152,7.306,2.304,baseline — trained fixed gait,0.5,0,0,0,0,0,FR,1,0,-13.73740915,18.83244028,232.7511661,233.9155458,0.02894161633,-0.006193879824,-0.003173135989,0.02976659361,,,,
1152,7.306,2.304,baseline — trained fixed gait,0.5,0,0,0,0,0,RL,1,0,9.578144044,-18.83203615,247.3830318,248.2836097,0.01425208027,0.0003966124388,0.07537439283,0.07671100434,,,,
1152,7.306,2.304,baseline — trained fixed gait,0.5,0,0,0,0,0,RR,1,0,-22.30484633,0,18.58737195,29.03440314,0.09512680668,-0.03732917262,0.100794403,0.1435342752,,,,
1153,7.308,2.306,baseline — trained fixed gait,0.5,0,0,0,0,0,FL,0,0,0,0,0,0,0.8707307084,-0.05144352674,0.5987854738,1.057999266,,,,
1153,7.308,2.306,baseline — trained fixed gait,0.5,0,0,0,0,0,FR,1,0,-13.59311686,18.16026914,232.4130158,233.5174043,0.02842102631,-0.005559999445,-0.00258549577,0.0290749569,,,,
1153,7.308,2.306,baseline — trained fixed gait,0.5,0,0,0,0,0,RL,1,0,10.01240115,-19.01936189,246.7088235,247.6433481,0.0138144243,0.002750306073,0.06836206306,0.06979809573,,,,
1153,7.308,2.306,baseline — trained fixed gait,0.5,0,0,0,0,0,RR,1,0,-21.40059562,0,17.83382968,27.8573325,0.1234469987,-0.05499491584,0.1281264112,0.1862256145,,,,
1154,7.31,2.308,baseline — trained fixed gait,0.5,0,0,0,0,0,FL,0,0,0,0,0,0,1.062164271,-0.02741060891,0.6636178656,1.252730199,,,,
1154,7.31,2.308,baseline — trained fixed gait,0.5,0,0,0,0,0,FR,1,0,-13.52855877,17.58143305,232.1950591,233.2523829,0.02794865486,-0.005129048243,-0.002470875212,0.02852261679,,,,
1154,7.31,2.308,baseline — trained fixed gait,0.5,0,0,0,0,0,RL,1,0,10.30090357,-19.1178603,246.2132199,247.1690734,0.01362000235,0.004098724513,0.06136601679,0.06299279342,,,,
1154,7.31,2.308,baseline — trained fixed gait,0.5,0,0,0,0,0,RR,0,0,0,0,0,0,0.1477262951,-0.07413473438,0.1477043352,0.2216654861,,,,
1155,7.312,2.31,baseline — trained fixed gait,0.5,0,0,0,0,0,FL,0,0,0,0,0,0,1.20648531,0.004550177073,0.6940669328,1.391889512,,,,
1155,7.312,2.31,baseline — trained fixed gait,0.5,0,0,0,0,0,FR,1,0,-6.025121867,5.418540019,204.9907453,205.1508429,0.02751165043,-0.004841934062,-0.002638446393,0.02805880672,,,,
1155,7.312,2.31,baseline — trained fixed gait,0.5,0,0,0,0,0,RL,1,0,22.98812469,-24.72350957,256.8755,259.0844038,0.01355437514,0.004861811288,0.05466204901,0.0565269661,,,,
1155,7.312,2.31,baseline — trained fixed gait,0.5,0,0,0,0,0,RR,0,0,0,0,0,0,0.251613287,-0.1005787912,0.1643111618,0.3168966666,,,,
1156,7.314,2.312,baseline — trained fixed gait,0.5,0,0,0,0,0,FL,0,0,0,0,0,0,1.440498859,0.02327204146,0.8082686756,1.651931234,,,,
1156,7.314,2.312,baseline — trained fixed gait,0.5,0,0,0,0,0,FR,1,0,-5.791134154,4.870996858,204.8513275,204.9910491,0.02590573566,-0.002986312605,-0.001001928326,0.02609653355,,,,
1156,7.314,2.312,baseline — trained fixed gait,0.5,0,0,0,0,0,RL,1,0,23.29654674,-23.92470698,256.7457673,258.9083037,0.01184090795,0.005962061512,0.04766442351,0.04947373593,,,,
1156,7.314,2.312,baseline — trained fixed gait,0.5,0,0,0,0,0,RR,0,0,0,0,0,0,0.5639037719,-0.09386619385,0.3655326848,0.6785370071,,,,
1157,7.316,2.314,baseline — trained fixed gait,0.5,0,0,0,0,0,FL,0,0,0,0,0,0,1.606667634,0.05543517668,0.8709821727,1.828404739,,,,
1157,7.316,2.314,baseline — trained fixed gait,0.5,0,0,0,0,0,FR,1,0,-5.636270413,4.433964927,204.8182295,204.9437355,0.02477985545,-0.001891030948,-0.0003713952996,0.02485468102,,,,
1157,7.316,2.314,baseline — trained fixed gait,0.5,0,0,0,0,0,RL,1,0,23.52525391,-23.33238391,256.6419364,258.7719483,0.01085903449,0.006458615601,0.0415037021,0.04338420949,,,,
1157,7.316,2.314,baseline — trained fixed gait,0.5,0,0,0,0,0,RR,0,0,0,0,0,0,0.7973400274,-0.10014344,0.4961807831,0.9444443855,,,,
1158,7.318,2.316,baseline — trained fixed gait,0.5,0,0,0,0,0,FL,0,0,0,0,0,0,1.722146649,0.09586202183,0.8963894045,1.943834502,,,,
1158,7.318,2.316,baseline — trained fixed gait,0.5,0,0,0,0,0,FR,1,0,-5.534443723,4.077498778,204.8702099,204.9855092,0.02396432913,-0.001252310911,-0.0003610021798,0.02399974324,,,,
1158,7.318,2.316,baseline — trained fixed gait,0.5,0,0,0,0,0,RL,1,0,23.70877929,-22.92135023,256.5517905,258.6625518,0.01031551539,0.006644895275,0.03609695926,0.03812551585,,,,
1158,7.318,2.316,baseline — trained fixed gait,0.5,0,0,0,0,0,RR,0,0,0,0,0,0,0.9702583502,-0.1152416468,0.5748883977,1.133657167,,,,
1159,7.32,2.318,baseline — trained fixed gait,0.5,0,0,0,0,0,FL,0,0,0,0,0,0,1.799983911,0.140649022,0.8951918205,2.01521528,,,,
1159,7.32,2.318,baseline — trained fixed gait,0.5,0,0,0,0,0,FR,1,0,-5.468279885,3.776382168,204.9960075,205.1036963,0.02334229172,-0.0008877651253,-0.0007184911429,0.02337021478,,,,
1159,7.32,2.318,baseline — trained fixed gait,0.5,0,0,0,0,0,RL,1,0,23.86580696,-22.66312412,256.4778963,258.5809452,0.01002215677,0.00668206378,0.03135083626,0.03358524284,,,,
1159,7.32,2.318,baseline — trained fixed gait,0.5,0,0,0,0,0,RR,0,0,0,0,0,0,1.097097176,-0.1361074246,0.6155817409,1.265341189,,,,
1160,7.322,2.32,baseline — trained fixed gait,0.5,0,0,0,0,0,FL,0,0,0,0,0,0,1.850128098,0.1870353249,0.8753370275,2.055278839,,,,
1160,7.322,2.32,baseline — trained fixed gait,0.5,0,0,0,0,0,FR,1,0,1.177460959,-0.1561362293,195.4083377,195.4119476,0.02284263604,-0.0006872745948,-0.001270931164,0.02288828595,,,,
1160,7.322,2.32,baseline — trained fixed gait,0.5,0,0,0,0,0,RL,1,0,31.97893748,-22.36757204,249.0475666,252.0865946,0.009867497186,0.006657175308,0.02718348473,0.02967536564,,,,
1160,7.322,2.32,baseline — trained fixed gait,0.5,0,0,0,0,0,RR,0,0,0,0,0,0,1.189079375,-0.1603219623,0.6287497688,1.354599263,,,,
1161,7.324,2.322,baseline — trained fixed gait,0.5,0,0,0,0,0,FL,0,0,0,0,0,0,1.944329447,0.2120759202,0.9006146367,2.153253334,,,,
1161,7.324,2.322,baseline — trained fixed gait,0.5,0,0,0,0,0,FR,1,0,1.31439914,-0.4398398793,195.5261543,195.5310669,0.02144224015,-7.070252418e-06,-0.001184476041,0.02147493181,,,,
1161,7.324,2.322,baseline — trained fixed gait,0.5,0,0,0,0,0,RL,1,0,32.23152512,-21.99436687,249.1480097,252.1851584,0.008619434628,0.006581623197,0.02402183682,0.02635642354,,,,
1161,7.324,2.322,baseline — trained fixed gait,0.5,0,0,0,0,0,RR,0,0,0,0,0,0,1.34821355,-0.1685421601,0.7035983335,1.530077401,,,,
1162,7.326,2.324,baseline — trained fixed gait,0.5,0,0,0,0,0,FL,0,0,0,0,0,0,2.003051586,0.2416526771,0.8993678397,2.208953187,,,,
1162,7.326,2.324,baseline — trained fixed gait,0.5,0,0,0,0,0,FR,1,0,1.386663514,-0.6749608408,195.7296446,195.7357202,0.02049157646,0.0003783295257,-0.001443165643,0.02054581626,,,,
1162,7.326,2.324,baseline — trained fixed gait,0.5,0,0,0,0,0,RL,1,0,32.40637775,-21.7960788,249.330221,252.3703657,0.007862085716,0.006479867644,0.02106708502,0.02340134927,,,,
1162,7.326,2.324,baseline — trained fixed gait,0.5,0,0,0,0,0,RR,0,0,0,0,0,0,1.458841607,-0.1828877883,0.7380446199,1.645106878,,,,
1163,7.328,2.326,baseline — trained fixed gait,0.5,0,0,0,0,0,FL,0,0,0,0,0,0,2.035756128,0.2730776166,0.8794442577,2.234344781,,,,
1163,7.328,2.326,baseline — trained fixed gait,0.5,0,0,0,0,0,FR,1,0,1.416615305,-0.8694093888,196.0025648,196.0096123,0.01982245579,0.000588270951,-0.001884899861,0.01992055882,,,,
1163,7.328,2.326,baseline — trained fixed gait,0.5,0,0,0,0,0,RL,1,0,32.53093482,-21.73115,249.5790792,252.6266443,0.00740350517,0.00639136929,0.01835919944,0.02080196372,,,,
1163,7.328,2.326,baseline — trained fixed gait,0.5,0,0,0,0,0,RR,0,0,0,0,0,0,1.533160053,-0.2007364084,0.7433318046,1.715638955,,,,
1164,7.33,2.328,baseline — trained fixed gait,0.5,0,0,0,0,0,FL,0,0,0,0,0,0,2.049569508,0.3044537385,0.8467965073,2.238412735,,,,
1164,7.33,2.328,baseline — trained fixed gait,0.5,0,0,0,0,0,FR,1,0,1.419130096,-1.032373895,196.3346272,196.3424701,0.01932795503,0.0006931130985,-0.002405876497,0.01948944569,,,,
1164,7.33,2.328,baseline — trained fixed gait,0.5,0,0,0,0,0,RL,1,0,32.62243882,-21.77279217,249.8903251,252.949506,0.007118216684,0.006329729683,0.0159019193,0.01853659958,,,,
1164,7.33,2.328,baseline — trained fixed gait,0.5,0,0,0,0,0,RR,0,0,0,0,0,0,1.580579403,-0.2201978907,0.7278430338,1.753987983,,,,
1165,7.332,2.33,baseline — trained fixed gait,0.5,0,0,0,0,0,FL,0,0,0,0,0,0,2.049825016,0.3344682664,0.8059259364,2.22781692,,,,
1165,7.332,2.33,baseline — trained fixed gait,0.5,0,0,0,0,0,FR,1,0,7.628524227,-1.363644566,200.0261219,200.1761808,0.01894404673,0.0007349785094,-0.002937719454,0.01918455878,,,,
1165,7.332,2.33,baseline — trained fixed gait,0.5,0,0,0,0,0,RL,1,0,38.90810354,-21.30861833,243.3616087,247.371725,0.006931889499,0.00629840675,0.01368818571,0.01658576039,,,,
1165,7.332,2.33,baseline — trained fixed gait,0.5,0,0,0,0,0,RR,0,0,0,0,0,0,1.608223177,-0.2398778239,0.6979856847,1.769493479,,,,
1166,7.334,2.332,baseline — trained fixed gait,0.5,0,0,0,0,0,FL,0,0,0,0,0,0,2.092110601,0.3486437062,0.8007004497,2.267068682,,,,
1166,7.334,2.332,baseline — trained fixed gait,0.5,0,0,0,0,0,FR,1,0,7.666864099,-1.494513544,200.2902082,200.4424653,0.01775881395,0.0008124419823,-0.003730214548,0.01816452684,,,,
1166,7.334,2.332,baseline — trained fixed gait,0.5,0,0,0,0,0,RL,1,0,39.07358233,-21.28776757,243.8341929,247.8609035,0.005883160694,0.006217888652,0.01215638312,0.01486779639,,,,
1166,7.334,2.332,baseline — trained fixed gait,0.5,0,0,0,0,0,RR,0,0,0,0,0,0,1.682901701,-0.249206355,0.7075432246,1.842519839,,,,
1167,7.336,2.334,baseline — trained fixed gait,0.5,0,0,0,0,0,FL,0,0,0,0,0,0,2.113941396,0.3639539401,0.7804899227,2.282624633,,,,
1167,7.336,2.334,baseline — trained fixed gait,0.5,0,0,0,0,0,FR,1,0,7.668048078,-1.606091818,200.5945928,200.7475259,0.0169957973,0.0008415071075,-0.004322096309,0.01755692959,,,,
1167,7.336,2.334,baseline — trained fixed gait,0.5,0,0,0,0,0,RL,1,0,39.17010338,-21.36791624,244.4030162,248.4425872,0.005196506111,0.006179708792,0.01055193659,0.01328667913,,,,
1167,7.336,2.334,baseline — trained fixed gait,0.5,0,0,0,0,0,RR,0,0,0,0,0,0,1.730475913,-0.2605286563,0.6953851618,1.883077956,,,,
1168,7.338,2.336,baseline — trained fixed gait,0.5,0,0,0,0,0,FL,0,0,0,0,0,0,2.120807991,0.3790002949,0.750123631,2.281261322,,,,
1168,7.338,2.336,baseline — trained fixed gait,0.5,0,0,0,0,0,FR,1,0,7.64866907,-1.698622909,200.9283315,201.0810331,0.01649007505,0.0008415664168,-0.004754713006,0.01718249414,,,,
1168,7.338,2.336,baseline — trained fixed gait,0.5,0,0,0,0,0,RL,1,0,39.21734545,-21.52839472,245.06221,249.1123416,0.004721643229,0.006188237792,0.008930747942,0.01184679115,,,,
1168,7.338,2.336,baseline — trained fixed gait,0.5,0,0,0,0,0,RR,0,0,0,0,0,0,1.758021799,-0.2724445225,0.6680389471,1.900300686,,,,
1169,7.34,2.338,baseline — trained fixed gait,0.5,0,0,0,0,0,FL,0,0,0,0,0,0,2.116843447,0.3928306212,0.7132602228,2.268056926,,,,
1169,7.34,2.338,baseline — trained fixed gait,0.5,0,0,0,0,0,FR,1,0,7.617687342,-1.772451511,201.2864588,201.438351,0.01614217753,0.0008239773827,-0.005063853545,0.0169378702,,,,
1169,7.34,2.338,baseline — trained fixed gait,0.5,0,0,0,0,0,RL,1,0,39.22854909,-21.75181669,245.8102743,249.8693889,0.004366226434,0.006238527315,0.007337353212,0.0105744933,,,,
1169,7.34,2.338,baseline — trained fixed gait,0.5,0,0,0,0,0,RR,0,0,0,0,0,0,1.770906601,-0.2839596719,0.6304566605,1.901109909,,,,
1170,7.342,2.34,baseline — trained fixed gait,0.5,0,0,0,0,0,FL,0,0,0,0,0,0,2.105138712,0.4048290064,0.6726492173,2.246764894,,,,
1170,7.342,2.34,baseline — trained fixed gait,0.5,0,0,0,0,0,FR,1,0,10.39317344,-1.690384454,204.2059244,204.4772237,0.01589274974,0.000795409997,-0.005278846134,0.01676539256,,,,
1170,7.342,2.34,baseline — trained fixed gait,0.5,0,0,0,0,0,RL,1,0,44.26825287,-21.2081018,240.0536317,245.0208315,0.00407876229,0.006322831054,0.005811215543,0.009507087906,,,,
1170,7.342,2.34,baseline — trained fixed gait,0.5,0,0,0,0,0,RR,0,0,0,0,0,0,1.773177283,-0.2943918278,0.5863774184,1.890677842,,,,
1171,7.344,2.342,baseline — trained fixed gait,0.5,0,0,0,0,0,FL,0,0,0,0,0,0,2.133318679,0.4080718814,0.6675501663,2.272266373,,,,
1171,7.344,2.342,baseline — trained fixed gait,0.5,0,0,0,0,0,FR,1,0,10.36822119,-1.723004545,204.541163,204.8110253,0.01531507176,0.0007591592876,-0.005638574987,0.01633772547,,,,
1171,7.344,2.342,baseline — trained fixed gait,0.5,0,0,0,0,0,RL,1,0,44.33133006,-21.34840106,241.0181627,245.9893815,0.003055032477,0.006327101367,0.00484886452,0.008536798128,,,,
1171,7.344,2.342,baseline — trained fixed gait,0.5,0,0,0,0,0,RR,0,0,0,0,0,0,1.816548778,-0.2986058648,0.5775848347,1.92940902,,,,
1172,7.346,2.344,baseline — trained fixed gait,0.5,0,0,0,0,0,FL,0,0,0,0,0,0,2.146293107,0.4118020224,0.651060393,2.280358446,,,,
1172,7.346,2.344,baseline — trained fixed gait,0.5,0,0,0,0,0,FR,1,0,10.33206012,-1.743567559,204.886562,205.1543195,0.01495116336,0.0007165507615,-0.005839838414,0.01606718531,,,,
1172,7.346,2.344,baseline — trained fixed gait,0.5,0,0,0,0,0,RL,1,0,44.32837017,-21.56433581,242.1088676,247.0763621,0.002346186846,0.006374949892,0.003787505477,0.00777751738,,,,
1172,7.346,2.344,baseline — trained fixed gait,0.5,0,0,0,0,0,RR,0,0,0,0,0,0,1.842294084,-0.3034855558,0.5550749926,1.947885834,,,,
1173,7.348,2.346,baseline — trained fixed gait,0.5,0,0,0,0,0,FL,0,0,0,0,0,0,2.147972002,0.4150971227,0.6268432403,2.275746425,,,,
1173,7.348,2.346,baseline — trained fixed gait,0.5,0,0,0,0,0,FR,1,0,10.29014164,-1.751578429,205.2406724,205.5059333,0.01471789726,0.000670167762,-0.005934909213,0.01588360073,,,,
1173,7.348,2.346,baseline — trained fixed gait,0.5,0,0,0,0,0,RL,1,0,44.28126792,-21.84135167,243.3081194,248.267429,0.001836043045,0.006458009397,0.002718400191,0.007243385882,,,,
1173,7.348,2.346,baseline — trained fixed gait,0.5,0,0,0,0,0,RR,0,0,0,0,0,0,1.854956237,-0.3081738954,0.52321929,1.95181767,,,,
1174,7.35,2.348,baseline — trained fixed gait,0.5,0,0,0,0,0,FL,0,0,0,0,0,0,2.141324543,0.4173416786,0.5976816964,2.262005368,,,,
1174,7.35,2.348,baseline — trained fixed gait,0.5,0,0,0,0,0,FR,1,0,10.24476914,-1.746997146,205.6046033,205.8670936,0.01456535121,0.000621543381,-0.005962626721,0.01575083139,,,,
1174,7.35,2.348,baseline — trained fixed gait,0.5,0,0,0,0,0,RL,1,0,44.20482173,-22.16707868,244.6048104,249.5535191,0.001451044872,0.00656708244,0.001696803604,0.006936227034,,,,
1174,7.35,2.348,baseline — trained fixed gait,0.5,0,0,0,0,0,RR,0,0,0,0,0,0,1.857989026,-0.3120773583,0.4853339044,1.945524222,,,,
1175,7.352,2.35,baseline — trained fixed gait,0.5,0,0,0,0,0,FL,0,0,0,0,0,0,2.128591625,0.4181512307,0.5656705105,2.24181531,,,,
1175,7.352,2.35,baseline — trained fixed gait,0.5,0,0,0,0,0,FR,1,0,6.969893128,0.1970311868,215.0603765,215.1733807,0.01446411109,0.0005715819389,-0.005950391296,0.01565069878,,,,
1175,7.352,2.35,baseline — trained fixed gait,0.5,0,0,0,0,0,RL,1,0,45.80492303,-21.68619156,241.0079835,246.2787648,0.001148388388,0.006694491485,0.0007575009749,0.006834385112,,,,
1175,7.352,2.35,baseline — trained fixed gait,0.5,0,0,0,0,0,RR,0,0,0,0,0,0,1.854003136,-0.3148036056,0.4439147878,1.93222392,,,,
1176,7.354,2.352,baseline — trained fixed gait,0.5,0,0,0,0,0,FL,0,0,0,0,0,0,2.148838538,0.4145100054,0.5641120311,2.259988494,,,,
1176,7.354,2.352,baseline — trained fixed gait,0.5,0,0,0,0,0,FR,1,0,6.781842075,0.2472789291,215.5705863,215.6773799,0.01493695865,0.0002380311731,-0.006629650416,0.01634385687,,,,
1176,7.354,2.352,baseline — trained fixed gait,0.5,0,0,0,0,0,RL,1,0,45.75356072,-21.92863542,242.4772657,247.7286374,0.0005996850784,0.006724324962,0.0002823838678,0.006756915645,,,,
1176,7.354,2.352,baseline — trained fixed gait,0.5,0,0,0,0,0,RR,0,0,0,0,0,0,1.885364088,-0.3151189481,0.4357484819,1.960554624,,,,
1177,7.356,2.354,baseline — trained fixed gait,0.5,0,0,0,0,0,FL,0,0,0,0,0,0,2.15702176,0.4112124563,0.5532132184,2.264483036,,,,
1177,7.356,2.354,baseline — trained fixed gait,0.5,0,0,0,0,0,FR,1,0,6.646379611,0.2961770071,216.0318493,216.1342684,0.01522750995,1.940903764e-05,-0.006955978982,0.01674105969,,,,
1177,7.356,2.354,baseline — trained fixed gait,0.5,0,0,0,0,0,RL,1,0,45.66980971,-22.23295544,244.0402444,249.2702885,0.0001971009036,0.006792030563,-0.0002585141112,0.006799805695,,,,
1177,7.356,2.354,baseline — trained fixed gait,0.5,0,0,0,0,0,RR,0,0,0,0,0,0,1.903204542,-0.3157386011,0.4170001092,1.973769866,,,,
1178,7.358,2.356,baseline — trained fixed gait,0.5,0,0,0,0,0,FL,0,0,0,0,0,0,2.156070064,0.407597077,0.5358878702,2.258749501,,,,
1178,7.358,2.356,baseline — trained fixed gait,0.5,0,0,0,0,0,FR,1,0,6.546561385,0.3483160538,216.4613045,216.5605577,0.01540448499,-0.0001312222062,-0.007053252318,0.01694295563,,,,
1178,7.358,2.356,baseline — trained fixed gait,0.5,0,0,0,0,0,RL,1,0,45.56496852,-22.58728894,245.6863467,250.894665,-0.0001081728005,0.006888109444,-0.0008063584491,0.006935990701,,,,
1178,7.358,2.356,baseline — trained fixed gait,0.5,0,0,0,0,0,RR,0,0,0,0,0,0,1.910854484,-0.3160487101,0.3910301788,1.975893784,,,,
1179,7.36,2.358,baseline — trained fixed gait,0.5,0,0,0,0,0,FL,0,0,0,0,0,0,2.148229816,0.4032261719,0.5143600663,2.245450726,,,,
1179,7.36,2.358,baseline — trained fixed gait,0.5,0,0,0,0,0,FR,1,0,6.470027421,0.4059463084,216.8717062,216.9685761,0.01551299014,-0.0002415830081,-0.007009857516,0.01702496191,,,,
1179,7.36,2.358,baseline — trained fixed gait,0.5,0,0,0,0,0,RL,1,0,45.44687175,-22.98173969,247.4077048,252.5948354,-0.0003476043862,0.007004380559,-0.001326530284,0.007137356543,,,,
1179,7.36,2.358,baseline — trained fixed gait,0.5,0,0,0,0,0,RR,0,0,0,0,0,0,1.910865941,-0.3156275123,0.3603966244,1.970003832,,,,
1180,7.362,2.36,baseline — trained fixed gait,0.5,0,0,0,0,0,FL,0,0,0,0,0,0,2.135214779,0.3978312649,0.4903114185,2.226615628,,,,
1180,7.362,2.36,baseline — trained fixed gait,0.5,0,0,0,0,0,FR,1,0,-0.5205250607,3.140036072,229.2290971,229.2511935,0.01558100612,-0.0003280030442,-0.006888822557,0.01703910837,,,,
1180,7.362,2.36,baseline — trained fixed gait,0.5,0,0,0,0,0,RL,1,0,45.41766718,-22.78572889,246.2896347,251.4767148,-0.0005404993938,0.00713442656,-0.001799595106,0.007377718108,,,,
1180,7.362,2.36,baseline — trained fixed gait,0.5,0,0,0,0,0,RR,0,0,0,0,0,0,1.905184608,-0.3142001346,0.3270293288,1.958417294,,,,
1181,7.364,2.362,baseline — trained fixed gait,0.5,0,0,0,0,0,FL,0,0,0,0,0,0,2.135896802,0.3912774712,0.4804088681,2.223948265,,,,
1181,7.364,2.362,baseline — trained fixed gait,0.5,0,0,0,0,0,FR,1,0,-0.7924207247,3.257287836,229.8338669,229.8583134,0.01672491147,-0.0007961656379,-0.007649551807,0.01840848137,,,,
1181,7.364,2.362,baseline — trained fixed gait,0.5,0,0,0,0,0,RL,1,0,45.3131036,-23.11175445,248.1314577,253.291632,-0.0007519074762,0.007193370345,-0.001999706976,0.007503916962,,,,
1181,7.364,2.362,baseline — trained fixed gait,0.5,0,0,0,0,0,RR,0,0,0,0,0,0,1.924070919,-0.3111047741,0.3206788712,1.975264545,,,,
1182,7.366,2.364,baseline — trained fixed gait,0.5,0,0,0,0,0,FL,0,0,0,0,0,0,2.129751481,0.3843244024,0.4659055245,2.213733176,,,,
1182,7.366,2.364,baseline — trained fixed gait,0.5,0,0,0,0,0,FR,1,0,-0.970935631,3.3643092,230.352844,230.3794567,0.01742237037,-0.001093947741,-0.00796042799,0.01918603984,,,,
1182,7.366,2.364,baseline — trained fixed gait,0.5,0,0,0,0,0,RL,1,0,45.19938542,-23.48447619,250.0333346,255.1689117,-0.0009244885244,0.007279562186,-0.002243796474,0.007673416923,,,,
1182,7.366,2.364,baseline — trained fixed gait,0.5,0,0,0,0,0,RR,0,0,0,0,0,0,1.932569913,-0.3081243909,0.3059718171,1.980753862,,,,
1183,7.368,2.366,baseline — trained fixed gait,0.5,0,0,0,0,0,FL,0,0,0,0,0,0,2.118363007,0.3766960126,0.4484155472,2.197825793,,,,
1183,7.368,2.366,baseline — trained fixed gait,0.5,0,0,0,0,0,FR,1,0,-1.087601333,3.467411176,230.8155089,230.844114,0.01784409009,-0.001290564093,-0.007987049776,0.01959260245,,,,
1183,7.368,2.366,baseline — trained fixed gait,0.5,0,0,0,0,0,RL,1,0,45.08068715,-23.89483121,251.9902595,257.1037187,-0.001067122126,0.00738591542,-0.00249904661,0.007869925679,,,,
1183,7.368,2.366,baseline — trained fixed gait,0.5,0,0,0,0,0,RR,0,0,0,0,0,0,1.933152983,-0.3048229612,0.2855273654,1.977757156,,,,
1184,7.37,2.368,baseline — trained fixed gait,0.5,0,0,0,0,0,FL,0,0,0,0,0,0,2.102949133,0.368233955,0.4291578801,2.177651898,,,,
1184,7.37,2.368,baseline — trained fixed gait,0.5,0,0,0,0,0,FR,1,0,-1.16433291,3.569883561,231.2423652,231.2728502,0.01809898475,-0.001427047425,-0.007845619361,0.01977785268,,,,
1184,7.37,2.368,baseline — trained fixed gait,0.5,0,0,0,0,0,RL,1,0,44.96012859,-24.33534071,253.9975289,259.0914253,-0.001185644137,0.007506626214,-0.002745412419,0.008080376135,,,,
1184,7.37,2.368,baseline — trained fixed gait,0.5,0,0,0,0,0,RR,0,0,0,0,0,0,1.92772717,-0.3009041891,0.2613465889,1.968496231,,,,
1185,7.372,2.37,baseline — trained fixed gait,0.5,0,0,0,0,0,FL,0,0,0,0,0,0,2.084441921,0.3588674046,0.4090401398,2.154297513,,,,
1185,7.372,2.37,baseline — trained fixed gait,0.5,0,0,0,0,0,FR,1,0,-12.0063138,5.309277175,242.2007062,242.5562246,0.01825342613,-0.001527709828,-0.007618291399,0.01983834234,,,,
1185,7.372,2.37,baseline — trained fixed gait,0.5,0,0,0,0,0,RL,1,0,44.68142168,-24.29313479,254.1842007,259.2222863,-0.001283938851,0.007637080461,-0.002971679386,0.008294840283,,,,
1185,7.372,2.37,baseline — trained fixed gait,0.5,0,0,0,0,0,RR,0,0,0,0,0,0,1.917757224,-0.2961785348,0.2349439536,1.954664461,,,,
1186,7.374,2.372,baseline — trained fixed gait,0.5,0,0,0,0,0,FL,0,0,0,0,0,0,2.067633616,0.3494187197,0.3929548346,2.133451596,,,,
1186,7.374,2.372,baseline — trained fixed gait,0.5,0,0,0,0,0,FR,1,0,-12.20585822,5.495670631,242.7681533,243.1369195,0.01997651974,-0.002078263631,-0.006500092359,0.02110999103,,,,
1186,7.374,2.372,baseline — trained fixed gait,0.5,0,0,0,0,0,RL,1,0,44.57907001,-24.70089599,256.2568619,261.2757299,-0.001367696569,0.007710554148,-0.003034082497,0.008398148354,,,,
1186,7.374,2.372,baseline — trained fixed gait,0.5,0,0,0,0,0,RR,0,0,0,0,0,0,1.920281742,-0.2907819961,0.2263403671,1.955317391,,,,
1187,7.376,2.374,baseline — trained fixed gait,0.5,0,0,0,0,0,FL,0,0,0,0,0,0,2.048044918,0.3392295142,0.3760726337,2.109738201,,,,
1187,7.376,2.374,baseline — trained fixed gait,0.5,0,0,0,0,0,FR,1,0,-12.30995251,5.660446689,243.2541968,243.6312374,0.02098652691,-0.002429590429,-0.005560678163,0.02184624368,,,,
1187,7.376,2.374,baseline — trained fixed gait,0.5,0,0,0,0,0,RL,1,0,44.47719008,-25.13803165,258.3661099,263.3689196,-0.001441999701,0.007810244632,-0.003134338411,0.00853834654,,,,
1187,7.376,2.374,baseline — trained fixed gait,0.5,0,0,0,0,0,RR,0,0,0,0,0,0,1.915864412,-0.2852147435,0.2121657643,1.948563113,,,,
1188,7.378,2.376,baseline — trained fixed gait,0.5,0,0,0,0,0,FL,0,0,0,0,0,0,2.02627594,0.3282955201,0.3589481855,2.083846428,,,,
1188,7.378,2.376,baseline — trained fixed gait,0.5,0,0,0,0,0,FR,1,0,-12.35982551,5.812164865,243.6991408,244.0815802,0.02157180609,-0.002663134334,-0.004798811442,0.02225901376,,,,
1188,7.378,2.376,baseline — trained fixed gait,0.5,0,0,0,0,0,RL,1,0,44.37767323,-25.59848226,260.5080218,265.4978146,-0.001505626214,0.007927246431,-0.003251267949,0.008699361445,,,,
1188,7.378,2.376,baseline — trained fixed gait,0.5,0,0,0,0,0,RR,0,0,0,0,0,0,1.90613874,-0.27922663,0.1942247466,1.93624783,,,,
1189,7.38,2.378,baseline — trained fixed gait,0.5,0,0,0,0,0,FL,0,0,0,0,0,0,2.002787461,0.3166510124,0.3419773777,2.056301049,,,,
1189,7.38,2.378,baseline — trained fixed gait,0.5,0,0,0,0,0,FR,1,0,-12.38039877,5.955974204,244.1263925,244.5126651,0.02190944921,-0.002826969094,-0.004195586793,0.02248596601,,,,
1189,7.38,2.378,baseline — trained fixed gait,0.5,0,0,0,0,0,RL,1,0,44.28208058,-26.07729211,262.678538,267.6582562,-0.001557977136,0.008055280587,-0.003371297069,0.008870201916,,,,
1189,7.38,2.378,baseline — trained fixed gait,0.5,0,0,0,0,0,RR,0,0,0,0,0,0,1.892369353,-0.2726554004,0.1738945043,1.919802603,,,,
1190,7.382,2.38,baseline — trained fixed gait,0.5,0,0,0,0,0,FL,0,0,0,0,0,0,1.977932796,0.3043569237,0.3254329203,2.027500399,,,,
1190,7.382,2.38,baseline — trained fixed gait,0.5,0,0,0,0,0,FR,1,0,-21.31916722,9.121065783,259.2760206,260.3108826,0.02210403979,-0.002949520147,-0.003729413663,0.022609661,,,,
1190,7.382,2.38,baseline — trained fixed gait,0.5,0,0,0,0,0,RL,1,0,43.8787129,-26.7971606,266.450317,271.3654376,-0.001598932317,0.008189856,-0.003486354782,0.009043505709,,,,
1190,7.382,2.38,baseline — trained fixed gait,0.5,0,0,0,0,0,RR,0,0,0,0,0,0,1.875531331,-0.2654054281,0.152214427,1.900322879,,,,
1191,7.384,2.382,baseline — trained fixed gait,0.5,0,0,0,0,0,FL,0,0,0,0,0,0,1.944190253,0.2926620563,0.2997270099,1.988809468,,,,
1191,7.384,2.382,baseline — trained fixed gait,0.5,0,0,0,0,0,FR,1,0,-21.56970156,9.301493637,259.9146414,260.9739271,0.02356771951,-0.003476613687,-0.004447760185,0.02423441389,,,,
1191,7.384,2.382,baseline — trained fixed gait,0.5,0,0,0,0,0,RL,1,0,43.78638364,-27.25333169,268.6408512,273.5468853,-0.001581243321,0.008363476751,-0.003703393508,0.009282413333,,,,
1191,7.384,2.382,baseline — trained fixed gait,0.5,0,0,0,0,0,RR,0,0,0,0,0,0,1.866122273,-0.2573819189,0.1433046177,1.889231061,,,,
1192,7.386,2.384,baseline — trained fixed gait,0.5,0,0,0,0,0,FL,0,0,0,0,0,0,1.911712355,0.2798177906,0.2777456068,1.951943838,,,,
1192,7.386,2.384,baseline — trained fixed gait,0.5,0,0,0,0,0,FR,1,0,-21.71481684,9.464544781,260.4622527,261.5371789,0.02444950223,-0.003808454018,-0.004744959887,0.02519518061,,,,
1192,7.386,2.384,baseline — trained fixed gait,0.5,0,0,0,0,0,RL,1,0,43.70791872,-27.72171114,270.8354033,275.7366336,-0.001571583052,0.00851900724,-0.003853561797,0.009481207527,,,,
1192,7.386,2.384,baseline — trained fixed gait,0.5,0,0,0,0,0,RR,0,0,0,0,0,0,1.852165394,-0.2491230212,0.1306707717,1.873406997,,,,
1193,7.388,2.386,baseline — trained fixed gait,0.5,0,0,0,0,0,FL,0,0,0,0,0,0,1.880157743,0.2660895465,0.2588560962,1.916455912,,,,
1193,7.388,2.386,baseline — trained fixed gait,0.5,0,0,0,0,0,FR,1,0,-21.79066215,9.617501694,260.9526872,262.0374672,0.02497142018,-0.004024648042,-0.00477903683,0.02574118899,,,,
1193,7.388,2.386,baseline — trained fixed gait,0.5,0,0,0,0,0,RL,1,0,43.6419988,-28.19974628,273.0324377,277.9326569,-0.001563064336,0.008663457438,-0.00395549507,0.009651145328,,,,
1193,7.388,2.386,baseline — trained fixed gait,0.5,0,0,0,0,0,RR,0,0,0,0,0,0,1.834737404,-0.2404960749,0.1155563331,1.854036939,,,,
1194,7.39,2.388,baseline — trained fixed gait,0.5,0,0,0,0,0,FL,0,0,0,0,0,0,1.849256073,0.2517055671,0.2425218062,1.881999081,,,,
1194,7.39,2.388,baseline — trained fixed gait,0.5,0,0,0,0,0,FR,1,0,-21.82177307,9.764334863,261.4082297,262.4991325,0.02527591991,-0.004172552627,-0.004657194507,0.0260378913,,,,
1194,7.39,2.388,baseline — trained fixed gait,0.5,0,0,0,0,0,RL,1,0,43.58778895,-28.68505046,275.2299036,280.1325174,-0.001551719852,0.008800691319,-0.004023501821,0.009800437189,,,,
1194,7.39,2.388,baseline — trained fixed gait,0.5,0,0,0,0,0,RR,0,0,0,0,0,0,1.814674916,-0.2314220662,0.09890934345,1.832043745,,,,
1195,7.392,2.39,baseline — trained fixed gait,0.5,0,0,0,0,0,FL,0,0,0,0,0,0,1.818795608,0.2368621887,0.228288603,1.848306481,,,,
1195,7.392,2.39,baseline — trained fixed gait,0.5,0,0,0,0,0,FR,1,0,-29.8591573,12.15867172,272.6755047,274.574823,0.02545022713,-0.004280360838,-0.004454269661,0.02618923573,,,,
1195,7.392,2.39,baseline — trained fixed gait,0.5,0,0,0,0,0,RL,1,0,43.79742033,-29.35719253,279.0956344,284.0324487,-0.001535396725,0.008932703482,-0.004068449219,0.009934934003,,,,
1195,7.392,2.39,baseline — trained fixed gait,0.5,0,0,0,0,0,RR,0,0,0,0,0,0,1.792625709,-0.2218620882,0.08144378746,1.80813794,,,,
1196,7.394,2.392,baseline — trained fixed gait,0.5,0,0,0,0,0,FL,0,0,0,0,0,0,1.775846503,0.2238654803,0.2002873914,1.801072345,,,,
1196,7.394,2.392,baseline — trained fixed gait,0.5,0,0,0,0,0,FR,1,0,-30.04176925,12.34719435,273.2649239,275.1884441,0.0267276807,-0.004683152938,-0.004991755408,0.02759018773,,,,
1196,7.394,2.392,baseline — trained fixed gait,0.5,0,0,0,0,0,RL,1,0,43.76811946,-29.82498595,281.2445247,286.1881562,-0.001537641009,0.009090259874,-0.004215805153,0.0101375627,,,,
1196,7.394,2.392,baseline — trained fixed gait,0.5,0,0,0,0,0,RR,0,0,0,0,0,0,1.770392733,-0.2113663744,0.0657626054,1.784177932,,,,
1197,7.396,2.394,baseline — trained fixed gait,0.5,0,0,0,0,0,FL,0,0,0,0,0,0,1.736202468,0.2096572821,0.1782852432,1.757879636,,,,
1197,7.396,2.394,baseline — trained fixed gait,0.5,0,0,0,0,0,FR,1,0,-30.13012478,12.5217461,273.7740864,275.7115683,0.0274875792,-0.004939752847,-0.005159314237,0.02840046992,,,,
1197,7.396,2.394,baseline — trained fixed gait,0.5,0,0,0,0,0,RL,1,0,43.75250857,-30.29239078,283.3790735,288.3324648,-0.00152271077,0.009229775941,-0.004295057253,0.01029344106,,,,
1197,7.396,2.394,baseline — trained fixed gait,0.5,0,0,0,0,0,RR,0,0,0,0,0,0,1.746727359,-0.2004651837,0.04976316679,1.758897135,,,,
1198,7.398,2.396,baseline — trained fixed gait,0.5,0,0,0,0,0,FL,0,0,0,0,0,0,1.699069489,0.1946370461,0.1609770309,1.71774105,,,,
1198,7.398,2.396,baseline — trained fixed gait,0.5,0,0,0,0,0,FR,1,0,-30.15681661,12.68713234,274.234637,276.1793494,0.02792775456,-0.005110262157,-0.005104359251,0.0288466417,,,,
1198,7.398,2.396,baseline — trained fixed gait,0.5,0,0,0,0,0,RL,1,0,43.74996684,-30.75894197,285.4968945,290.4628184,-0.001494773949,0.009356910436,-0.004330745797,0.0104183243,,,,
1198,7.398,2.396,baseline — trained fixed gait,0.5,0,0,0,0,0,RR,0,0,0,0,0,0,1.721994371,-0.1891741454,0.03381305808,1.732684274,,,,
1199,7.4,2.398,baseline — trained fixed gait,0.5,0,0,0,0,0,FL,0,0,0,0,0,0,1.663826743,0.1791259253,0.1473043373,1.679911931,,,,
1199,7.4,2.398,baseline — trained fixed gait,0.5,0,0,0,0,0,FR,1,0,-30.14398038,12.84589768,274.6670978,276.6146982,0.02817561248,-0.00523029705,-0.00492429936,0.0290769646,,,,
1199,7.4,2.398,baseline — trained fixed gait,0.5,0,0,0,0,0,RL,1,0,43.76000059,-31.22400932,287.5956679,292.5767329,-0.001456709272,0.00947502676,-0.00434045767,0.01052319851,,,,
1199,7.4,2.398,baseline — trained fixed gait,0.5,0,0,0,0,0,RR,0,0,0,0,0,0,1.696474537,-0.1775208274,0.01817318608,1.705834037,,,,
1200,7.402,2.4,baseline — trained fixed gait,0.5,0,0,0,0,0,FL,0,0,0,0,0,0,1.629992467,0.1633813851,0.1364132788,1.643830131,,,,
1200,7.402,2.4,baseline — trained fixed gait,0.5,0,0,0,0,0,FR,1,0,-37.73060966,15.44862439,287.6657802,290.540634,0.02830848308,-0.00532101862,-0.004685868833,0.02918288574,,,,
1200,7.402,2.4,baseline — trained fixed gait,0.5,0,0,0,0,0,RL,1,0,43.34650519,-31.60188316,290.4807439,295.392385,-0.00141040105,0.009586096792,-0.004336311516,0.01061537001,,,,
1200,7.402,2.4,baseline — trained fixed gait,0.5,0,0,0,0,0,RR,0,0,0,0,0,0,1.67038365,-0.1655405627,0.003021789985,1.678569137,,,,
1201,7.404,2.402,baseline — trained fixed gait,0.5,0,0,0,0,0,FL,0,0,0,0,0,0,1.579216167,0.1511101303,0.1021786458,1.589716468,,,,
1201,7.404,2.402,baseline — trained fixed gait,0.5,0,0,0,0,0,FR,1,0,-37.86438818,15.65815238,288.2064244,291.1045048,0.02949203487,-0.005734530789,-0.005313384921,0.0305106051,,,,
1201,7.404,2.402,baseline — trained fixed gait,0.5,0,0,0,0,0,RL,1,0,43.37714603,-32.05266001,292.4939065,297.4250076,-0.001291889857,0.009687119019,-0.004381534858,0.01071014015,,,,
1201,7.404,2.402,baseline — trained fixed gait,0.5,0,0,0,0,0,RR,0,0,0,0,0,0,1.640397217,-0.153341414,-0.01829388563,1.647650232,,,,
1202,7.406,2.404,baseline — trained fixed gait,0.5,0,0,0,0,0,FL,0,0,0,0,0,0,1.53400088,0.1372010401,0.077143588,1.542055109,,,,
1202,7.406,2.404,baseline — trained fixed gait,0.5,0,0,0,0,0,FR,1,0,-37.90711401,15.84984342,288.6693935,291.5787811,0.03019026124,-0.005995611446,-0.005528227521,0.03127236048,,,,
1202,7.406,2.404,baseline — trained fixed gait,0.5,0,0,0,0,0,RL,1,0,43.42406094,-32.49382515,294.47598,299.4287904,-0.001195033118,0.009785923719,-0.004397393911,0.01079488214,,,,
1202,7.406,2.404,baseline — trained fixed gait,0.5,0,0,0,0,0,RR,0,0,0,0,0,0,1.61150676,-0.1405945056,-0.03664143081,1.618043092,,,,
1203,7.408,2.406,baseline — trained fixed gait,0.5,0,0,0,0,0,FL,0,0,0,0,0,0,1.493058599,0.1222374486,0.05915810076,1.499221683,,,,
1203,7.408,2.406,baseline — trained fixed gait,0.5,0,0,0,0,0,FR,1,0,-37.89005313,16.0319367,289.086771,291.9997265,0.03058730777,-0.006166876216,-0.005493992193,0.03168276675,,,,
1203,7.408,2.406,baseline — trained fixed gait,0.5,0,0,0,0,0,RL,1,0,43.4855121,-32.92478166,296.4252863,301.4016944,-0.001109413343,0.009880512846,-0.00439718712,0.01087154941,,,,
1203,7.408,2.406,baseline — trained fixed gait,0.5,0,0,0,0,0,RR,0,0,0,0,0,0,1.583478542,-0.1274428797,-0.05250432627,1.589466164,,,,
1204,7.41,2.408,baseline — trained fixed gait,0.5,0,0,0,0,0,FL,0,0,0,0,0,0,1.455381527,0.106663956,0.04649907466,1.4600256,,,,
1204,7.41,2.408,baseline — trained fixed gait,0.5,0,0,0,0,0,FR,1,0,-37.83425332,16.20018047,289.4769341,292.3880503,0.03080255283,-0.00628594017,-0.005318570676,0.03188412612,,,,
1204,7.41,2.408,baseline — trained fixed gait,0.5,0,0,0,0,0,RL,1,0,43.56021308,-33.34990263,298.340323,303.3424739,-0.00102856138,0.009969977389,-0.004389534431,0.01094195596,,,,
1204,7.41,2.408,baseline — trained fixed gait,0.5,0,0,0,0,0,RR,0,0,0,0,0,0,1.556128492,-0.1140988232,-0.06629661631,1.561713695,,,,
1205,7.412,2.41,baseline — trained fixed gait,0.5,0,0,0,0,0,FL,0,0,0,0,0,0,1.420183485,0.0908530184,0.03779498975,1.423588375,,,,
1205,7.412,2.41,baseline — trained fixed gait,0.5,0,0,0,0,0,FR,1,0,-43.62732365,17.88075098,298.1300994,301.83542,0.03090937076,-0.00637403424,-0.005075096125,0.03196520161,,,,
1205,7.412,2.41,baseline — trained fixed gait,0.5,0,0,0,0,0,RL,1,0,44.22019407,-33.49196781,300.3976068,305.4764469,-0.0009488576559,0.01005437172,-0.004380109821,0.01100800089,,,,
1205,7.412,2.41,baseline — trained fixed gait,0.5,0,0,0,0,0,RR,0,0,0,0,0,0,1.529308282,-0.1005593061,-0.07835136486,1.534612307,,,,
1206,7.414,2.412,baseline — trained fixed gait,0.5,0,0,0,0,0,FL,0,0,0,0,0,0,1.365920741,0.07819679344,0.002041167663,1.368158754,,,,
1206,7.414,2.412,baseline — trained fixed gait,0.5,0,0,0,0,0,FR,1,0,-43.65397882,18.08168462,298.5594982,302.2753565,0.03179806202,-0.0066575173,-0.00538188841,0.03293029013,,,,
1206,7.414,2.412,baseline — trained fixed gait,0.5,0,0,0,0,0,RL,1,0,44.33434392,-33.93331795,302.1839197,307.2981052,-0.0009381291006,0.01010675662,-0.004384191727,0.01105657057,,,,
1206,7.414,2.412,baseline — trained fixed gait,0.5,0,0,0,0,0,RR,0,0,0,0,0,0,1.491327774,-0.08715091522,-0.1093559193,1.49786933,,,,
1207,7.416,2.414,baseline — trained fixed gait,0.5,0,0,0,0,0,FL,0,0,0,0,0,0,1.318394465,0.06380504004,-0.02281650894,1.320134706,,,,
1207,7.416,2.414,baseline — trained fixed gait,0.5,0,0,0,0,0,FR,1,0,-43.61540307,18.26812269,298.9388558,302.6556909,0.03231328995,-0.006841156788,-0.005422733372,0.03347172196,,,,
1207,7.416,2.414,baseline — trained fixed gait,0.5,0,0,0,0,0,RL,1,0,44.4563319,-34.35393443,303.9366964,309.0858678,-0.0008988247542,0.01017231502,-0.004383593599,0.01111304511,,,,
1207,7.416,2.414,baseline — trained fixed gait,0.5,0,0,0,0,0,RR,0,0,0,0,0,0,1.457402477,-0.07288648174,-0.1328497241,1.46525884,,,,
1208,7.418,2.416,baseline — trained fixed gait,0.5,0,0,0,0,0,FL,0,0,0,0,0,0,1.276087343,0.04835410813,-0.03942365357,1.277611541,,,,
1208,7.418,2.416,baseline — trained fixed gait,0.5,0,0,0,0,0,FR,1,0,-43.53472508,18.44324452,299.2920759,303.0035846,0.03259790652,-0.006966518226,-0.005312069188,0.03375461397,,,,
1208,7.418,2.416,baseline — trained fixed gait,0.5,0,0,0,0,0,RL,1,0,44.58737078,-34.75623651,305.6510528,310.8353193,-0.0008405319367,0.01024127134,-0.004382493724,0.01117123018,,,,
1208,7.418,2.416,baseline — trained fixed gait,0.5,0,0,0,0,0,RR,0,0,0,0,0,0,1.42660581,-0.058070788,-0.150451382,1.435692158,,,,
1209,7.42,2.418,baseline — trained fixed gait,0.5,0,0,0,0,0,FL,0,0,0,0,0,0,1.23780819,0.03236792787,-0.04988840864,1.239235914,,,,
1209,7.42,2.418,baseline — trained fixed gait,0.5,0,0,0,0,0,FR,1,0,-43.42748819,18.60878696,299.6340036,303.3360674,0.03274457762,-0.007057936215,-0.005122157895,0.03388596064,,,,
1209,7.42,2.418,baseline — trained fixed gait,0.5,0,0,0,0,0,RL,1,0,44.72828186,-35.14233781,307.3230495,312.5428928,-0.0007696153007,0.01030836312,-0.004383685565,0.01122815021,,,,
1209,7.42,2.418,baseline — trained fixed gait,0.5,0,0,0,0,0,RR,0,0,0,0,0,0,1.398205369,-0.04294211613,-0.1634699583,1.408383722,,,,
1210,7.422,2.42,baseline — trained fixed gait,0.5,0,0,0,0,0,FL,0,0,0,0,0,0,1.2026265,0.01624841893,-0.05587703697,1.204033534,,,,
1210,7.422,2.42,baseline — trained fixed gait,0.5,0,0,0,0,0,FR,1,0,-48.6674081,20.39419469,310.0290066,314.487559,0.0328089407,-0.007129791959,-0.004900874241,0.03393050385,,,,
1210,7.422,2.42,baseline — trained fixed gait,0.5,0,0,0,0,0,RL,1,0,45.1063296,-34.60630652,306.3787034,311.6088691,-0.0006899729932,0.01037099841,-0.004388532554,0.01128241502,,,,
1210,7.422,2.42,baseline — trained fixed gait,0.5,0,0,0,0,0,RR,0,0,0,0,0,0,1.371625095,-0.02768563329,-0.172958706,1.382764119,,,,
1211,7.424,2.422,baseline — trained fixed gait,0.5,0,0,0,0,0,FL,0,0,0,0,0,0,1.144840084,0.003155120252,-0.09600779648,1.148863034,,,,
1211,7.424,2.422,baseline — trained fixed gait,0.5,0,0,0,0,0,FR,1,0,-48.64865063,20.60150696,310.374175,314.8384376,0.03361618481,-0.007413410368,-0.005366410198,0.03483970282,,,,
1211,7.424,2.422,baseline — trained fixed gait,0.5,0,0,0,0,0,RL,1,0,45.28644028,-35.01607354,307.9274766,313.2033172,-0.0006486863807,0.01032366875,-0.004218984689,0.01117133663,,,,
1211,7.424,2.422,baseline — trained fixed gait,0.5,0,0,0,0,0,RR,0,0,0,0,0,0,1.329185232,-0.01281253417,-0.211299682,1.345936513,,,,
1212,7.426,2.424,baseline — trained fixed gait,0.5,0,0,0,0,0,FL,0,0,0,0,0,0,1.095230325,-0.011967817,-0.1229030118,1.102169607,,,,
1212,7.426,2.424,baseline — trained fixed gait,0.5,0,0,0,0,0,FR,1,0,-48.56933227,20.79210557,310.6730705,315.133382,0.03408565756,-0.00759520879,-0.005518527427,0.03535496277,,,,
1212,7.426,2.424,baseline — trained fixed gait,0.5,0,0,0,0,0,RL,1,0,45.46774033,-35.40094612,309.4453755,314.7649644,-0.0005907723694,0.01032632341,-0.004135607829,0.01113935453,,,,
1212,7.426,2.424,baseline — trained fixed gait,0.5,0,0,0,0,0,RR,0,0,0,0,0,0,1.293223828,0.003113881354,-0.2379557354,1.31493745,,,,
1213,7.428,2.426,baseline — trained fixed gait,0.5,0,0,0,0,0,FL,0,0,0,0,0,0,1.052008412,-0.02822803315,-0.1398184575,1.061634458,,,,
1213,7.428,2.426,baseline — trained fixed gait,0.5,0,0,0,0,0,FR,1,0,-48.45043737,20.9712037,310.9479812,315.397976,0.03434521029,-0.007717545193,-0.005484818613,0.03562635554,,,,
1213,7.428,2.426,baseline — trained fixed gait,0.5,0,0,0,0,0,RL,1,0,45.65289687,-35.75765553,310.9249597,316.2864643,-0.0005214529393,0.0103531706,-0.004109894623,0.01115129089,,,,
1213,7.428,2.426,baseline — trained fixed gait,0.5,0,0,0,0,0,RR,0,0,0,0,0,0,1.262242019,0.01966534187,-0.2556218371,1.288015592,,,,
1214,7.43,2.428,baseline — trained fixed gait,0.5,0,0,0,0,0,FL,0,0,0,0,0,0,1.013757979,-0.04510046332,-0.1493420589,1.025691153,,,,
1214,7.43,2.428,baseline — trained fixed gait,0.5,0,0,0,0,0,FR,1,0,-48.30650836,21.13885555,311.2130588,315.6484404,0.03447778676,-0.007805339879,-0.005347561149,0.03575244776,,,,
1214,7.43,2.428,baseline — trained fixed gait,0.5,0,0,0,0,0,RL,1,0,45.84412179,-36.09285623,312.3600896,317.7628099,-0.000443656974,0.01038891474,-0.00412166678,0.01118546012,,,,
1214,7.43,2.428,baseline — trained fixed gait,0.5,0,0,0,0,0,RR,0,0,0,0,0,0,1.235052485,0.03649188791,-0.2664596544,1.263996458,,,,
1215,7.432,2.43,baseline — trained fixed gait,0.5,0,0,0,0,0,FL,0,0,0,0,0,0,0.9793682935,-0.06211056768,-0.1535163533,0.9932709841,,,,
1215,7.432,2.43,baseline — trained fixed gait,0.5,0,0,0,0,0,FR,1,0,-51.00726741,21.78331246,316.5455709,321.3679394,0.03453371076,-0.007873142493,-0.005161340643,0.03579389598,,,,
1215,7.432,2.43,baseline — trained fixed gait,0.5,0,0,0,0,0,RL,1,0,47.31983347,-35.27011176,310.4662227,316.0259845,-0.0003596040742,0.01042576882,-0.004156809816,0.01122964997,,,,
1215,7.432,2.43,baseline — trained fixed gait,0.5,0,0,0,0,0,RR,0,0,0,0,0,0,1.210721616,0.05333900607,-0.2721906717,1.242086809,,,,
1216,7.434,2.432,baseline — trained fixed gait,0.5,0,0,0,0,0,FL,0,0,0,0,0,0,0.9178075815,-0.07589402821,-0.1998597235,0.9423770845,,,,
1216,7.434,2.432,baseline — trained fixed gait,0.5,0,0,0,0,0,FR,1,0,-50.87550663,21.97943269,316.7180229,321.5302765,0.03498022271,-0.008004307938,-0.005307190345,0.03627466328,,,,
1216,7.434,2.432,baseline — trained fixed gait,0.5,0,0,0,0,0,RL,1,0,47.56391646,-35.67595419,311.7548555,317.3738959,-0.0004520567067,0.01032935859,-0.003980841521,0.01107912918,,,,
1216,7.434,2.432,baseline — trained fixed gait,0.5,0,0,0,0,0,RR,0,0,0,0,0,0,1.161134733,0.06960109528,-0.324719807,1.207692483,,,,
1217,7.436,2.434,baseline — trained fixed gait,0.5,0,0,0,0,0,FL,0,0,0,0,0,0,0.8661483021,-0.09213593647,-0.2300202118,0.9008946719,,,,
1217,7.436,2.434,baseline — trained fixed gait,0.5,0,0,0,0,0,FR,1,0,-50.71483661,22.1633049,316.87927,321.6763568,0.0352332491,-0.008095781259,-0.005290861018,0.03653651224,,,,
1217,7.436,2.434,baseline — trained fixed gait,0.5,0,0,0,0,0,RL,1,0,47.79848899,-36.04177894,313.0220049,318.6949653,-0.0004740707415,0.01030172173,-0.003914785619,0.0110306736,,,,
1217,7.436,2.434,baseline — trained fixed gait,0.5,0,0,0,0,0,RR,0,0,0,0,0,0,1.121464924,0.0873692005,-0.3591741152,1.180814548,,,,
1218,7.438,2.436,baseline — trained fixed gait,0.5,0,0,0,0,0,FL,0,0,0,0,0,0,0.8222637104,-0.1098653453,-0.2480061131,0.8658493147,,,,
1218,7.438,2.436,baseline — trained fixed gait,0.5,0,0,0,0,0,FR,1,0,-50.53635594,22.33572104,317.0415221,321.8200342,0.03536611154,-0.008164579323,-0.005186692109,0.03666502388,,,,
1218,7.438,2.436,baseline — trained fixed gait,0.5,0,0,0,0,0,RL,1,0,48.02992133,-36.3726933,314.255636,319.9788289,-0.0004513558836,0.01030705981,-0.003918789686,0.01103612779,,,,
1218,7.438,2.436,baseline — trained fixed gait,0.5,0,0,0,0,0,RR,0,0,0,0,0,0,1.089418471,0.1060022464,-0.3798462028,1.158599249,,,,
1219,7.44,2.438,baseline — trained fixed gait,0.5,0,0,0,0,0,FL,0,0,0,0,0,0,0.7844700142,-0.1283344108,-0.2569998246,0.8354111766,,,,
1219,7.44,2.438,baseline — trained fixed gait,0.5,0,0,0,0,0,FR,1,0,-50.34720534,22.4972035,317.2118899,321.9694835,0.03542639191,-0.008220353342,-0.005040444488,0.03671524934,,,,
1219,7.44,2.438,baseline — trained fixed gait,0.5,0,0,0,0,0,RL,1,0,48.26265374,-36.67358905,315.4468357,321.2179043,-0.0004007494684,0.01032529145,-0.003966150388,0.01106808893,,,,
1219,7.44,2.438,baseline — trained fixed gait,0.5,0,0,0,0,0,RR,0,0,0,0,0,0,1.063179333,0.1250126724,-0.3901672967,1.139389741,,,,
1220,7.442,2.44,baseline — trained fixed gait,0.5,0,0,0,0,0,FL,0,0,0,0,0,0,0.7514378546,-0.1469738624,-0.2595050957,0.8084572099,,,,
1220,7.442,2.44,baseline — trained fixed gait,0.5,0,0,0,0,0,FR,1,0,-51.0595912,23.25655544,324.5252605,329.3396331,0.03544239059,-0.008268711648,-0.004881232717,0.03672003644,,,,
1220,7.442,2.44,baseline — trained fixed gait,0.5,0,0,0,0,0,RL,1,0,48.17105499,-35.18774976,310.6451563,316.3211049,-0.0003324646206,0.0103457799,-0.004038495547,0.01111103689,,,,
1220,7.442,2.44,baseline — trained fixed gait,0.5,0,0,0,0,0,RR,0,0,0,0,0,0,1.041313152,0.144033707,-0.3928590445,1.122237506,,,,
1221,7.444,2.442,baseline — trained fixed gait,0.5,0,0,0,0,0,FL,0,0,0,0,0,0,0.689679676,-0.1620528221,-0.310016939,0.7733237841,,,,
1221,7.444,2.442,baseline — trained fixed gait,0.5,0,0,0,0,0,FR,1,0,-53.01977183,24.07906215,323.6004358,328.7980223,0.03563226498,-0.008397429144,-0.005212957362,0.03697769663,,,,
1221,7.444,2.442,baseline — trained fixed gait,0.5,0,0,0,0,0,RL,1,0,48.43276745,-35.53055683,311.7236956,317.4583686,-0.0002431972498,0.01015604159,-0.00371768279,0.01081783208,,,,
1221,7.444,2.442,baseline — trained fixed gait,0.5,0,0,0,0,0,RR,0,0,0,0,0,0,0.9883647981,0.1617806955,-0.4537248141,1.099501785,,,,
1222,7.446,2.444,baseline — trained fixed gait,0.5,0,0,0,0,0,FL,0,0,0,0,0,0,0.6393579108,-0.1798073179,-0.341590472,0.746855582,,,,
1222,7.446,2.444,baseline — trained fixed gait,0.5,0,0,0,0,0,FR,1,0,-52.71890232,24.32495211,323.537013,328.705316,0.03582366443,-0.008771894533,-0.003978547615,0.03709595542,,,,
1222,7.446,2.444,baseline — trained fixed gait,0.5,0,0,0,0,0,RL,1,0,48.69088001,-35.87611956,312.7764163,318.5702189,-0.0001578255957,0.01006617191,-0.003587882805,0.01068763907,,,,
1222,7.446,2.444,baseline — trained fixed gait,0.5,0,0,0,0,0,RR,0,0,0,0,0,0,0.9480476249,0.1812559631,-0.491244687,1.083037103,,,,
1223,7.448,2.446,baseline — trained fixed gait,0.5,0,0,0,0,0,FL,0,0,0,0,0,0,0.598022404,-0.1992951855,-0.3589813958,0.7254081673,,,,
1223,7.448,2.446,baseline — trained fixed gait,0.5,0,0,0,0,0,FR,1,0,-52.43717208,24.53497859,323.5187615,328.6578939,0.03590983034,-0.009011147431,-0.003097146502,0.03715251014,,,,
1223,7.448,2.446,baseline — trained fixed gait,0.5,0,0,0,0,0,RL,1,0,48.94496802,-36.17840937,313.8004795,319.648601,-7.691252844e-05,0.01003186973,-0.003580471412,0.01065195294,,,,
1223,7.448,2.446,baseline — trained fixed gait,0.5,0,0,0,0,0,RR,0,0,0,0,0,0,0.9174235854,0.2017107322,-0.5111164566,1.069389212,,,,
1224,7.45,2.448,baseline — trained fixed gait,0.5,0,0,0,0,0,FL,0,0,0,0,0,0,0.5637299654,-0.2196433303,-0.3659502154,0.7070744138,,,,
1224,7.45,2.448,baseline — trained fixed gait,0.5,0,0,0,0,0,FR,1,0,-52.17157496,24.71846992,323.542643,328.6528835,0.03593608552,-0.009170155239,-0.002475576191,0.0371701825,,,,
1224,7.45,2.448,baseline — trained fixed gait,0.5,0,0,0,0,0,RL,1,0,49.19890312,-36.44392531,314.7859024,320.6849796,2.968076555e-06,0.01002245769,-0.0036472976,0.01066547921,,,,
1224,7.45,2.448,baseline — trained fixed gait,0.5,0,0,0,0,0,RR,0,0,0,0,0,0,0.8941706206,0.2225413829,-0.5178875694,1.057011495,,,,
1225,7.452,2.45,baseline — trained fixed gait,0.5,0,0,0,0,0,FL,0,0,0,0,0,0,0.5349394643,-0.2401886242,-0.365448512,0.6909438621,,,,
1225,7.452,2.45,baseline — trained fixed gait,0.5,0,0,0,0,0,FR,1,0,-50.35719791,24.63995825,327.2054892,331.9735036,0.03592957045,-0.009281122866,-0.002041226284,0.0371650357,,,,
1225,7.452,2.45,baseline — trained fixed gait,0.5,0,0,0,0,0,RL,1,0,48.26893836,-34.46538721,308.0873395,313.7444216,8.349349587e-05,0.01002142547,-0.003755959246,0.01070248427,,,,
1225,7.452,2.45,baseline — trained fixed gait,0.5,0,0,0,0,0,RR,0,0,0,0,0,0,0.8764497086,0.243297609,-0.515148836,1.045340204,,,,
1226,7.454,2.452,baseline — trained fixed gait,0.5,0,0,0,0,0,FL,0,0,0,0,0,0,0.4711267701,-0.255941078,-0.4244391865,0.6838237287,,,,
1226,7.454,2.452,baseline — trained fixed gait,0.5,0,0,0,0,0,FR,1,0,-50.06395883,24.83373931,327.0438032,331.7842127,0.03576962884,-0.009336748684,-0.001981991894,0.03702120359,,,,
1226,7.454,2.452,baseline — trained fixed gait,0.5,0,0,0,0,0,RL,1,0,48.54728714,-34.86060761,308.9773424,314.704781,0.00028183428,0.009756629341,-0.003364929857,0.01032443701,,,,
1226,7.454,2.452,baseline — trained fixed gait,0.5,0,0,0,0,0,RR,0,0,0,0,0,0,0.8179365841,0.2622217052,-0.5860801877,1.039841558,,,,
1227,7.456,2.454,baseline — trained fixed gait,0.5,0,0,0,0,0,FL,0,0,0,0,0,0,0.4211752813,-0.2752437418,-0.4601216435,0.6818061761,,,,
1227,7.456,2.454,baseline — trained fixed gait,0.5,0,0,0,0,0,FR,1,0,-49.79004172,25.01244269,326.9254149,331.6397103,0.03566450549,-0.009381616569,-0.001895799348,0.03692649099,,,,
1227,7.456,2.454,baseline — trained fixed gait,0.5,0,0,0,0,0,RL,1,0,48.81462644,-35.19758672,309.8598048,315.6498637,0.0004241193998,0.009628012506,-0.003220835342,0.01016131302,,,,
1227,7.456,2.454,baseline — trained fixed gait,0.5,0,0,0,0,0,RR,0,0,0,0,0,0,0.7751438721,0.2832291852,-0.6277562036,1.036891819,,,,
1228,7.458,2.456,baseline — trained fixed gait,0.5,0,0,0,0,0,FL,0,0,0,0,0,0,0.3821110696,-0.2967162049,-0.4783858761,0.6803693278,,,,
1228,7.458,2.456,baseline — trained fixed gait,0.5,0,0,0,0,0,FR,1,0,-49.53018479,25.17671412,326.8440669,331.5330303,0.03559327726,-0.009419886304,-0.001801009646,0.03686270853,,,,
1228,7.458,2.456,baseline — trained fixed gait,0.5,0,0,0,0,0,RL,1,0,49.07611809,-35.483214,310.7212826,316.5679063,0.0005333033709,0.009567770578,-0.003233287087,0.01011339664,,,,
1228,7.458,2.456,baseline — trained fixed gait,0.5,0,0,0,0,0,RR,0,0,0,0,0,0,0.7444484999,0.3053565972,-0.6474746309,1.032796988,,,,
1229,7.46,2.458,baseline — trained fixed gait,0.5,0,0,0,0,0,FL,0,0,0,0,0,0,0.3515626985,-0.3192969552,-0.4838937273,0.678011811,,,,
1229,7.46,2.458,baseline — trained fixed gait,0.5,0,0,0,0,0,FR,1,0,-49.28020277,25.32745627,326.7954697,331.4593451,0.03554090777,-0.009454079493,-0.001710124054,0.036816576,,,,
1229,7.46,2.458,baseline — trained fixed gait,0.5,0,0,0,0,0,RL,1,0,49.33567138,-35.72524987,311.5504063,317.4491418,0.0006246972228,0.009538759154,-0.003339124369,0.01012560736,,,,
1229,7.46,2.458,baseline — trained fixed gait,0.5,0,0,0,0,0,RR,0,0,0,0,0,0,0.7229701611,0.3278793054,-0.6510329548,1.026661873,,,,
1230,7.462,2.46,baseline — trained fixed gait,0.5,0,0,0,0,0,FL,0,0,0,0,0,0,0.3276414893,-0.3421797069,-0.4802985156,0.6746277206,,,,
1230,7.462,2.46,baseline — trained fixed gait,0.5,0,0,0,0,0,FR,1,0,-46.12579906,24.20530711,324.2926966,328.4497516,0.03549796737,-0.00948564988,-0.001629843905,0.03677960892,,,,
1230,7.462,2.46,baseline — trained fixed gait,0.5,0,0,0,0,0,RL,1,0,47.9144543,-32.68986235,301.2951673,306.8276387,0.0007071607787,0.009521033349,-0.003496038936,0.01016722384,,,,
1230,7.462,2.46,baseline — trained fixed gait,0.5,0,0,0,0,0,RR,0,0,0,0,0,0,0.708420345,0.35025917,-0.6429930609,1.0188135,,,,
1231,7.464,2.462,baseline — trained fixed gait,0.5,0,0,0,0,0,FL,0,0,0,0,0,0,0.2585141982,-0.3588211424,-0.5516488579,0.7070351231,,,,
1231,7.464,2.462,baseline — trained fixed gait,0.5,0,0,0,0,0,FR,1,0,-45.78030994,24.34094602,323.9764687,328.0991782,0.03511484397,-0.009364257334,-0.001397608141,0.03636887255,,,,
1231,7.464,2.462,baseline — trained fixed gait,0.5,0,0,0,0,0,RL,1,0,46.23209233,-33.62306655,301.047714,306.4272232,0.0009562879475,0.009113635244,-0.002927533036,0.009619941979,,,,
1231,7.464,2.462,baseline — trained fixed gait,0.5,0,0,0,0,0,RR,0,0,0,0,0,0,0.6416168013,0.3700690506,-0.7302855927,1.040163578,,,,
1232,7.466,2.464,baseline — trained fixed gait,0.5,0,0,0,0,0,FL,0,0,0,0,0,0,0.2067646606,-0.379950143,-0.5936295769,0.7345133155,,,,
1232,7.466,2.464,baseline — trained fixed gait,0.5,0,0,0,0,0,FR,1,0,-45.47178326,24.5124262,323.7336519,327.8292535,0.03487651946,-0.009295563011,-0.001242422364,0.03611540827,,,,
1232,7.466,2.464,baseline — trained fixed gait,0.5,0,0,0,0,0,RL,1,0,46.56192464,-34.03636685,301.7180882,307.1812036,0.001295067964,0.009043304088,-0.001696739085,0.009291796025,,,,
1232,7.466,2.464,baseline — trained fixed gait,0.5,0,0,0,0,0,RR,0,0,0,0,0,0,0.5948804698,0.39238534,-0.7800661566,1.056575713,,,,
1233,7.468,2.466,baseline — trained fixed gait,0.5,0,0,0,0,0,FL,0,0,0,0,0,0,0.1686266745,-0.4038875781,-0.6137222811,0.7538004838,,,,
1233,7.468,2.466,baseline — trained fixed gait,0.5,0,0,0,0,0,FR,1,0,-45.19283913,24.67275222,323.5525734,327.6238776,0.03472512607,-0.009264556893,-0.001142968148,0.03595793058,,,,
1233,7.468,2.466,baseline — trained fixed gait,0.5,0,0,0,0,0,RL,1,0,46.86215875,-34.37044887,302.4124036,307.9458581,0.001511518004,0.00901998356,-0.001043765519,0.009205120128,,,,
1233,7.468,2.466,baseline — trained fixed gait,0.5,0,0,0,0,0,RR,0,0,0,0,0,0,0.5636134931,0.4161447351,-0.8018330964,1.064787737,,,,
1234,7.47,2.468,baseline — trained fixed gait,0.5,0,0,0,0,0,FL,0,0,0,0,0,0,0.1411698802,-0.4292777757,-0.6178887123,0.7655029749,,,,
1234,7.47,2.468,baseline — trained fixed gait,0.5,0,0,0,0,0,FR,1,0,-44.93389343,24.82002977,323.4224203,327.4708393,0.0346241988,-0.009255651259,-0.001086327035,0.03585641267,,,,
1234,7.47,2.468,baseline — trained fixed gait,0.5,0,0,0,0,0,RL,1,0,47.14345993,-34.64207654,303.1087843,308.702955,0.001656796758,0.009011657398,-0.0007678175999,0.009194807689,,,,
1234,7.47,2.468,baseline — trained fixed gait,0.5,0,0,0,0,0,RR,0,0,0,0,0,0,0.5441495615,0.4404517332,-0.8031164936,1.065407235,,,,
1235,7.472,2.47,baseline — trained fixed gait,0.5,0,0,0,0,0,FL,0,0,0,0,0,0,0.1219417592,-0.4551459116,-0.6107045235,0.7713543988,,,,
1235,7.472,2.47,baseline — trained fixed gait,0.5,0,0,0,0,0,FR,1,0,-41.43264735,25.73005637,317.1403127,320.8686304,0.03455161858,-0.009259463174,-0.001062253817,0.03578659508,,,,
1235,7.472,2.47,baseline — trained fixed gait,0.5,0,0,0,0,0,RL,1,0,44.37246663,-30.14582371,288.7916292,293.7316659,0.001763168748,0.009003383154,-0.0007287964816,0.009203304655,,,,
1235,7.472,2.47,baseline — trained fixed gait,0.5,0,0,0,0,0,RR,0,0,0,0,0,0,0.5335644622,0.4646384755,-0.7898257829,1.060379515,,,,
1236,7.474,2.472,baseline — trained fixed gait,0.5,0,0,0,0,0,FL,0,0,0,0,0,0,0.0516671181,-0.4739496806,-0.6868628693,0.836109079,,,,
1236,7.474,2.472,baseline — trained fixed gait,0.5,0,0,0,0,0,FR,1,0,-41.04330324,25.90357504,316.7576598,320.4543072,0.03406629247,-0.009390396658,-0.0006551374267,0.03534290647,,,,
1236,7.474,2.472,baseline — trained fixed gait,0.5,0,0,0,0,0,RL,1,0,44.68074926,-30.70006956,289.3296947,294.3646308,0.002198741107,0.008417888853,0.0001796350046,0.008702159728,,,,
1236,7.474,2.472,baseline — trained fixed gait,0.5,0,0,0,0,0,RR,0,0,0,0,0,0,0.4539692452,0.4860484503,-0.9002811108,1.119302126,,,,
1237,7.476,2.474,baseline — trained fixed gait,0.5,0,0,0,0,0,FL,0,0,0,0,0,0,0.001696395318,-0.4978288248,-0.7291426242,0.8828846941,,,,
1237,7.476,2.474,baseline — trained fixed gait,0.5,0,0,0,0,0,FR,1,0,-40.71718645,26.05814053,316.488218,320.1588794,0.03375494686,-0.009470245979,-0.0004407246981,0.03506103584,,,,
1237,7.476,2.474,baseline — trained fixed gait,0.5,0,0,0,0,0,RL,1,0,44.95954182,-31.15915781,289.9157741,295.031201,0.002466097763,0.008118198862,0.0005412163288,0.008501747235,,,,
1237,7.476,2.474,baseline — trained fixed gait,0.5,0,0,0,0,0,RR,0,0,0,0,0,0,0.4005658689,0.5108431163,-0.9619289495,1.160483093,,,,
1238,7.478,2.476,baseline — trained fixed gait,0.5,0,0,0,0,0,FL,0,0,0,0,0,0,-0.03234580157,-0.5247497442,-0.7464179394,0.9129886555,,,,
1238,7.478,2.476,baseline — trained fixed gait,0.5,0,0,0,0,0,FR,1,0,-40.43454092,26.1958894,316.3078275,319.9559633,0.03355213734,-0.009519908791,-0.0003548744868,0.0348783675,,,,
1238,7.478,2.476,baseline — trained fixed gait,0.5,0,0,0,0,0,RL,1,0,45.21855383,-31.53596398,290.5254376,295.709764,0.002633770197,0.007967345298,0.0005553581252,0.008409741922,,,,
1238,7.478,2.476,baseline — trained fixed gait,0.5,0,0,0,0,0,RR,0,0,0,0,0,0,0.367367137,0.5375311339,-0.9873187502,1.182665062,,,,
1239,7.48,2.478,baseline — trained fixed gait,0.5,0,0,0,0,0,FL,0,0,0,0,0,0,-0.05407283765,-0.5532120529,-0.7455874772,0.9299828672,,,,
1239,7.48,2.478,baseline — trained fixed gait,0.5,0,0,0,0,0,FR,1,0,-40.2691502,26.63574716,316.502017,320.1633868,0.0334145822,-0.009551954545,-0.0003553211027,0.03475486142,,,,
1239,7.48,2.478,baseline — trained fixed gait,0.5,0,0,0,0,0,RL,1,0,43.02107127,-34.07603995,290.2974682,295.4396877,0.002745265319,0.007890053881,0.0003602944303,0.008361772778,,,,
1239,7.48,2.478,baseline — trained fixed gait,0.5,0,0,0,0,0,RR,1,1,-177.9422561,-103.1835868,270.8854469,340.131187,0.3495955193,0.5649947473,-0.9863805974,1.189278258,0.367367137,0.5375311339,-0.9873187502,1.182665062
1240,7.482,2.48,baseline — trained fixed gait,0.5,0,0,0,0,0,FL,0,0,0,0,0,0,-0.06637495825,-0.5880404505,-0.7315944062,0.9409716158,,,,
1240,7.482,2.48,baseline — trained fixed gait,0.5,0,0,0,0,0,FR,1,0,-37.49463699,30.62510787,301.2911336,305.1558491,0.03330029423,-0.009683347396,-0.0004195905415,0.03468216932,,,,
1240,7.482,2.48,baseline — trained fixed gait,0.5,0,0,0,0,0,RL,1,0,35.61043638,-25.17583492,278.9407587,282.3293692,0.002871956336,0.008097362483,0.001770316216,0.008772082528,,,,
1240,7.482,2.48,baseline — trained fixed gait,0.5,0,0,0,0,0,RR,1,0,-130.9543036,-58.72398875,282.6208231,316.9732893,0.2370731439,0.3468013642,-0.5439266638,0.6872634701,,,,
1241,7.484,2.482,baseline — trained fixed gait,0.5,0,0,0,0,0,FL,0,0,0,0,0,0,-0.1387137396,-0.6054670838,-0.81816567,1.027242403,,,,
1241,7.484,2.482,baseline — trained fixed gait,0.5,0,0,0,0,0,FR,1,0,-37.06081255,31.15411622,301.1577436,305.0247028,0.03278132595,-0.0102809544,0.0004831213374,0.03435908557,,,,
1241,7.484,2.482,baseline — trained fixed gait,0.5,0,0,0,0,0,RL,1,0,35.86692758,-23.12767075,278.8330247,282.0800974,0.004227257919,0.007265214806,0.003337855105,0.009044021915,,,,
1241,7.484,2.482,baseline — trained fixed gait,0.5,0,0,0,0,0,RR,1,0,-94.10406492,-32.65425017,246.2957679,265.6755171,0.1540650147,0.2080604308,-0.2773107676,0.3793763743,,,,
1242,7.486,2.484,baseline — trained fixed gait,0.5,0,0,0,0,0,FL,0,0,0,0,0,0,-0.1872257191,-0.6244502125,-0.865325606,1.083411253,,,,
1242,7.486,2.484,baseline — trained fixed gait,0.5,0,0,0,0,0,FR,1,0,-36.61129172,31.73238873,301.0365238,304.9103472,0.0324018242,-0.01067173816,0.0009058992577,0.03412601442,,,,
1242,7.486,2.484,baseline — trained fixed gait,0.5,0,0,0,0,0,RL,1,0,36.23517122,-21.5127304,278.2270115,281.400169,0.00518716677,0.006608907326,0.004167328571,0.009378218518,,,,
1242,7.486,2.484,baseline — trained fixed gait,0.5,0,0,0,0,0,RR,1,0,-70.24949246,-16.48675729,222.4604733,233.8706192,0.1031532192,0.1238373355,-0.1103889391,0.195350941,,,,
1243,7.488,2.486,baseline — trained fixed gait,0.5,0,0,0,0,0,FL,0,0,0,0,0,0,-0.2176149511,-0.6451181287,-0.8840942788,1.115865745,,,,
1243,7.488,2.486,baseline — trained fixed gait,0.5,0,0,0,0,0,FR,1,0,-36.15006422,32.31007133,300.9341925,304.8149538,0.03209805403,-0.01094859264,0.001026489117,0.03392949209,,,,
1243,7.488,2.486,baseline — trained fixed gait,0.5,0,0,0,0,0,RL,1,0,36.66484432,-20.15471966,277.174445,280.31446,0.005873579619,0.006060850255,0.004550416632,0.009588489708,,,,
1243,7.488,2.486,baseline — trained fixed gait,0.5,0,0,0,0,0,RR,1,0,-54.90780153,-6.503108664,206.8363946,214.0991622,0.07212986885,0.07276630334,-0.008096024846,0.1027774221,,,,
1244,7.49,2.488,baseline — trained fixed gait,0.5,0,0,0,0,0,FL,0,0,0,0,0,0,-0.2344625679,-0.6672348594,-0.8828910543,1.131225737,,,,
1244,7.49,2.488,baseline — trained fixed gait,0.5,0,0,0,0,0,FR,1,0,-35.6823423,32.87640693,300.8610712,304.7482106,0.03183451716,-0.01115915601,0.0009601318444,0.03374737173,,,,
1244,7.49,2.488,baseline — trained fixed gait,0.5,0,0,0,0,0,RL,1,0,37.15036419,-18.99012055,275.9338139,279.0703206,0.006381620389,0.005594365243,0.004681974439,0.009692413833,,,,
1244,7.49,2.488,baseline — trained fixed gait,0.5,0,0,0,0,0,RR,1,0,-44.66474896,-0.261961786,195.8950845,200.9226034,0.05280289895,0.04185141458,0.05240504078,0.08535792488,,,,
1245,7.492,2.49,baseline — trained fixed gait,0.5,0,0,0,0,0,FL,0,0,0,0,0,0,-0.2413276261,-0.6904035142,-0.8681959992,1.135191759,,,,
1245,7.492,2.49,baseline — trained fixed gait,0.5,0,0,0,0,0,FR,1,0,-29.16178722,43.04385962,285.8825295,290.5718574,0.03159065868,-0.01133066406,0.0007823284953,0.03357030983,,,,
1245,7.492,2.49,baseline — trained fixed gait,0.5,0,0,0,0,0,RL,1,0,23.40108609,-12.42400067,266.1681579,267.48356,0.006772755192,0.005197804306,0.004671154491,0.009731755585,,,,
1245,7.492,2.49,baseline — trained fixed gait,0.5,0,0,0,0,0,RR,1,0,-28.25728032,7.697120308,255.5231347,257.1960185,0.04094244343,0.02318105486,0.08576030626,0.09781858263,,,,
1246,7.494,2.492,baseline — trained fixed gait,0.5,0,0,0,0,0,FL,0,0,0,0,0,0,-0.3061485847,-0.7176085456,-0.9457185182,1.225998571,,,,
1246,7.494,2.492,baseline — trained fixed gait,0.5,0,0,0,0,0,FR,1,0,-28.44565804,43.66039883,285.5625979,290.2781135,0.03049233108,-0.01271362554,0.001504318999,0.03307085582,,,,
1246,7.494,2.492,baseline — trained fixed gait,0.5,0,0,0,0,0,RL,1,0,23.86407806,-11.4888431,263.7366107,265.0631765,0.009185873215,0.004066422171,0.005145459111,0.01128679784,,,,
1246,7.494,2.492,baseline — trained fixed gait,0.5,0,0,0,0,0,RR,1,0,-23.57996373,9.752770734,249.4376755,250.7394767,0.03291862749,0.01147805704,0.09712835964,0.103195446,,,,
1247,7.496,2.494,baseline — trained fixed gait,0.5,0,0,0,0,0,FL,0,0,0,0,0,0,-0.3475692917,-0.7502111676,-0.985820173,1.286647824,,,,
1247,7.496,2.494,baseline — trained fixed gait,0.5,0,0,0,0,0,FR,1,0,-27.80916324,44.16491704,285.3863366,290.119373,0.02972125132,-0.01355462024,0.001755665253,0.03271334392,,,,
1247,7.496,2.494,baseline — trained fixed gait,0.5,0,0,0,0,0,RL,1,0,24.39825314,-10.59928645,261.0815728,262.4332435,0.01075070201,0.003299070932,0.005387151467,0.01246927679,,,,
1247,7.496,2.494,baseline — trained fixed gait,0.5,0,0,0,0,0,RR,1,0,-20.22567933,10.93344285,244.4245459,245.5035172,0.02834948363,0.004568711599,0.09966319427,0.1037174944,,,,
1248,7.498,2.496,baseline — trained fixed gait,0.5,0,0,0,0,0,FL,0,0,0,0,0,0,-0.3712205999,-0.7863275276,-0.9990376076,1.32445908,,,,
1248,7.498,2.496,baseline — trained fixed gait,0.5,0,0,0,0,0,FR,1,0,-27.22496577,44.59268223,285.3148859,290.0591149,0.02915625696,-0.01406874887,0.001708986602,0.03241816852,,,,
1248,7.498,2.496,baseline — trained fixed gait,0.5,0,0,0,0,0,RL,1,0,24.96885308,-9.729128811,258.2537658,259.6403419,0.01179349994,0.002747695357,0.005485261812,0.01329377929,,,,
1248,7.498,2.496,baseline — trained fixed gait,0.5,0,0,0,0,0,RR,1,0,-17.71749271,11.56022463,239.971216,240.9019154,0.02591683625,0.0005631921274,0.09685812134,0.1002671195,,,,
1249,7.5,2.498,baseline — trained fixed gait,0.5,0,0,0,0,0,FL,0,0,0,0,0,0,-0.3815159484,-0.8244812753,-0.9935566551,1.346283261,,,,
1249,7.5,2.498,baseline — trained fixed gait,0.5,0,0,0,0,0,FR,1,0,-26.67459638,44.96573398,285.3219421,290.0725115,0.02871723572,-0.01438580274,0.001478126539,0.03215300617,,,,
1249,7.5,2.498,baseline — trained fixed gait,0.5,0,0,0,0,0,RL,1,0,25.55419816,-8.859845721,255.2818382,256.7105975,0.01252443102,0.002327673414,0.005507727081,0.01387856237,,,,
1249,7.5,2.498,baseline — trained fixed gait,0.5,0,0,0,0,0,RR,1,0,-15.75154524,11.87071954,235.9730321,236.7958975,0.02479352953,-0.001683441312,0.09100817418,0.09434002782,,,,
1250,7.502,2.5,baseline — trained fixed gait,0.5,0,0,0,0,0,FL,0,0,0,0,0,0,-0.3820563746,-0.8635962973,-0.9755233017,1.357722855,,,,
1250,7.502,2.5,baseline — trained fixed gait,0.5,0,0,0,0,0,FR,1,0,-23.72246022,52.56195761,265.1180583,271.3173406,0.0283551455,-0.01458341625,0.001141103165,0.03190599351,,,,
1250,7.502,2.5,baseline — trained fixed gait,0.5,0,0,0,0,0,RL,1,0,13.18887053,-1.76680429,232.2133222,232.5942711,0.01306809417,0.001987348292,0.005495671953,0.01431527327,,,,
1250,7.502,2.5,baseline — trained fixed gait,0.5,0,0,0,0,0,RR,1,0,3.317811852,12.65822156,260.9592231,261.2871113,0.02446477609,-0.002869701938,0.08358883629,0.08714272208,,,,
1251,7.504,2.502,baseline — trained fixed gait,0.5,0,0,0,0,0,FL,0,0,0,0,0,0,-0.4750898827,-0.8991315783,-1.08744724,1.488855095,,,,
1251,7.504,2.502,baseline — trained fixed gait,0.5,0,0,0,0,0,FR,1,0,-23.04468205,52.98060745,264.9575475,271.1835248,0.02765829241,-0.01566096315,0.002082021575,0.03185249942,,,,
1251,7.504,2.502,baseline — trained fixed gait,0.5,0,0,0,0,0,RL,1,0,13.71050884,-1.125156185,228.7191174,229.1324479,0.01526304384,0.000792566212,0.006816146469,0.01673465031,,,,
1251,7.504,2.502,baseline — trained fixed gait,0.5,0,0,0,0,0,RR,1,0,4.793118864,12.16722664,257.5674295,257.8991976,0.02225307727,-0.003498165756,0.07366573287,0.07703295925,,,,
1252,7.506,2.504,baseline — trained fixed gait,0.5,0,0,0,0,0,FL,0,0,0,0,0,0,-0.5352734308,-0.9414476034,-1.148389953,1.57849318,,,,
1252,7.506,2.504,baseline — trained fixed gait,0.5,0,0,0,0,0,FR,1,0,-22.4483603,53.30216577,264.9535437,271.192607,0.0271355386,-0.01629548015,0.002388367409,0.0317424704,,,,
1252,7.506,2.504,baseline — trained fixed gait,0.5,0,0,0,0,0,RL,1,0,14.24497784,-0.4584406555,225.1338408,225.5845204,0.0166894565,1.73539946e-05,0.007517499905,0.01830440013,,,,
1252,7.506,2.504,baseline — trained fixed gait,0.5,0,0,0,0,0,RR,1,0,6.076213779,11.66117484,254.1779845,254.5178799,0.02125229021,-0.003670864005,0.06455389023,0.06806129462,,,,
1253,7.508,2.506,baseline — trained fixed gait,0.5,0,0,0,0,0,FL,0,0,0,0,0,0,-0.5703595865,-0.9879031454,-1.172389321,1.635774863,,,,
1253,7.508,2.506,baseline — trained fixed gait,0.5,0,0,0,0,0,FR,1,0,-21.90704621,53.55948251,265.0635812,271.3065405,0.02672801719,-0.0166641335,0.002290398738,0.03158047142,,,,
1253,7.508,2.506,baseline — trained fixed gait,0.5,0,0,0,0,0,RL,1,0,14.80044248,0.2546252239,221.43248,221.9267021,0.01764528957,-0.0005203793242,0.007811468681,0.01930404314,,,,
1253,7.508,2.506,baseline — trained fixed gait,0.5,0,0,0,0,0,RR,1,0,7.249950813,11.16792193,250.7287014,251.0819905,0.02097071391,-0.003579525974,0.05630309135,0.06018822098,,,,
1254,7.51,2.508,baseline — trained fixed gait,0.5,0,0,0,0,0,FL,0,0,0,0,0,0,-0.5865086738,-1.036523765,-1.170336418,1.669748864,,,,
1254,7.51,2.508,baseline — trained fixed gait,0.5,0,0,0,0,0,FR,1,0,-21.40215435,53.7828694,265.258582,271.5009476,0.02639651012,-0.01687246854,0.001946376071,0.03138860177,,,,
1254,7.51,2.508,baseline — trained fixed gait,0.5,0,0,0,0,0,RL,1,0,15.31180526,0.9984137123,217.7246527,218.2646847,0.0183162858,-0.0009244391032,0.007856444236,0.01995155707,,,,
1254,7.51,2.508,baseline — trained fixed gait,0.5,0,0,0,0,0,RR,1,0,8.36328996,10.68941539,247.1897341,247.5620586,0.02109595077,-0.003339962881,0.04888903659,0.05335102989,,,,
1255,7.512,2.51,baseline — trained fixed gait,0.5,0,0,0,0,0,FL,1,1,-62.79440493,178.5601178,303.1750756,357.4100997,-0.5885563741,-1.085817003,-1.150608166,1.687985878,-0.5865086738,-1.036523765,-1.170336418,1.669748864
1255,7.512,2.51,baseline — trained fixed gait,0.5,0,0,0,0,0,FR,1,0,-25.95488474,64.34715571,228.6083575,238.9058259,0.02611441137,-0.01698421823,0.001464782676,0.03118608245,,,,
1255,7.512,2.51,baseline — trained fixed gait,0.5,0,0,0,0,0,RL,1,0,1.271053163,13.54342652,170.9558585,171.4961969,0.0188195534,-0.00125353123,0.007751009921,0.02039178966,,,,
1255,7.512,2.51,baseline — trained fixed gait,0.5,0,0,0,0,0,RR,1,0,22.35626442,5.981761873,253.7639465,254.8170413,0.02144209273,-0.00301988464,0.04226570307,0.04748971152,,,,
1256,7.514,2.512,baseline — trained fixed gait,0.5,0,0,0,0,0,FL,1,0,-49.61465851,108.7130705,265.1221538,290.8090481,-0.3334090055,-0.6543384099,-0.6389499591,0.9734358581,,,,
1256,7.514,2.512,baseline — trained fixed gait,0.5,0,0,0,0,0,FR,1,0,-25.58094386,60.53826211,229.9750929,239.1815403,0.02579763052,-0.01831247373,0.003556125535,0.03183567909,,,,
1256,7.514,2.512,baseline — trained fixed gait,0.5,0,0,0,0,0,RL,1,0,1.787522391,15.5593105,166.5858485,167.320448,0.02115591695,-0.003376794538,0.01061045321,0.02390726418,,,,
1256,7.514,2.512,baseline — trained fixed gait,0.5,0,0,0,0,0,RR,1,0,23.9447852,9.572034766,250.2803317,251.6052881,0.02031842754,-0.00241179345,0.03557869682,0.04104264749,,,,
1257,7.516,2.514,baseline — trained fixed gait,0.5,0,0,0,0,0,FL,1,0,-39.11468612,64.31093718,240.5408572,252.0431695,-0.1863413714,-0.3915554551,-0.3209132648,0.5394665,,,,
1257,7.516,2.514,baseline — trained fixed gait,0.5,0,0,0,0,0,FR,1,0,-27.40970252,56.74297798,230.2399437,238.7079576,0.02558023739,-0.01878604651,0.004318379624,0.03202986873,,,,
1257,7.516,2.514,baseline — trained fixed gait,0.5,0,0,0,0,0,RL,1,0,2.184427378,16.73691551,162.2307749,163.1064695,0.02271677836,-0.004865681003,0.01201479652,0.02615496522,,,,
1257,7.516,2.514,baseline — trained fixed gait,0.5,0,0,0,0,0,RR,1,0,25.1094199,11.36365048,247.3306868,248.8615763,0.01959517454,-0.002292038787,0.03006035144,0.03595620998,,,,
1258,7.518,2.516,baseline — trained fixed gait,0.5,0,0,0,0,0,FL,1,0,-30.86349708,37.8336598,223.8706742,229.1331928,-0.1019514484,-0.2346367107,-0.1235533416,0.2841019396,,,,
1258,7.518,2.516,baseline — trained fixed gait,0.5,0,0,0,0,0,FR,1,0,-27.03693699,54.65514546,230.9605436,238.8743469,0.02572858334,-0.01878730489,0.005919254101,0.03240309236,,,,
1258,7.518,2.516,baseline — trained fixed gait,0.5,0,0,0,0,0,RL,1,0,2.491577835,17.35248438,157.8843906,158.8546426,0.0238110857,-0.005924783292,0.01248514506,0.02753088641,,,,
1258,7.518,2.516,baseline — trained fixed gait,0.5,0,0,0,0,0,RR,1,0,25.97642968,11.95581979,244.737908,246.4028412,0.01911685463,-0.00234717302,0.02536228301,0.03184664427,,,,
1259,7.52,2.518,baseline — trained fixed gait,0.5,0,0,0,0,0,FL,1,0,-24.44188849,21.35852309,212.2610891,214.7285783,-0.053693043,-0.1399358683,-0.003227476436,0.1499179999,,,,
1259,7.52,2.518,baseline — trained fixed gait,0.5,0,0,0,0,0,FR,1,0,-26.71075268,52.93905828,231.5386324,239.0107665,0.0258197167,-0.01852316531,0.006506550944,0.0324361007,,,,
1259,7.52,2.518,baseline — trained fixed gait,0.5,0,0,0,0,0,RL,1,0,2.725293547,17.67784888,153.5507505,154.5890246,0.02461695114,-0.006686132215,0.01237395437,0.02835160303,,,,
1259,7.52,2.518,baseline — trained fixed gait,0.5,0,0,0,0,0,RR,1,0,26.70596272,11.84018639,242.3004934,244.0551732,0.01881874931,-0.002406768736,0.02129736991,0.02852219883,,,,
1260,7.522,2.52,baseline — trained fixed gait,0.5,0,0,0,0,0,FL,1,0,-18.48588095,-6.97258372,300.0610333,300.710772,-0.02610939134,-0.08281822768,0.0673198515,0.109875027,,,,
1260,7.522,2.52,baseline — trained fixed gait,0.5,0,0,0,0,0,FR,1,0,-35.31542253,43.27505313,151.685158,161.6424958,0.02589433369,-0.01814238736,0.006465739273,0.0322717914,,,,
1260,7.522,2.52,baseline — trained fixed gait,0.5,0,0,0,0,0,RL,1,0,-17.8351568,24.62049106,55.58883121,63.35913157,0.02524163678,-0.007249214277,0.01192220385,0.02884146806,,,,
1260,7.522,2.52,baseline — trained fixed gait,0.5,0,0,0,0,0,RR,1,0,34.93532975,15.25908665,250.3109126,253.1972945,0.01863546363,-0.002402307428,0.01775021648,0.02584805158,,,,
1261,7.524,2.522,baseline — trained fixed gait,0.5,0,0,0,0,0,FL,1,0,-15.54793993,-13.73882852,294.7541791,295.4835358,-0.009931196098,-0.04610503948,0.09940589811,0.1100265236,,,,
1261,7.524,2.522,baseline — trained fixed gait,0.5,0,0,0,0,0,FR,1,0,-34.77177251,41.99783706,151.19217,160.7232614,0.02699038779,-0.01664757979,0.01165849655,0.03378673538,,,,
1261,7.524,2.522,baseline — trained fixed gait,0.5,0,0,0,0,0,RL,1,0,-17.55192981,24.26479156,51.61095322,59.67026766,0.02838444333,-0.009220260304,0.01881024012,0.03527768355,,,,
1261,7.524,2.522,baseline — trained fixed gait,0.5,0,0,0,0,0,RR,1,0,35.23701466,14.63201328,249.3819667,252.2837853,0.01710009067,-0.002882143787,0.01409052239,0.0223441866,,,,
1262,7.526,2.524,baseline — trained fixed gait,0.5,0,0,0,0,0,FL,1,0,-13.38551527,-18.06830425,290.9068199,291.7745937,-0.0004138153521,-0.02399501777,0.1140617551,0.116559067,,,,
1262,7.526,2.524,baseline — trained fixed gait,0.5,0,0,0,0,0,FR,1,0,-34.38661813,40.87483277,150.8088551,159.9890691,0.02773199966,-0.01566176302,0.01408507371,0.03482447311,,,,
1262,7.526,2.524,baseline — trained fixed gait,0.5,0,0,0,0,0,RL,1,0,-17.39734721,23.87203301,47.98912365,56.351554,0.03034527624,-0.01079285878,0.02230414115,0.0391764764,,,,
1262,7.526,2.524,baseline — trained fixed gait,0.5,0,0,0,0,0,RR,1,0,35.44411411,13.88139482,248.5750352,251.4727152,0.01607662719,-0.003093704895,0.01102257663,0.01973641679,,,,
1263,7.528,2.526,baseline — trained fixed gait,0.5,0,0,0,0,0,FL,1,0,-11.81844886,-20.89468252,288.0515539,289.0501015,0.005344500451,-0.01066077671,0.1178984449,0.1185000386,,,,
1263,7.528,2.526,baseline — trained fixed gait,0.5,0,0,0,0,0,FR,1,0,-34.12075925,39.86799503,150.4885637,159.3753151,0.02831071391,-0.01502113474,0.01472067522,0.03526796408,,,,
1263,7.528,2.526,baseline — trained fixed gait,0.5,0,0,0,0,0,RL,1,0,-17.32126809,23.4353674,44.71329762,53.37154445,0.03184704306,-0.01226064982,0.02373807043,0.04156986497,,,,
1263,7.528,2.526,baseline — trained fixed gait,0.5,0,0,0,0,0,RR,1,0,35.59385609,13.07794689,247.850028,250.7341055,0.01536817983,-0.003129863893,0.008426638713,0.01780407929,,,,
1264,7.53,2.528,baseline — trained fixed gait,0.5,0,0,0,0,0,FL,1,0,-10.68501956,-22.7801483,285.878907,286.9840662,0.008938088619,-0.002616604547,0.1151871417,0.115563029,,,,
1264,7.53,2.528,baseline — trained fixed gait,0.5,0,0,0,0,0,FR,1,0,-33.94633828,38.94987739,150.1961522,158.8342877,0.02883201111,-0.01461188269,0.01424096022,0.03532133815,,,,
1264,7.53,2.528,baseline — trained fixed gait,0.5,0,0,0,0,0,RL,1,0,-17.36066835,23.04296117,41.68091928,50.69191156,0.03353326936,-0.01390035579,0.02414493201,0.04359676349,,,,
1264,7.53,2.528,baseline — trained fixed gait,0.5,0,0,0,0,0,RR,1,0,35.71786177,12.26591151,247.1616374,250.0301847,0.01484780624,-0.003052867669,0.006204427533,0.01637901927,,,,
1265,7.532,2.53,baseline — trained fixed gait,0.5,0,0,0,0,0,FL,1,0,-8.283873769,-30.94746429,295.4423095,297.1742357,0.01130782262,0.002240896942,0.1087457794,0.1093550776,,,,
1265,7.532,2.53,baseline — trained fixed gait,0.5,0,0,0,0,0,FR,1,0,-46.83847688,6.044733615,44.06934208,64.59480344,0.02934217706,-0.01435370741,0.01310972701,0.0351974035,,,,
1265,7.532,2.53,baseline — trained fixed gait,0.5,0,0,0,0,0,RL,1,0,-37.88549196,0,31.5712433,49.31585855,0.03543529716,-0.01573391095,0.02397737444,0.0455865191,,,,
1265,7.532,2.53,baseline — trained fixed gait,0.5,0,0,0,0,0,RR,1,0,39.75653353,20.21659861,286.6053011,290.05498,0.0144269174,-0.002908873071,0.00423660122,0.01531490379,,,,
1266,7.534,2.532,baseline — trained fixed gait,0.5,0,0,0,0,0,FL,1,0,-7.885119574,-32.05217591,295.7332671,297.569626,0.0122976556,0.006046738444,0.0996916749,0.100629148,,,,
1266,7.534,2.532,baseline — trained fixed gait,0.5,0,0,0,0,0,FR,1,0,-44.5580192,8.380512857,44.11544338,63.25995902,0.08134753242,-0.05573276032,0.07919307693,0.1264717559,,,,
1266,7.534,2.532,baseline — trained fixed gait,0.5,0,0,0,0,0,RL,1,0,-33.79411935,0,28.16176612,43.99008495,0.198837086,-0.07640736393,0.225731519,0.3103691201,,,,
1266,7.534,2.532,baseline — trained fixed gait,0.5,0,0,0,0,0,RR,1,0,39.90748593,18.62356665,285.6094666,288.9847955,0.01377336851,-0.003850225747,-0.0003240302513,0.01430506603,,,,
1267,7.536,2.534,baseline — trained fixed gait,0.5,0,0,0,0,0,FL,1,0,-7.662862794,-32.81682034,296.2747174,298.1851293,0.01302753683,0.008370214043,0.0901302189,0.09145071656,,,,
1267,7.536,2.534,baseline — trained fixed gait,0.5,0,0,0,0,0,FR,1,0,-41.92809894,10.19923299,43.43944328,61.22887445,0.1247684647,-0.09226799874,0.1279689289,0.2011382612,,,,
1267,7.536,2.534,baseline — trained fixed gait,0.5,0,0,0,0,0,RL,0,0,0,0,0,0,0.3222569628,-0.116776301,0.3664500148,0.5017687394,,,,
1267,7.536,2.534,baseline — trained fixed gait,0.5,0,0,0,0,0,RR,1,0,40.11365181,17.27525361,284.5225849,287.8552427,0.01332545631,-0.004193149974,-0.003438307492,0.01438653019,,,,
1268,7.538,2.536,baseline — trained fixed gait,0.5,0,0,0,0,0,FL,1,0,-7.42680934,-34.13366656,296.9226312,298.9704227,0.01359452862,0.009804261072,0.08066790404,0.08239080948,,,,
1268,7.538,2.536,baseline — trained fixed gait,0.5,0,0,0,0,0,FR,0,0,0,0,0,0,0.1634070178,-0.1247920405,0.1625132226,0.2620790994,,,,
1268,7.538,2.536,baseline — trained fixed gait,0.5,0,0,0,0,0,RL,0,0,0,0,0,0,0.5283499756,-0.136201523,0.4669296003,0.7181419102,,,,
1268,7.538,2.536,baseline — trained fixed gait,0.5,0,0,0,0,0,RR,1,0,40.33341918,16.48885244,283.4419535,286.7717001,0.0129646877,-0.004228114657,-0.005553294684,0.01472410142,,,,
1269,7.54,2.538,baseline — trained fixed gait,0.5,0,0,0,0,0,FL,1,0,-7.172776509,-34.5985461,297.55395,299.6445583,0.01399158271,0.01076002114,0.07165045206,0.07379247741,,,,
1269,7.54,2.538,baseline — trained fixed gait,0.5,0,0,0,0,0,FR,0,0,0,0,0,0,0.3291154497,-0.195344084,0.1741073682,0.4204636323,,,,
1269,7.54,2.538,baseline — trained fixed gait,0.5,0,0,0,0,0,RL,0,0,0,0,0,0,0.6929689131,-0.1458383199,0.5294652285,0.8841991621,,,,
1269,7.54,2.538,baseline — trained fixed gait,0.5,0,0,0,0,0,RR,1,0,40.72014805,15.52663671,282.1286205,285.4746318,0.01264162024,-0.004145200711,-0.006978841391,0.01502323129,,,,
1270,7.542,2.54,baseline — trained fixed gait,0.5,0,0,0,0,0,FL,1,0,-12.05725461,-38.32398304,295.392161,298.1117807,0.01431685947,0.0113494825,0.06326997087,0.06585493476,,,,
1270,7.542,2.54,baseline — trained fixed gait,0.5,0,0,0,0,0,FR,0,0,0,0,0,0,0.4798527046,-0.2607818238,0.1778698405,0.5743722294,,,,
1270,7.542,2.54,baseline — trained fixed gait,0.5,0,0,0,0,0,RL,0,0,0,0,0,0,0.8250176757,-0.1469919674,0.5639471651,1.010097623,,,,
1270,7.542,2.54,baseline — trained fixed gait,0.5,0,0,0,0,0,RR,1,0,42.39792249,19.79541712,309.5081716,313.0251597,0.01234053766,-0.003984229009,-0.007915393071,0.01519264289,,,,
1271,7.544,2.542,baseline — trained fixed gait,0.5,0,0,0,0,0,FL,1,0,-12.042756,-37.73536883,297.0724531,299.7015656,0.01492708427,0.01216760714,0.05583593411,0.05906369483,,,,
1271,7.544,2.542,baseline — trained fixed gait,0.5,0,0,0,0,0,FR,0,0,0,0,0,0,0.8508896761,-0.2801700966,0.4265199689,0.9921833539,,,,
1271,7.544,2.542,baseline — trained fixed gait,0.5,0,0,0,0,0,RL,0,0,0,0,0,0,1.025564948,-0.1199697257,0.6754988129,1.233886074,,,,
1271,7.544,2.542,baseline — trained fixed gait,0.5,0,0,0,0,0,RR,1,0,42.7297601,19.33187174,308.0861347,311.6353961,0.01212579481,-0.004485769921,-0.01054860367,0.01668622399,,,,
1272,7.546,2.544,baseline — trained fixed gait,0.5,0,0,0,0,0,FL,1,0,-11.9806694,-37.13269479,298.6136422,301.1519231,0.0153267446,0.01254979668,0.04901252066,0.05286429493,,,,
1272,7.546,2.544,baseline — trained fixed gait,0.5,0,0,0,0,0,FR,0,0,0,0,0,0,1.134252977,-0.3099241456,0.5905772207,1.31581315,,,,
1272,7.546,2.544,baseline — trained fixed gait,0.5,0,0,0,0,0,RL,0,0,0,0,0,0,1.177503563,-0.08419604225,0.7437449569,1.395263479,,,,
1272,7.546,2.544,baseline — trained fixed gait,0.5,0,0,0,0,0,RR,1,0,41.10949636,19.61231895,305.751084,309.1251512,0.01195191863,-0.004719942406,-0.01197868937,0.01756744757,,,,
1273,7.548,2.546,baseline — trained fixed gait,0.5,0,0,0,0,0,FL,1,0,-11.87512728,-36.62961755,300.0313488,302.4922441,0.01559784447,0.01267971059,0.04282828311,0.04731098865,,,,
1273,7.548,2.546,baseline — trained fixed gait,0.5,0,0,0,0,0,FR,0,0,0,0,0,0,1.349637263,-0.3461132668,0.6922559831,1.555806377,,,,
1273,7.548,2.546,baseline — trained fixed gait,0.5,0,0,0,0,0,RL,0,0,0,0,0,0,1.29180911,-0.04300270929,0.7799734686,1.509628637,,,,
1273,7.548,2.546,baseline — trained fixed gait,0.5,0,0,0,0,0,RR,1,0,41.67295786,19.47965364,304.1074738,307.5669812,0.01189014383,-0.005061042836,-0.01095685462,0.01694232387,,,,
1274,7.55,2.548,baseline — trained fixed gait,0.5,0,0,0,0,0,FL,1,0,-11.7366916,-36.17345911,301.3384438,303.7287059,0.01579023522,0.01267893125,0.03727857426,0.0424238014,,,,
1274,7.55,2.548,baseline — trained fixed gait,0.5,0,0,0,0,0,FR,0,0,0,0,0,0,1.512769285,-0.3856405789,0.7481722921,1.731170513,,,,
1274,7.55,2.548,baseline — trained fixed gait,0.5,0,0,0,0,0,RL,0,0,0,0,0,0,1.377067582,0.0009595384264,0.7928492207,1.589001552,,,,
1274,7.55,2.548,baseline — trained fixed gait,0.5,0,0,0,0,0,RR,1,0,42.23104912,19.41777347,302.478346,306.0288569,0.01176807117,-0.005235851602,-0.01002853876,0.0163240078,,,,
1275,7.552,2.55,baseline — trained fixed gait,0.5,0,0,0,0,0,FL,1,0,-7.610438205,-35.61197516,300.211052,302.411652,0.01593728292,0.01260783772,0.03233391024,0.03818947905,,,,
1275,7.552,2.55,baseline — trained fixed gait,0.5,0,0,0,0,0,FR,0,0,0,0,0,0,1.635943439,-0.4261651574,0.7709357249,1.858028409,,,,
1275,7.552,2.55,baseline — trained fixed gait,0.5,0,0,0,0,0,RL,0,0,0,0,0,0,1.43995336,0.04578827689,0.7889813702,1.642575371,,,,
1275,7.552,2.55,baseline — trained fixed gait,0.5,0,0,0,0,0,RR,1,0,45.4401602,20.90815704,307.3622861,311.4057388,0.01160655461,-0.005326601427,-0.009216254785,0.01574878233,,,,
1276,7.554,2.552,baseline — trained fixed gait,0.5,0,0,0,0,0,FL,1,0,-7.396420149,-34.96048004,301.3869524,303.498002,0.01551545928,0.01245217786,0.02810469369,0.03443341426,,,,
1276,7.554,2.552,baseline — trained fixed gait,0.5,0,0,0,0,0,FR,0,0,0,0,0,0,1.792563119,-0.4458594167,0.8448141757,2.031202636,,,,
1276,7.554,2.552,baseline — trained fixed gait,0.5,0,0,0,0,0,RL,0,0,0,0,0,0,1.483515048,0.09248144281,0.7857431545,1.681297719,,,,
1276,7.554,2.552,baseline — trained fixed gait,0.5,0,0,0,0,0,RR,1,0,45.94449075,21.07524452,305.8737532,310.0222816,0.0111079674,-0.005577335062,-0.008975368774,0.0153313682,,,,
1277,7.556,2.554,baseline — trained fixed gait,0.5,0,0,0,0,0,FL,1,0,-7.191067136,-34.38486495,302.4721402,304.505215,0.01531183897,0.01225505827,0.0243127759,0.03123699629,,,,
1277,7.556,2.554,baseline — trained fixed gait,0.5,0,0,0,0,0,FR,0,0,0,0,0,0,1.904449393,-0.4687009526,0.8790538071,2.149265844,,,,
1277,7.556,2.554,baseline — trained fixed gait,0.5,0,0,0,0,0,RL,0,0,0,0,0,0,1.510870315,0.1382156526,0.7705009818,1.701618182,,,,
1277,7.556,2.554,baseline — trained fixed gait,0.5,0,0,0,0,0,RR,1,0,46.41962567,21.2661633,304.4407359,308.6927162,0.01072353669,-0.005738035253,-0.008643453576,0.01492074319,,,,
1278,7.558,2.556,baseline — trained fixed gait,0.5,0,0,0,0,0,FL,1,0,-6.986606154,-33.86603316,303.46235,305.4261265,0.01524719932,0.01204397789,0.02093892729,0.02856524403,,,,
1278,7.558,2.556,baseline — trained fixed gait,0.5,0,0,0,0,0,FR,0,0,0,0,0,0,1.982641519,-0.4926200093,0.8847239589,2.226270053,,,,
1278,7.558,2.556,baseline — trained fixed gait,0.5,0,0,0,0,0,RL,0,0,0,0,0,0,1.525971385,0.1820868376,0.7470854267,1.708765905,,,,
1278,7.558,2.556,baseline — trained fixed gait,0.5,0,0,0,0,0,RR,1,0,46.86567593,21.47199037,303.0718965,307.4248077,0.01040402088,-0.005850532358,-0.008282411455,0.01452827309,,,,
1279,7.56,2.558,baseline — trained fixed gait,0.5,0,0,0,0,0,FL,1,0,-6.778869464,-33.39352475,304.3578118,306.259299,0.01526942362,0.01183052373,0.01795043933,0.0263692029,,,,
1279,7.56,2.558,baseline — trained fixed gait,0.5,0,0,0,0,0,FR,0,0,0,0,0,0,2.035602024,-0.516120916,0.870257296,2.273192504,,,,
1279,7.56,2.558,baseline — trained fixed gait,0.5,0,0,0,0,0,RL,0,0,0,0,0,0,1.531846945,0.2234969644,0.7183953154,1.706633465,,,,
1279,7.56,2.558,baseline — trained fixed gait,0.5,0,0,0,0,0,RR,1,0,47.28285626,21.72084584,301.7803538,306.2333189,0.01011901723,-0.005938296148,-0.007931868393,0.01416235881,,,,
1280,7.562,2.56,baseline — trained fixed gait,0.5,0,0,0,0,0,FL,1,0,-0.7456776215,-31.1078639,299.1564169,300.7703726,0.01534807545,0.01161982343,0.01531269232,0.02459801339,,,,
1280,7.562,2.56,baseline — trained fixed gait,0.5,0,0,0,0,0,FR,0,0,0,0,0,0,2.069767527,-0.5381680232,0.8420689509,2.298399999,,,,
1280,7.562,2.56,baseline — trained fixed gait,0.5,0,0,0,0,0,RL,0,0,0,0,0,0,1.530810395,0.2620713822,0.6866067361,1.698084416,,,,
1280,7.562,2.56,baseline — trained fixed gait,0.5,0,0,0,0,0,RR,1,0,48.55929115,20.13220848,289.1575299,293.8968997,0.009851108851,-0.006018723679,-0.007614014416,0.01382904899,,,,
1281,7.564,2.562,baseline — trained fixed gait,0.5,0,0,0,0,0,FL,1,0,-0.428303216,-30.68532191,299.7056557,301.2727211,0.01472321031,0.01114566534,0.01338162738,0.02280497159,,,,
1281,7.564,2.562,baseline — trained fixed gait,0.5,0,0,0,0,0,FR,0,0,0,0,0,0,2.104652014,-0.5466106013,0.8210013984,2.324303454,,,,
1281,7.564,2.562,baseline — trained fixed gait,0.5,0,0,0,0,0,RL,0,0,0,0,0,0,1.52131854,0.293108568,0.6562726379,1.682562482,,,,
1281,7.564,2.562,baseline — trained fixed gait,0.5,0,0,0,0,0,RR,1,0,48.93690283,20.35331761,288.1211212,292.9553865,0.009387836473,-0.005857897707,-0.006554644425,0.01286117424,,,,
1282,7.566,2.564,baseline — trained fixed gait,0.5,0,0,0,0,0,FL,1,0,-0.1566053194,-30.31924483,300.2118511,301.7390208,0.01443743013,0.01077932908,0.01155501646,0.02140447919,,,,
1282,7.566,2.564,baseline — trained fixed gait,0.5,0,0,0,0,0,FR,0,0,0,0,0,0,2.124746345,-0.5539839663,0.7893753503,2.333357819,,,,
1282,7.566,2.564,baseline — trained fixed gait,0.5,0,0,0,0,0,RL,0,0,0,0,0,0,1.506986169,0.3216398274,0.6237438314,1.662382585,,,,
1282,7.566,2.564,baseline — trained fixed gait,0.5,0,0,0,0,0,RR,1,0,49.25229357,20.57796334,287.2161287,292.1341226,0.008991171014,-0.005793088083,-0.005918366122,0.01222407801,,,,
1283,7.568,2.566,baseline — trained fixed gait,0.5,0,0,0,0,0,FL,1,0,0.08743568097,-30.00056707,300.6595658,302.1526372,0.01436391548,0.01048325717,0.009868385004,0.0203373,,,,
1283,7.568,2.566,baseline — trained fixed gait,0.5,0,0,0,0,0,FR,0,0,0,0,0,0,2.133931934,-0.5597605826,0.7511594998,2.330501664,,,,
1283,7.568,2.566,baseline — trained fixed gait,0.5,0,0,0,0,0,RL,0,0,0,0,0,0,1.489217416,0.3475637601,0.590327348,1.639224041,,,,
1283,7.568,2.566,baseline — trained fixed gait,0.5,0,0,0,0,0,RR,1,0,49.51693336,20.79859101,286.4326851,291.4244176,0.008638554597,-0.005786559504,-0.005568021304,0.01179456475,,,,
1284,7.57,2.568,baseline — trained fixed gait,0.5,0,0,0,0,0,FL,1,0,0.3151132359,-29.72172579,301.0416998,302.5055128,0.01441995169,0.01023304141,0.008331994924,0.01954666935,,,,
1284,7.57,2.568,baseline — trained fixed gait,0.5,0,0,0,0,0,FR,0,0,0,0,0,0,2.135117997,-0.5636248201,0.7093306604,2.319386079,,,,
1284,7.57,2.568,baseline — trained fixed gait,0.5,0,0,0,0,0,RL,0,0,0,0,0,0,1.469071736,0.3708714874,0.5569716673,1.614290824,,,,
1284,7.57,2.568,baseline — trained fixed gait,0.5,0,0,0,0,0,RR,1,0,49.73971092,21.01055733,285.7637945,290.8202686,0.008313433111,-0.005814891772,-0.005410571519,0.01149784417,,,,
1285,7.572,2.57,baseline — trained fixed gait,0.5,0,0,0,0,0,FL,1,0,3.324016006,-25.7433494,284.5825423,285.7638755,0.01455584667,0.01001381804,0.006946381786,0.01898424199,,,,
1285,7.572,2.57,baseline — trained fixed gait,0.5,0,0,0,0,0,FR,0,0,0,0,0,0,2.130469112,-0.5654185461,0.6660919122,2.302666977,,,,
1285,7.572,2.57,baseline — trained fixed gait,0.5,0,0,0,0,0,RL,0,0,0,0,0,0,1.447343937,0.3916192037,0.5243479147,1.588430297,,,,
1285,7.572,2.57,baseline — trained fixed gait,0.5,0,0,0,0,0,RR,1,0,49.55821347,19.18202881,274.8424423,279.9327327,0.008005995451,-0.005863573544,-0.005381121969,0.01128866385,,,,
1286,7.574,2.572,baseline — trained fixed gait,0.5,0,0,0,0,0,FL,1,0,3.653218078,-25.48909501,284.8113597,285.9729893,0.01427451874,0.009327418296,0.00683014789,0.01836881971,,,,
1286,7.574,2.572,baseline — trained fixed gait,0.5,0,0,0,0,0,FR,0,0,0,0,0,0,2.136385048,-0.558929191,0.6394513937,2.299008699,,,,
1286,7.574,2.572,baseline — trained fixed gait,0.5,0,0,0,0,0,RL,0,0,0,0,0,0,1.438353403,0.4017317365,0.5071317464,1.577159316,,,,
1286,7.574,2.572,baseline — trained fixed gait,0.5,0,0,0,0,0,RR,1,0,49.76058532,19.30699525,274.3359571,279.480041,0.007712507629,-0.005650475583,-0.004726397152,0.01066534004,,,,
1287,7.576,2.574,baseline — trained fixed gait,0.5,0,0,0,0,0,FL,1,0,3.922224929,-25.28220504,285.0402077,286.1861173,0.01419494107,0.008861529354,0.006337317556,0.01789370415,,,,
1287,7.576,2.574,baseline — trained fixed gait,0.5,0,0,0,0,0,FR,0,0,0,0,0,0,2.134788948,-0.5514761452,0.6086220004,2.287328251,,,,
1287,7.576,2.574,baseline — trained fixed gait,0.5,0,0,0,0,0,RL,0,0,0,0,0,0,1.42456289,0.410933385,0.4862609296,1.56035104,,,,
1287,7.576,2.574,baseline — trained fixed gait,0.5,0,0,0,0,0,RR,1,0,49.91751151,19.44629045,273.9558313,279.1446107,0.007417738234,-0.005548230809,-0.004456862792,0.01027955892,,,,
1288,7.578,2.576,baseline — trained fixed gait,0.5,0,0,0,0,0,FL,1,0,4.154719645,-25.11073582,285.2409284,286.3742272,0.01424454413,0.00852970451,0.005643749132,0.01753609993,,,,
1288,7.578,2.576,baseline — trained fixed gait,0.5,0,0,0,0,0,FR,0,0,0,0,0,0,2.127596992,-0.5428782355,0.5756290413,2.269963553,,,,
1288,7.578,2.576,baseline — trained fixed gait,0.5,0,0,0,0,0,RL,0,0,0,0,0,0,1.40731841,0.41903275,0.4631247893,1.539681176,,,,
1288,7.578,2.576,baseline — trained fixed gait,0.5,0,0,0,0,0,RR,1,0,50.03749488,19.59176705,273.6929843,278.9183356,0.007126345854,-0.005514127546,-0.004433216508,0.01004210219,,,,
1289,7.58,2.578,baseline — trained fixed gait,0.5,0,0,0,0,0,FL,1,0,4.364789324,-24.96678838,285.3986515,286.5218704,0.01437506327,0.008281556584,0.004848904492,0.01728405329,,,,
1289,7.58,2.578,baseline — trained fixed gait,0.5,0,0,0,0,0,FR,0,0,0,0,0,0,2.116245138,-0.5330567289,0.5419643987,2.248637002,,,,
1289,7.58,2.578,baseline — trained fixed gait,0.5,0,0,0,0,0,RL,0,0,0,0,0,0,1.387653407,0.4259243542,0.4387660739,1.516413269,,,,
1289,7.58,2.578,baseline — trained fixed gait,0.5,0,0,0,0,0,RR,1,0,50.12741087,19.73843632,273.5404883,278.7951971,0.006839410855,-0.005521692995,-0.004561661681,0.009903302059,,,,
1290,7.582,2.58,baseline — trained fixed gait,0.5,0,0,0,0,0,FL,1,0,2.243000802,-21.9427095,270.4725241,271.3704108,0.01455594652,0.008087887976,0.004010010005,0.01712803816,,,,
1290,7.582,2.58,baseline — trained fixed gait,0.5,0,0,0,0,0,FR,0,0,0,0,0,0,2.10180106,-0.5220069282,0.5087030873,2.224598337,,,,
1290,7.582,2.58,baseline — trained fixed gait,0.5,0,0,0,0,0,RL,0,0,0,0,0,0,1.366357381,0.4315656858,0.4139564054,1.491489637,,,,
1290,7.582,2.58,baseline — trained fixed gait,0.5,0,0,0,0,0,RR,1,0,49.08661488,18.67789331,269.5082956,274.578005,0.006558047791,-0.00555443361,-0.004777996041,0.009833054954,,,,
1291,7.584,2.582,baseline — trained fixed gait,0.5,0,0,0,0,0,FL,1,0,2.46757483,-21.83561493,270.6725691,271.5631099,0.01493558789,0.007560521008,0.004188022022,0.01725609434,,,,
1291,7.584,2.582,baseline — trained fixed gait,0.5,0,0,0,0,0,FR,0,0,0,0,0,0,2.095707571,-0.5075382889,0.4876325062,2.210739876,,,,
1291,7.584,2.582,baseline — trained fixed gait,0.5,0,0,0,0,0,RL,0,0,0,0,0,0,1.36863693,0.4259232252,0.4113319029,1.491231563,,,,
1291,7.584,2.582,baseline — trained fixed gait,0.5,0,0,0,0,0,RR,1,0,49.17522463,18.70979278,269.3753467,274.465547,0.006449362755,-0.005428736559,-0.004775446443,0.009688671184,,,,
1292,7.586,2.584,baseline — trained fixed gait,0.5,0,0,0,0,0,FL,1,0,2.66457522,-21.75990075,270.8636183,271.7493201,0.0152381723,0.007222055006,0.00391828089,0.01731221819,,,,
1292,7.586,2.584,baseline — trained fixed gait,0.5,0,0,0,0,0,FR,0,0,0,0,0,0,2.084929817,-0.4925396288,0.4644604745,2.19208831,,,,
1292,7.586,2.584,baseline — trained fixed gait,0.5,0,0,0,0,0,RL,0,0,0,0,0,0,1.364251831,0.4209523917,0.4020623248,1.483252536,,,,
1292,7.586,2.584,baseline — trained fixed gait,0.5,0,0,0,0,0,RR,1,0,49.24887523,18.76576686,269.3295191,274.4375987,0.006286196844,-0.00536570917,-0.00490670133,0.00961159839,,,,
1293,7.588,2.586,baseline — trained fixed gait,0.5,0,0,0,0,0,FL,1,0,2.840946126,-21.70716182,271.039656,271.9223547,0.01549632182,0.006997532179,0.003381350001,0.01733594458,,,,
1293,7.588,2.586,baseline — trained fixed gait,0.5,0,0,0,0,0,FR,0,0,0,0,0,0,2.070548143,-0.476938141,0.4403355615,2.169915899,,,,
1293,7.588,2.586,baseline — trained fixed gait,0.5,0,0,0,0,0,RL,0,0,0,0,0,0,1.354887912,0.4162618924,0.3880878835,1.469560282,,,,
1293,7.588,2.586,baseline — trained fixed gait,0.5,0,0,0,0,0,RR,1,0,49.30856471,18.83828471,269.3700126,274.4930221,0.00609211172,-0.005343411314,-0.00511418279,0.00958231367,,,,
1294,7.59,2.588,baseline — trained fixed gait,0.5,0,0,0,0,0,FL,1,0,3.001624434,-21.67273439,271.1959434,272.0771156,0.01573110397,0.006842848283,0.002701959173,0.01736642704,,,,
1294,7.59,2.588,baseline — trained fixed gait,0.5,0,0,0,0,0,FR,0,0,0,0,0,0,2.053382979,-0.4607177853,0.4160949019,2.145175402,,,,
1294,7.59,2.588,baseline — trained fixed gait,0.5,0,0,0,0,0,RL,0,0,0,0,0,0,1.341859922,0.4115737766,0.3709041385,1.451740646,,,,
1294,7.59,2.588,baseline — trained fixed gait,0.5,0,0,0,0,0,RR,1,0,49.355632,18.92210926,269.4946235,274.6295263,0.005882762045,-0.005347591199,-0.005357888794,0.009587001264,,,,
1295,7.592,2.59,baseline — trained fixed gait,0.5,0,0,0,0,0,FL,1,0,-3.429913137,-21.22531008,266.5157761,267.3816318,0.01595323663,0.006731240853,0.001962894664,0.01742608154,,,,
1295,7.592,2.59,baseline — trained fixed gait,0.5,0,0,0,0,0,FR,0,0,0,0,0,0,2.034054339,-0.4439028914,0.39233224,2.118572968,,,,
1295,7.592,2.59,baseline — trained fixed gait,0.5,0,0,0,0,0,RL,0,0,0,0,0,0,1.326188525,0.4066971686,0.3516549312,1.431027527,,,,
1295,7.592,2.59,baseline — trained fixed gait,0.5,0,0,0,0,0,RR,1,0,43.97682693,16.85698599,266.1244745,270.2597921,0.005667574088,-0.005368910462,-0.005612066591,0.009614670406,,,,
1296,7.594,2.592,baseline — trained fixed gait,0.5,0,0,0,0,0,FL,1,0,-3.356807415,-21.25461817,266.8384961,267.7047066,0.01695185326,0.006598952553,0.001560072639,0.01825774713,,,,
1296,7.594,2.592,baseline — trained fixed gait,0.5,0,0,0,0,0,FR,0,0,0,0,0,0,2.022674366,-0.4268583506,0.3801629228,2.101890456,,,,
1296,7.594,2.592,baseline — trained fixed gait,0.5,0,0,0,0,0,RL,0,0,0,0,0,0,1.333302474,0.3949429048,0.3510746706,1.43419971,,,,
1296,7.594,2.592,baseline — trained fixed gait,0.5,0,0,0,0,0,RR,1,0,44.1341009,16.87577723,266.1273129,270.2893957,0.006204040445,-0.005286643063,-0.003531552806,0.008883162609,,,,
1297,7.596,2.594,baseline — trained fixed gait,0.5,0,0,0,0,0,FL,1,0,-3.258631918,-21.29577179,267.1191855,267.9865442,0.01760742592,0.006515646412,0.001022680356,0.01880215335,,,,
1297,7.596,2.594,baseline — trained fixed gait,0.5,0,0,0,0,0,FR,0,0,0,0,0,0,2.007375751,-0.4096111732,0.3657012674,2.081123767,,,,
1297,7.596,2.594,baseline — trained fixed gait,0.5,0,0,0,0,0,RL,0,0,0,0,0,0,1.334023555,0.3842954556,0.3440531186,1.43027074,,,,
1297,7.596,2.594,baseline — trained fixed gait,0.5,0,0,0,0,0,RR,1,0,44.26856412,16.91050542,266.2217613,270.4065405,0.006436958662,-0.005240076324,-0.002281120459,0.008607923516,,,,
1298,7.598,2.596,baseline — trained fixed gait,0.5,0,0,0,0,0,FL,1,0,-3.153211146,-21.32883464,267.2808112,268.1490144,0.01805422378,0.006460251308,0.0004269937802,0.01917999392,,,,
1298,7.598,2.596,baseline — trained fixed gait,0.5,0,0,0,0,0,FR,0,0,0,0,0,0,1.988974453,-0.3921109871,0.3498509727,2.057222911,,,,
1298,7.598,2.596,baseline — trained fixed gait,0.5,0,0,0,0,0,RL,0,0,0,0,0,0,1.329870619,0.3743575637,0.3324210821,1.420986708,,,,
1298,7.598,2.596,baseline — trained fixed gait,0.5,0,0,0,0,0,RR,1,0,44.37975572,16.95560807,266.405844,270.608812,0.006490356008,-0.005220102644,-0.001597870204,0.008481001233,,,,
1299,7.6,2.598,baseline — trained fixed gait,0.5,0,0,0,0,0,FL,1,0,-3.033820702,-21.38774554,267.5065275,268.3773128,0.018377501,0.00641934377,-0.0001667508547,0.01946710876,,,,
1299,7.6,2.598,baseline — trained fixed gait,0.5,0,0,0,0,0,FR,0,0,0,0,0,0,1.968106004,-0.3743556886,0.3332856739,2.030926578,,,,
1299,7.6,2.598,baseline — trained fixed gait,0.5,0,0,0,0,0,RL,0,0,0,0,0,0,1.322034587,0.3648368384,0.3175952594,1.407745758,,,,
1299,7.6,2.598,baseline — trained fixed gait,0.5,0,0,0,0,0,RR,1,0,44.47014158,17.01334395,266.6748477,270.8920851,0.00644068526,-0.00521906246,-0.001291203968,0.008389770394,,,,
1300,7.602,2.6,baseline — trained fixed gait,0.5,0,0,0,0,0,FL,1,0,-10.34852095,-21.99202663,267.7220632,268.8230723,0.01862685882,0.00638926566,-0.0007351852799,0.01970591491,,,,
1300,7.602,2.6,baseline — trained fixed gait,0.5,0,0,0,0,0,FR,0,0,0,0,0,0,1.945267726,-0.3563550986,0.3164991971,2.002804839,,,,
1300,7.602,2.6,baseline — trained fixed gait,0.5,0,0,0,0,0,RL,0,0,0,0,0,0,1.311445554,0.3555202401,0.3006636177,1.391647475,,,,
1300,7.602,2.6,baseline — trained fixed gait,0.5,0,0,0,0,0,RR,1,0,43.65282202,16.57425099,266.6901876,270.7469868,0.006333075954,-0.005231875447,-0.001228057439,0.008305931424,,,,
1301,7.604,2.602,baseline — trained fixed gait,0.5,0,0,0,0,0,FL,1,0,-10.33549346,-22.09197889,268.1299201,269.236944,0.01978715708,0.006449178513,-0.001247280292,0.02084896153,,,,
1301,7.604,2.602,baseline — trained fixed gait,0.5,0,0,0,0,0,FR,0,0,0,0,0,0,1.924370954,-0.3383145348,0.3047502311,1.977506763,,,,
1301,7.604,2.602,baseline — trained fixed gait,0.5,0,0,0,0,0,RL,0,0,0,0,0,0,1.3227188,0.3412222883,0.3042805412,1.399501455,,,,
1301,7.604,2.602,baseline — trained fixed gait,0.5,0,0,0,0,0,RR,1,0,43.73255273,16.55137788,266.9665928,271.0307103,0.006336290633,-0.005184415539,-0.001297662907,0.008289190099,,,,
1302,7.606,2.604,baseline — trained fixed gait,0.5,0,0,0,0,0,FL,1,0,-10.27262122,-22.19630022,268.4798869,269.5916396,0.02052095952,0.006487801922,-0.001717824631,0.02159055986,,,,
1302,7.606,2.604,baseline — trained fixed gait,0.5,0,0,0,0,0,FR,0,0,0,0,0,0,1.901077805,-0.3202606197,0.2917480358,1.949815531,,,,
1302,7.606,2.604,baseline — trained fixed gait,0.5,0,0,0,0,0,RL,0,0,0,0,0,0,1.327293905,0.3283551686,0.3008937689,1.400022602,,,,
1302,7.606,2.604,baseline — trained fixed gait,0.5,0,0,0,0,0,RR,1,0,43.80939002,16.5533166,267.2957541,271.367454,0.006271772471,-0.005161243037,-0.001455830342,0.008251848375,,,,
1303,7.608,2.606,baseline — trained fixed gait,0.5,0,0,0,0,0,FL,1,0,-10.17888215,-22.30481815,268.7904629,269.906331,0.02099417929,0.006511984765,-0.002139775794,0.02208483983,,,,
1303,7.608,2.606,baseline — trained fixed gait,0.5,0,0,0,0,0,FR,0,0,0,0,0,0,1.875865272,-0.3021791588,0.2780006486,1.920277877,,,,
1303,7.608,2.606,baseline — trained fixed gait,0.5,0,0,0,0,0,RL,0,0,0,0,0,0,1.326690466,0.3164811436,0.2924196509,1.394911166,,,,
1303,7.608,2.606,baseline — trained fixed gait,0.5,0,0,0,0,0,RR,1,0,43.8826424,16.57487769,267.6773732,271.7564885,0.006169318193,-0.0051560498,-0.001660351862,0.008209878489,,,,
1304,7.61,2.608,baseline — trained fixed gait,0.5,0,0,0,0,0,FL,1,0,-10.06628585,-22.42093961,269.0728859,270.1929803,0.02131117633,0.006527290553,-0.002508338282,0.02242907754,,,,
1304,7.61,2.608,baseline — trained fixed gait,0.5,0,0,0,0,0,FR,0,0,0,0,0,0,1.849113014,-0.2840783677,0.2638856596,1.889326626,,,,
1304,7.61,2.608,baseline — trained fixed gait,0.5,0,0,0,0,0,RL,0,0,0,0,0,0,1.322106459,0.3052715901,0.2803488183,1.385551043,,,,
1304,7.61,2.608,baseline — trained fixed gait,0.5,0,0,0,0,0,RR,1,0,43.95176773,16.5756727,268.1052256,272.1891306,0.006047326982,-0.005164032604,-0.001883103435,0.008172115694,,,,
1305,7.612,2.61,baseline — trained fixed gait,0.5,0,0,0,0,0,FL,1,0,-17.94153195,-24.45823481,275.9650718,277.6271325,0.02153384651,0.006537561793,-0.002824787748,0.02268095425,,,,
1305,7.612,2.61,baseline — trained fixed gait,0.5,0,0,0,0,0,FR,0,0,0,0,0,0,1.821125343,-0.2659731744,0.2496791135,1.857304204,,,,
1305,7.612,2.61,baseline — trained fixed gait,0.5,0,0,0,0,0,RL,0,0,0,0,0,0,1.314481764,0.2944932716,0.2658322873,1.37304603,,,,
1305,7.612,2.61,baseline — trained fixed gait,0.5,0,0,0,0,0,RR,1,0,42.3797233,16.39756184,269.4113451,273.2167525,0.005917033716,-0.00517663062,-0.002106037201,0.008139053094,,,,
1306,7.614,2.612,baseline — trained fixed gait,0.5,0,0,0,0,0,FL,1,0,-17.9649586,-24.62411306,276.4263881,278.1018423,0.02278672133,0.006813561604,-0.003546962791,0.02404662628,,,,
1306,7.614,2.612,baseline — trained fixed gait,0.5,0,0,0,0,0,FR,0,0,0,0,0,0,1.787873531,-0.2490731617,0.2284700959,1.819540543,,,,
1306,7.614,2.612,baseline — trained fixed gait,0.5,0,0,0,0,0,RL,0,0,0,0,0,0,1.322885669,0.2811011097,0.2663663788,1.378403198,,,,
1306,7.614,2.612,baseline — trained fixed gait,0.5,0,0,0,0,0,RR,1,0,42.44073446,16.38184237,269.8296114,273.6377165,0.006030625041,-0.00516837926,-0.002378874006,0.008290936262,,,,
1307,7.616,2.614,baseline — trained fixed gait,0.5,0,0,0,0,0,FL,1,0,-17.91571512,-24.78372959,276.8089577,278.4930972,0.02355835691,0.006981763522,-0.004017321815,0.02489739097,,,,
1307,7.616,2.614,baseline — trained fixed gait,0.5,0,0,0,0,0,FR,0,0,0,0,0,0,1.754991418,-0.2319209893,0.2095757624,1.78261163,,,,
1307,7.616,2.614,baseline — trained fixed gait,0.5,0,0,0,0,0,RL,0,0,0,0,0,0,1.325815563,0.2688366923,0.2614240316,1.377825315,,,,
1307,7.616,2.614,baseline — trained fixed gait,0.5,0,0,0,0,0,RR,1,0,42.51519746,16.38588417,270.271411,274.0851598,0.006050612477,-0.005170203593,-0.002600607115,0.008372817561,,,,
1308,7.618,2.616,baseline — trained fixed gait,0.5,0,0,0,0,0,FL,1,0,-17.81943682,-24.93992522,277.1380529,278.8279623,0.02403394403,0.007083495692,-0.004313399308,0.0254246296,,,,
1308,7.618,2.616,baseline — trained fixed gait,0.5,0,0,0,0,0,FR,0,0,0,0,0,0,1.722357115,-0.2146256473,0.1926115398,1.746332559,,,,
1308,7.618,2.616,baseline — trained fixed gait,0.5,0,0,0,0,0,RL,0,0,0,0,0,0,1.324469779,0.2573573192,0.252545505,1.372673383,,,,
1308,7.618,2.616,baseline — trained fixed gait,0.5,0,0,0,0,0,RR,1,0,42.59805156,16.40554368,270.7407282,274.5619744,0.006015769364,-0.005180641904,-0.002781780764,0.008412302645,,,,
1309,7.62,2.618,baseline — trained fixed gait,0.5,0,0,0,0,0,FL,1,0,-17.69302784,-25.09492535,277.4292613,279.1232587,0.02433117805,0.007145457174,-0.004488769235,0.02575291892,,,,
1309,7.62,2.618,baseline — trained fixed gait,0.5,0,0,0,0,0,FR,0,0,0,0,0,0,1.689879894,-0.197283988,0.1772483895,1.710564825,,,,
1309,7.62,2.618,baseline — trained fixed gait,0.5,0,0,0,0,0,RL,0,0,0,0,0,0,1.319794231,0.2464072713,0.2409264194,1.364045049,,,,
1309,7.62,2.618,baseline — trained fixed gait,0.5,0,0,0,0,0,RR,1,0,42.68618683,16.43751478,271.2390869,275.0689817,0.005950593351,-0.005198036918,-0.002930068243,0.008427007116,,,,
1310,7.622,2.62,baseline — trained fixed gait,0.5,0,0,0,0,0,FL,1,0,-25.15437636,-27.44762489,285.9289932,288.3426848,0.02452085401,0.007183760493,-0.004584039187,0.02595943204,,,,
1310,7.622,2.62,baseline — trained fixed gait,0.5,0,0,0,0,0,FR,0,0,0,0,0,0,1.657495018,-0.1799817954,0.1632060148,1.675207266,,,,
1310,7.622,2.62,baseline — trained fixed gait,0.5,0,0,0,0,0,RL,0,0,0,0,0,0,1.312532941,0.2357991483,0.2274876561,1.352809888,,,,
1310,7.622,2.62,baseline — trained fixed gait,0.5,0,0,0,0,0,RR,1,0,41.13035563,16.30128739,272.4768351,276.0454017,0.005869597528,-0.005220838307,-0.003052304965,0.008427686122,,,,
1311,7.624,2.622,baseline — trained fixed gait,0.5,0,0,0,0,0,FL,1,0,-25.15410853,-27.65063708,286.3751049,288.8044107,0.02569232124,0.007513431686,-0.005193978711,0.02726764458,,,,
1311,7.624,2.622,baseline — trained fixed gait,0.5,0,0,0,0,0,FR,0,0,0,0,0,0,1.617972356,-0.1641041528,0.1386913553,1.632176464,,,,
1311,7.624,2.622,baseline — trained fixed gait,0.5,0,0,0,0,0,RL,0,0,0,0,0,0,1.318388997,0.223653952,0.2271748698,1.356384554,,,,
1311,7.624,2.622,baseline — trained fixed gait,0.5,0,0,0,0,0,RR,1,0,41.21477283,16.28913702,272.9511522,276.5254508,0.006022066632,-0.005226403985,-0.003204952029,0.008593736245,,,,
1312,7.626,2.624,baseline — trained fixed gait,0.5,0,0,0,0,0,FL,1,0,-25.07794898,-27.87781445,286.7421813,289.1836001,0.02639600215,0.007712837092,-0.005510302357,0.02804639402,,,,
1312,7.626,2.624,baseline — trained fixed gait,0.5,0,0,0,0,0,FR,0,0,0,0,0,0,1.580347335,-0.1479479377,0.1184924969,1.591674201,,,,
1312,7.626,2.624,baseline — trained fixed gait,0.5,0,0,0,0,0,RL,0,0,0,0,0,0,1.319670125,0.2124153067,0.2224486159,1.35503981,,,,
1312,7.626,2.624,baseline — trained fixed gait,0.5,0,0,0,0,0,RR,1,0,41.31521763,16.28910682,273.4338257,277.0168574,0.006077477165,-0.005237952975,-0.00331247875,0.008680114949,,,,
1313,7.628,2.626,baseline — trained fixed gait,0.5,0,0,0,0,0,FL,1,0,-24.95162764,-28.06211905,287.0514612,289.4971634,0.02681194521,0.007837510169,-0.0056383775,0.02849733799,,,,
1313,7.628,2.626,baseline — trained fixed gait,0.5,0,0,0,0,0,FR,0,0,0,0,0,0,1.544181606,-0.1316704988,0.1016772653,1.553116937,,,,
1313,7.628,2.626,baseline — trained fixed gait,0.5,0,0,0,0,0,RL,0,0,0,0,0,0,1.31733293,0.2018202563,0.2145638161,1.349864843,,,,
1313,7.628,2.626,baseline — trained fixed gait,0.5,0,0,0,0,0,RR,1,0,41.42671562,16.30388056,273.9295806,277.5237006,0.00607574409,-0.005254698454,-0.003389502473,0.00871867244,,,,
1314,7.63,2.628,baseline — trained fixed gait,0.5,0,0,0,0,0,FL,1,0,-24.79347307,-28.24163519,287.3228788,289.7701554,0.02705505213,0.007912995817,-0.005648921742,0.02874894199,,,,
1314,7.63,2.628,baseline — trained fixed gait,0.5,0,0,0,0,0,FR,0,0,0,0,0,0,1.509134273,-0.1154156985,0.0874868724,1.516067607,,,,
1314,7.63,2.628,baseline — trained fixed gait,0.5,0,0,0,0,0,RL,0,0,0,0,0,0,1.31213663,0.1916578394,0.2044938942,1.341735077,,,,
1314,7.63,2.628,baseline — trained fixed gait,0.5,0,0,0,0,0,RR,1,0,41.54543579,16.32756471,274.4405518,278.0471706,0.006041494261,-0.005276342361,-0.003445588428,0.008729921032,,,,
1315,7.632,2.63,baseline — trained fixed gait,0.5,0,0,0,0,0,FL,1,0,-31.00625473,-30.75182895,297.0305915,300.2236419,0.02719464272,0.007959609869,-0.005592381925,0.02888215224,,,,
1315,7.632,2.63,baseline — trained fixed gait,0.5,0,0,0,0,0,FR,0,0,0,0,0,0,1.474945901,-0.09929216516,0.07530789779,1.480201211,,,,
1315,7.632,2.63,baseline — trained fixed gait,0.5,0,0,0,0,0,RL,0,0,0,0,0,0,1.304680452,0.1817818638,0.1929883717,1.331345274,,,,
1315,7.632,2.63,baseline — trained fixed gait,0.5,0,0,0,0,0,RR,1,0,41.2023221,16.48312985,277.0813773,280.6125702,0.005989574447,-0.005301764646,-0.003488008598,0.008726391831,,,,
1316,7.634,2.632,baseline — trained fixed gait,0.5,0,0,0,0,0,FL,1,0,-30.95939307,-30.95898455,297.4115008,300.6169382,0.02816731642,0.008307125016,-0.006152134641,0.03000424638,,,,
1316,7.634,2.632,baseline — trained fixed gait,0.5,0,0,0,0,0,FR,0,0,0,0,0,0,1.433898627,-0.08354468568,0.05230615248,1.437282478,,,,
1316,7.634,2.632,baseline — trained fixed gait,0.5,0,0,0,0,0,RL,0,0,0,0,0,0,1.303030085,0.1714980483,0.1870738314,1.327514821,,,,
1316,7.634,2.632,baseline — trained fixed gait,0.5,0,0,0,0,0,RR,1,0,41.32590373,16.49237367,277.5564082,281.1003174,0.006013273042,-0.005350253158,-0.003670339043,0.008846244979,,,,
1317,7.636,2.634,baseline — trained fixed gait,0.5,0,0,0,0,0,FL,1,0,-30.84213781,-31.15287933,297.7137818,300.9239691,0.02874155272,0.008513361919,-0.006396555721,0.03065077664,,,,
1317,7.636,2.634,baseline — trained fixed gait,0.5,0,0,0,0,0,FR,0,0,0,0,0,0,1.395286967,-0.06768872616,0.03409449351,1.39734388,,,,
1317,7.636,2.634,baseline — trained fixed gait,0.5,0,0,0,0,0,RL,0,0,0,0,0,0,1.298675486,0.1616062478,0.1791630426,1.320898934,,,,
1317,7.636,2.634,baseline — trained fixed gait,0.5,0,0,0,0,0,RR,1,0,41.46188993,16.50894993,278.032994,281.5918668,0.006002412863,-0.005390177425,-0.003772801892,0.008906009599,,,,
1318,7.638,2.636,baseline — trained fixed gait,0.5,0,0,0,0,0,FL,1,0,-30.67870704,-31.33982992,297.9629891,301.173224,0.02907069258,0.008634280653,-0.006445388454,0.03100320954,,,,
1318,7.638,2.636,baseline — trained fixed gait,0.5,0,0,0,0,0,FR,0,0,0,0,0,0,1.358588228,-0.05197630791,0.01955142593,1.35972268,,,,
1318,7.638,2.636,baseline — trained fixed gait,0.5,0,0,0,0,0,RL,0,0,0,0,0,0,1.292145606,0.1519741915,0.1699198968,1.31210106,,,,
1318,7.638,2.636,baseline — trained fixed gait,0.5,0,0,0,0,0,RR,1,0,41.60640395,16.52564329,278.5129495,282.0880231,0.005971504466,-0.005425860006,-0.003824222664,0.008928801788,,,,
1319,7.64,2.638,baseline — trained fixed gait,0.5,0,0,0,0,0,FL,1,0,-32.5057686,-31.96796326,297.3514539,300.8263,0.02925243626,0.008705191791,-0.006379012561,0.03117975614,,,,
1319,7.64,2.638,baseline — trained fixed gait,0.5,0,0,0,0,0,FR,0,0,0,0,0,0,1.323396161,-0.03644512082,0.007790030462,1.323920817,,,,
1319,7.64,2.638,baseline — trained fixed gait,0.5,0,0,0,0,0,RL,0,0,0,0,0,0,1.283858142,0.142529861,0.1598515822,1.301598639,,,,
1319,7.64,2.638,baseline — trained fixed gait,0.5,0,0,0,0,0,RR,1,0,41.75297406,16.50504609,278.9919766,282.5814049,0.00593009933,-0.005458747136,-0.003844592123,0.008929999269,,,,
1320,7.642,2.64,baseline — trained fixed gait,0.5,0,0,0,0,0,FL,1,0,-39.25819019,-34.86704353,307.9782326,312.4220031,0.02947045716,0.008933960253,-0.004944892527,0.03118934839,,,,
1320,7.642,2.64,baseline — trained fixed gait,0.5,0,0,0,0,0,FR,0,0,0,0,0,0,1.289382352,-0.02135916546,-0.001921236463,1.289560682,,,,
1320,7.642,2.64,baseline — trained fixed gait,0.5,0,0,0,0,0,RL,0,0,0,0,0,0,1.274152931,0.133234358,0.1493429825,1.289775334,,,,
1320,7.642,2.64,baseline — trained fixed gait,0.5,0,0,0,0,0,RR,1,0,40.31162902,16.39556945,280.7952443,284.1475169,0.00588521881,-0.005485313892,-0.003847442708,0.008917807147,,,,
1321,7.644,2.642,baseline — trained fixed gait,0.5,0,0,0,0,0,FL,1,0,-39.12084936,-35.11663799,308.2635437,312.7139772,0.03053798045,0.009433698001,-0.004660628214,0.03229991274,,,,
1321,7.644,2.642,baseline — trained fixed gait,0.5,0,0,0,0,0,FR,0,0,0,0,0,0,1.243531255,-0.007670977937,-0.0339043805,1.244017015,,,,
1321,7.644,2.642,baseline — trained fixed gait,0.5,0,0,0,0,0,RL,0,0,0,0,0,0,1.267496803,0.1260427013,0.1386934579,1.281277012,,,,
1321,7.644,2.642,baseline — trained fixed gait,0.5,0,0,0,0,0,RR,1,0,40.46180547,16.42544459,281.2007554,284.5712877,0.00607549144,-0.005502598006,-0.003933905115,0.009092072949,,,,
1322,7.646,2.644,baseline — trained fixed gait,0.5,0,0,0,0,0,FL,1,0,-38.92780805,-35.33905432,308.4952188,312.9433224,0.03114618554,0.009731022196,-0.004364971481,0.03292158323,,,,
1322,7.646,2.644,baseline — trained fixed gait,0.5,0,0,0,0,0,FR,0,0,0,0,0,0,1.201962666,0.006375190989,-0.05764640379,1.203361127,,,,
1322,7.646,2.644,baseline — trained fixed gait,0.5,0,0,0,0,0,RL,0,0,0,0,0,0,1.259937023,0.1185613975,0.1287161285,1.272032212,,,,
1322,7.646,2.644,baseline — trained fixed gait,0.5,0,0,0,0,0,RR,1,0,40.6291198,16.45098881,281.5946988,284.9858502,0.006170306004,-0.005528758666,-0.00396917603,0.009186631969,,,,
1323,7.648,2.646,baseline — trained fixed gait,0.5,0,0,0,0,0,FL,1,0,-38.70122121,-35.54353739,308.6959,313.1362103,0.03147817775,0.009907533044,-0.004085394698,0.03325244856,,,,
1323,7.648,2.646,baseline — trained fixed gait,0.5,0,0,0,0,0,FR,0,0,0,0,0,0,1.16377213,0.02052010484,-0.07507501771,1.166371684,,,,
1323,7.648,2.646,baseline — trained fixed gait,0.5,0,0,0,0,0,RL,0,0,0,0,0,0,1.251548352,0.1108507642,0.1193928453,1.26210769,,,,
1323,7.648,2.646,baseline — trained fixed gait,0.5,0,0,0,0,0,RR,1,0,40.80803787,16.47215328,281.9812082,285.3945157,0.006207751538,-0.005559198464,-0.003974770563,0.009232533117,,,,
1324,7.65,2.648,baseline — trained fixed gait,0.5,0,0,0,0,0,FL,1,0,-41.22049201,-34.29858353,307.4575838,312.0988427,0.03164907676,0.01001351011,-0.003832896974,0.03341594745,,,,
1324,7.65,2.648,baseline — trained fixed gait,0.5,0,0,0,0,0,FR,0,0,0,0,0,0,1.128247257,0.03456515182,-0.08773821274,1.132181354,,,,
1324,7.65,2.648,baseline — trained fixed gait,0.5,0,0,0,0,0,RL,0,0,0,0,0,0,1.242393561,0.102965824,0.1106931174,1.251557704,,,,
1324,7.65,2.648,baseline — trained fixed gait,0.5,0,0,0,0,0,RR,1,0,40.99208955,16.42143624,282.3481405,285.7804882,0.006212038436,-0.005591119744,-0.003964115369,0.009250094712,,,,
1325,7.652,2.65,baseline — trained fixed gait,0.5,0,0,0,0,0,FL,1,0,-46.65579566,-36.95105974,317.8239661,323.348446,0.03207186276,0.01007015208,-0.001838814528,0.03366591129,,,,
1325,7.652,2.65,baseline — trained fixed gait,0.5,0,0,0,0,0,FR,0,0,0,0,0,0,1.094809876,0.04817193795,-0.09688408279,1.100143503,,,,
1325,7.652,2.65,baseline — trained fixed gait,0.5,0,0,0,0,0,RL,0,0,0,0,0,0,1.232545754,0.09503417545,0.1025823661,1.240453011,,,,
1325,7.652,2.65,baseline — trained fixed gait,0.5,0,0,0,0,0,RR,1,0,41.43589343,16.66298179,286.0789132,289.5440084,0.006199895447,-0.005613916694,-0.003945883559,0.009247959843,,,,
1326,7.654,2.652,baseline — trained fixed gait,0.5,0,0,0,0,0,FL,1,0,-46.44545368,-37.19209439,318.0549307,323.5728217,0.03308130769,0.01043340912,-0.001185159161,0.0347078312,,,,
1326,7.654,2.652,baseline — trained fixed gait,0.5,0,0,0,0,0,FR,0,0,0,0,0,0,1.048994644,0.06112011992,-0.1314017273,1.058957906,,,,
1326,7.654,2.652,baseline — trained fixed gait,0.5,0,0,0,0,0,RL,0,0,0,0,0,0,1.221103925,0.08888381116,0.08758125684,1.227463076,,,,
1326,7.654,2.652,baseline — trained fixed gait,0.5,0,0,0,0,0,RR,1,0,41.64123996,16.70439275,286.340993,289.8347699,0.006176488196,-0.005675944187,-0.004160562184,0.009363526394,,,,
1327,7.656,2.654,baseline — trained fixed gait,0.5,0,0,0,0,0,FL,1,0,-46.19398001,-37.41046948,318.2530088,323.7567059,0.03364625789,0.01065169912,-0.0006738902638,0.03529849135,,,,
1327,7.656,2.654,baseline — trained fixed gait,0.5,0,0,0,0,0,FR,0,0,0,0,0,0,1.008469916,0.0744890901,-0.1556304819,1.023123181,,,,
1327,7.656,2.654,baseline — trained fixed gait,0.5,0,0,0,0,0,RL,0,0,0,0,0,0,1.210435252,0.08192967093,0.07582669902,1.215572153,,,,
1327,7.656,2.654,baseline — trained fixed gait,0.5,0,0,0,0,0,RR,1,0,41.8561621,16.73037555,286.5885227,290.1117459,0.00615018683,-0.00572943995,-0.004260533865,0.00942355713,,,,
1328,7.658,2.656,baseline — trained fixed gait,0.5,0,0,0,0,0,FL,1,0,-45.91962589,-37.61647751,318.4366572,323.9220833,0.03394690242,0.01078375577,-0.0002782609497,0.03561964348,,,,
1328,7.658,2.656,baseline — trained fixed gait,0.5,0,0,0,0,0,FR,0,0,0,0,0,0,0.9721187386,0.08797354547,-0.1720368978,0.9911361566,,,,
1328,7.658,2.656,baseline — trained fixed gait,0.5,0,0,0,0,0,RL,0,0,0,0,0,0,1.200200544,0.07439461293,0.0666314137,1.204348641,,,,
1328,7.658,2.656,baseline — trained fixed gait,0.5,0,0,0,0,0,RR,1,0,42.07819294,16.7419679,286.8222433,290.3753899,0.006122720911,-0.005775260772,-0.004288957169,0.009446507394,,,,
1329,7.66,2.658,baseline — trained fixed gait,0.5,0,0,0,0,0,FL,1,0,-45.63287764,-37.80841115,318.6132672,324.0775363,0.03409492912,0.01086627512,2.784434618e-05,0.03578464618,,,,
1329,7.66,2.658,baseline — trained fixed gait,0.5,0,0,0,0,0,FR,0,0,0,0,0,0,0.9390585041,0.1013548564,-0.1825938763,0.9620001064,,,,
1329,7.66,2.658,baseline — trained fixed gait,0.5,0,0,0,0,0,RL,0,0,0,0,0,0,1.190143174,0.06655064484,0.05943871433,1.19348344,,,,
1329,7.66,2.658,baseline — trained fixed gait,0.5,0,0,0,0,0,RR,1,0,42.30570301,16.74372572,287.0430675,290.6266461,0.006094834777,-0.00581432517,-0.004275910961,0.009446523313,,,,
1330,7.662,2.66,baseline — trained fixed gait,0.5,0,0,0,0,0,FL,1,0,-50.75002671,-40.47735574,329.6032632,335.934953,0.03415510783,0.01091942601,0.0002636742491,0.03585909619,,,,
1330,7.662,2.66,baseline — trained fixed gait,0.5,0,0,0,0,0,FR,0,0,0,0,0,0,0.9085913585,0.1144442035,-0.1888692946,0.9350440326,,,,
1330,7.662,2.66,baseline — trained fixed gait,0.5,0,0,0,0,0,RL,0,0,0,0,0,0,1.179970413,0.05846495372,0.05366748927,1.182636261,,,,
1330,7.662,2.66,baseline — trained fixed gait,0.5,0,0,0,0,0,RR,1,0,42.4904534,17.02980679,291.3036859,294.8784332,0.006066926242,-0.005847762803,-0.004241547228,0.009433697404,,,,
1331,7.664,2.662,baseline — trained fixed gait,0.5,0,0,0,0,0,FL,1,0,-50.5678083,-40.68902448,329.8516617,336.176767,0.03491828778,0.01128471145,-0.0002766090282,0.03669752099,,,,
1331,7.664,2.662,baseline — trained fixed gait,0.5,0,0,0,0,0,FR,0,0,0,0,0,0,0.8606755766,0.1264723974,-0.2324929827,0.9004502777,,,,
1331,7.664,2.662,baseline — trained fixed gait,0.5,0,0,0,0,0,RL,0,0,0,0,0,0,1.163600631,0.05289105335,0.03391015823,1.16529558,,,,
1331,7.664,2.662,baseline — trained fixed gait,0.5,0,0,0,0,0,RR,1,0,42.72538183,17.06021627,291.3917548,295.0011254,0.006087276753,-0.005919566389,-0.004480566296,0.009600608253,,,,
1332,7.666,2.664,baseline — trained fixed gait,0.5,0,0,0,0,0,FL,1,0,-50.32997738,-40.88482102,330.0422047,336.3517981,0.03535096678,0.01150135569,-0.0005260514077,0.03717860628,,,,
1332,7.666,2.664,baseline — trained fixed gait,0.5,0,0,0,0,0,FR,0,0,0,0,0,0,0.8199493024,0.1391952242,-0.2616264364,0.8718604024,,,,
1332,7.666,2.664,baseline — trained fixed gait,0.5,0,0,0,0,0,RL,0,0,0,0,0,0,1.14972264,0.04601823292,0.02015839357,1.150819789,,,,
1332,7.666,2.664,baseline — trained fixed gait,0.5,0,0,0,0,0,RR,1,0,42.97167781,17.06644723,291.4553992,295.100116,0.006093136724,-0.005974848846,-0.004579998984,0.009685118717,,,,
1333,7.668,2.666,baseline — trained fixed gait,0.5,0,0,0,0,0,FL,1,0,-50.05652644,-41.06950941,330.1962165,336.4846235,0.03558049322,0.01162889735,-0.0005966043279,0.03743739692,,,,
1333,7.668,2.666,baseline — trained fixed gait,0.5,0,0,0,0,0,FR,0,0,0,0,0,0,0.7848834627,0.1522049357,-0.2797609571,0.8470387155,,,,
1333,7.668,2.666,baseline — trained fixed gait,0.5,0,0,0,0,0,RL,0,0,0,0,0,0,1.137586229,0.03823681085,0.01100949938,1.138281903,,,,
1333,7.668,2.666,baseline — trained fixed gait,0.5,0,0,0,0,0,RR,1,0,43.22591039,17.05231415,291.496604,295.1771178,0.006090288219,-0.00601676078,-0.004593714024,0.009715720736,,,,
1334,7.67,2.668,baseline — trained fixed gait,0.5,0,0,0,0,0,FL,1,0,-49.76072006,-41.24647896,330.3269477,336.5906916,0.03568853523,0.01170415415,-0.0005607440674,0.03756292328,,,,
1334,7.67,2.668,baseline — trained fixed gait,0.5,0,0,0,0,0,FR,0,0,0,0,0,0,0.7542603266,0.1651938304,-0.2896921685,0.8246933942,,,,
1334,7.67,2.668,baseline — trained fixed gait,0.5,0,0,0,0,0,RL,0,0,0,0,0,0,1.126603768,0.02985550205,0.005341420433,1.127011949,,,,
1334,7.67,2.668,baseline — trained fixed gait,0.5,0,0,0,0,0,RR,1,0,43.48571566,17.02102086,291.5167386,295.2333509,0.006082063044,-0.006047878926,-0.004558660392,0.009713378143,,,,
1335,7.672,2.67,baseline — trained fixed gait,0.5,0,0,0,0,0,FL,1,0,-53.17677178,-43.23252437,338.7725593,345.6351648,0.03572404249,0.01174886768,-0.0004669241154,0.03760932228,,,,
1335,7.672,2.67,baseline — trained fixed gait,0.5,0,0,0,0,0,FR,0,0,0,0,0,0,0.7271131955,0.1779330978,-0.2936394537,0.8041006872,,,,
1335,7.672,2.67,baseline — trained fixed gait,0.5,0,0,0,0,0,RL,0,0,0,0,0,0,1.116319051,0.02111693785,0.002261942658,1.116521054,,,,
1335,7.672,2.67,baseline — trained fixed gait,0.5,0,0,0,0,0,RR,1,0,42.04951118,17.97717558,295.7004246,299.2157773,0.006070542218,-0.006070260005,-0.00449930497,0.009692434398,,,,
1336,7.674,2.672,baseline — trained fixed gait,0.5,0,0,0,0,0,FL,1,0,-52.93003802,-43.4268272,338.8966865,345.7433186,0.03623848005,0.01201755727,-0.0008987881001,0.03818974914,,,,
1336,7.674,2.672,baseline — trained fixed gait,0.5,0,0,0,0,0,FR,0,0,0,0,0,0,0.679631035,0.1898343519,-0.3418957111,0.7841097514,,,,
1336,7.674,2.672,baseline — trained fixed gait,0.5,0,0,0,0,0,RL,0,0,0,0,0,0,1.094884643,0.01614195989,-0.023144056,1.095248187,,,,
1336,7.674,2.672,baseline — trained fixed gait,0.5,0,0,0,0,0,RR,1,0,42.40390761,18.05314577,295.4845529,299.0570655,0.006221002563,-0.006322627352,-0.003434124682,0.009511556227,,,,
1337,7.676,2.674,baseline — trained fixed gait,0.5,0,0,0,0,0,FL,1,0,-52.64125644,-43.60627437,338.9763882,345.7999433,0.03651876413,0.01217437882,-0.001066747954,0.03850939606,,,,
1337,7.676,2.674,baseline — trained fixed gait,0.5,0,0,0,0,0,FR,0,0,0,0,0,0,0.6408470953,0.2025554891,-0.3722713914,0.7683096475,,,,
1337,7.676,2.674,baseline — trained fixed gait,0.5,0,0,0,0,0,RL,0,0,0,0,0,0,1.077758588,0.009310915282,-0.03949258839,1.078522105,,,,
1337,7.676,2.674,baseline — trained fixed gait,0.5,0,0,0,0,0,RR,1,0,42.74441235,18.07735697,295.2689556,298.8940143,0.006305189298,-0.006481643346,-0.002661944675,0.009426190217,,,,
1338,7.678,2.676,baseline — trained fixed gait,0.5,0,0,0,0,0,FL,1,0,-52.32590753,-43.77480826,339.0286778,345.824636,0.03665510197,0.01226429666,-0.001077024534,0.03866742111,,,,
1338,7.678,2.676,baseline — trained fixed gait,0.5,0,0,0,0,0,FR,0,0,0,0,0,0,0.6088905029,0.2156154991,-0.3891575178,0.7541095819,,,,
1338,7.678,2.676,baseline — trained fixed gait,0.5,0,0,0,0,0,RL,0,0,0,0,0,0,1.063765078,0.001199769173,-0.04897493548,1.064892542,,,,
1338,7.678,2.676,baseline — trained fixed gait,0.5,0,0,0,0,0,RR,1,0,43.07318746,18.0618237,295.0504705,298.7244702,0.006348683279,-0.006580717742,-0.00211144883,0.009384553348,,,,
1339,7.68,2.678,baseline — trained fixed gait,0.5,0,0,0,0,0,FL,1,0,-51.99422618,-43.93532227,339.0640511,345.8296443,0.03670567828,0.01231509918,-0.0009974523189,0.03872936091,,,,
1339,7.68,2.678,baseline — trained fixed gait,0.5,0,0,0,0,0,FR,0,0,0,0,0,0,0.5822652971,0.2286535013,-0.3960626315,0.7403924014,,,,
1339,7.68,2.678,baseline — trained fixed gait,0.5,0,0,0,0,0,RL,0,0,0,0,0,0,1.051978873,-0.007740252918,-0.05333664627,1.053358561,,,,
1339,7.68,2.678,baseline — trained fixed gait,0.5,0,0,0,0,0,RR,1,0,43.3924191,18.01525875,294.8248643,298.5450589,0.006368764435,-0.006640331785,-0.00172466771,0.009361070737,,,,
1340,7.682,2.68,baseline — trained fixed gait,0.5,0,0,0,0,0,FL,1,0,-54.55657455,-45.18025059,344.5922719,351.7975394,0.03670529767,0.01234312804,-0.0008721616776,0.03873489838,,,,
1340,7.682,2.68,baseline — trained fixed gait,0.5,0,0,0,0,0,FR,0,0,0,0,0,0,0.5597781417,0.2414030089,-0.3957646576,0.7268126615,,,,
1340,7.682,2.68,baseline — trained fixed gait,0.5,0,0,0,0,0,RL,0,0,0,0,0,0,1.041676882,-0.01715832803,-0.05395841516,1.043214573,,,,
1340,7.682,2.68,baseline — trained fixed gait,0.5,0,0,0,0,0,RR,1,0,44.44326788,17.98060964,297.7084126,301.5440354,0.006375320396,-0.006673373593,-0.001457852809,0.009343658816,,,,
1341,7.684,2.682,baseline — trained fixed gait,0.5,0,0,0,0,0,FL,1,0,-54.24681797,-45.3622762,344.5849046,351.7658452,0.03707712759,0.01250888999,-0.001092881684,0.03914562695,,,,
1341,7.684,2.682,baseline — trained fixed gait,0.5,0,0,0,0,0,FR,0,0,0,0,0,0,0.5134034791,0.2521639331,-0.4481275133,0.7266278619,,,,
1341,7.684,2.682,baseline — trained fixed gait,0.5,0,0,0,0,0,RL,0,0,0,0,0,0,1.015622852,-0.02181711263,-0.08594684012,1.019486451,,,,
1341,7.684,2.682,baseline — trained fixed gait,0.5,0,0,0,0,0,RR,1,0,44.76938681,17.98740982,297.3354007,301.2244767,0.006310923321,-0.006701108664,-0.001488724306,0.009324639969,,,,
1342,7.686,2.684,baseline — trained fixed gait,0.5,0,0,0,0,0,FL,1,0,-53.91060515,-45.53263095,344.5535966,351.7054944,0.03726966154,0.01260529005,-0.001142586658,0.03936021485,,,,
1342,7.686,2.684,baseline — trained fixed gait,0.5,0,0,0,0,0,FR,0,0,0,0,0,0,0.4772945607,0.263951481,-0.4791360278,0.7259833436,,,,
1342,7.686,2.684,baseline — trained fixed gait,0.5,0,0,0,0,0,RL,0,0,0,0,0,0,0.9958373612,-0.02887599762,-0.1053697797,1.001812689,,,,
1342,7.686,2.684,baseline — trained fixed gait,0.5,0,0,0,0,0,RR,1,0,45.090665,17.95194311,296.9496248,300.8895478,0.006269284005,-0.006722959154,-0.001476051227,0.009310253968,,,,
1343,7.688,2.686,baseline — trained fixed gait,0.5,0,0,0,0,0,FL,1,0,-53.55899216,-45.69357187,344.510907,351.6308194,0.03735262905,0.01266011654,-0.001094733237,0.03945498559,,,,
1343,7.688,2.686,baseline — trained fixed gait,0.5,0,0,0,0,0,FR,0,0,0,0,0,0,0.4492133069,0.276204728,-0.4941367478,0.7226705835,,,,
1343,7.688,2.686,baseline — trained fixed gait,0.5,0,0,0,0,0,RL,0,0,0,0,0,0,0.9806805322,-0.03756905212,-0.1153315473,0.9881533816,,,,
1343,7.688,2.686,baseline — trained fixed gait,0.5,0,0,0,0,0,RR,1,0,45.40786599,17.88140038,296.5477692,300.5365172,0.006242551807,-0.006735129572,-0.001439575514,0.009295364494,,,,
1344,7.69,2.688,baseline — trained fixed gait,0.5,0,0,0,0,0,FL,1,0,-53.19860354,-45.84695256,344.463092,351.5492231,0.03737034577,0.0126902685,-0.0009935356178,0.03947876354,,,,
1344,7.69,2.688,baseline — trained fixed gait,0.5,0,0,0,0,0,FR,0,0,0,0,0,0,0.4273641774,0.2885038786,-0.4973909144,0.7164302826,,,,
1344,7.69,2.688,baseline — trained fixed gait,0.5,0,0,0,0,0,RL,0,0,0,0,0,0,0.9688584268,-0.04729947244,-0.118298736,0.9771993053,,,,
1344,7.69,2.688,baseline — trained fixed gait,0.5,0,0,0,0,0,RR,1,0,45.72171648,17.78203167,296.1276662,300.1637398,0.006224760928,-0.006736846199,-0.001393008346,0.009277565283,,,,
1345,7.692,2.69,baseline — trained fixed gait,0.5,0,0,0,0,0,FL,1,0,-54.53648483,-46.94519549,349.7330113,357.059181,0.03734884161,0.01270549025,-0.0008671849218,0.0394603277,,,,
1345,7.692,2.69,baseline — trained fixed gait,0.5,0,0,0,0,0,FR,0,0,0,0,0,0,0.4103092798,0.3005398307,-0.4922620567,0.7078134128,,,,
1345,7.692,2.69,baseline — trained fixed gait,0.5,0,0,0,0,0,RL,0,0,0,0,0,0,0.959355745,-0.05760625625,-0.1162160867,0.9680847613,,,,
1345,7.692,2.69,baseline — trained fixed gait,0.5,0,0,0,0,0,RR,1,0,45.84657434,17.42010867,297.3808006,301.3979249,0.006212514266,-0.006728702165,-0.001344559205,0.009256273861,,,,
1346,7.694,2.692,baseline — trained fixed gait,0.5,0,0,0,0,0,FL,1,0,-54.1823495,-47.13746957,349.6024401,356.9026956,0.03755197168,0.01284454879,-0.001084148838,0.0397027504,,,,
1346,7.694,2.692,baseline — trained fixed gait,0.5,0,0,0,0,0,FR,0,0,0,0,0,0,0.3650013385,0.3094473127,-0.5508301864,0.7296557481,,,,
1346,7.694,2.692,baseline — trained fixed gait,0.5,0,0,0,0,0,RL,0,0,0,0,0,0,0.9294079642,-0.06198514358,-0.1544820794,0.9441959727,,,,
1346,7.694,2.692,baseline — trained fixed gait,0.5,0,0,0,0,0,RR,1,0,46.17060153,17.38765147,296.8042705,300.8767686,0.006254292211,-0.006689331785,-0.00141201322,0.009265911295,,,,
1347,7.696,2.694,baseline — trained fixed gait,0.5,0,0,0,0,0,FL,1,0,-53.81302146,-47.31581599,349.4636597,356.7344631,0.03764199654,0.01292524811,-0.001137733807,0.03981552939,,,,
1347,7.696,2.694,baseline — trained fixed gait,0.5,0,0,0,0,0,FR,0,0,0,0,0,0,0.3319743809,0.3196988421,-0.5836616371,0.743690289,,,,
1347,7.696,2.694,baseline — trained fixed gait,0.5,0,0,0,0,0,RL,0,0,0,0,0,0,0.9076849363,-0.06929028183,-0.1765684451,0.9272914874,,,,
1347,7.696,2.694,baseline — trained fixed gait,0.5,0,0,0,0,0,RR,1,0,46.4926868,17.30958119,296.2131241,300.3388194,0.006275918141,-0.006665750343,-0.001426177278,0.009265708703,,,,
1348,7.698,2.696,baseline — trained fixed gait,0.5,0,0,0,0,0,FL,1,0,-53.43513018,-47.48222169,349.3234941,356.5624462,0.03766172065,0.01297010181,-0.001096971648,0.03984761085,,,,
1348,7.698,2.696,baseline — trained fixed gait,0.5,0,0,0,0,0,FR,0,0,0,0,0,0,0.3085033933,0.330632999,-0.5973063787,0.7491778386,,,,
1348,7.698,2.696,baseline — trained fixed gait,0.5,0,0,0,0,0,RL,0,0,0,0,0,0,0.8920810286,-0.07856258026,-0.186539116,0.9147554222,,,,
1348,7.698,2.696,baseline — trained fixed gait,0.5,0,0,0,0,0,RR,1,0,46.81186285,17.19345493,295.6055658,299.7826145,0.00628598698,-0.006644807702,-0.001410045475,0.009255016475,,,,
1349,7.7,2.698,baseline — trained fixed gait,0.5,0,0,0,0,0,FL,1,0,-53.05282756,-47.63849705,349.1853255,356.3908255,0.03763942834,0.01299319434,-0.001004927303,0.03983163999,,,,
1349,7.7,2.698,baseline — trained fixed gait,0.5,0,0,0,0,0,FR,0,0,0,0,0,0,0.2923962958,0.3417554739,-0.5969727506,0.7474415447,,,,
1349,7.7,2.698,baseline — trained fixed gait,0.5,0,0,0,0,0,RL,0,0,0,0,0,0,0.8809313347,-0.08905821615,-0.1876169887,0.9050809449,,,,
1349,7.7,2.698,baseline — trained fixed gait,0.5,0,0,0,0,0,RR,1,0,47.127757,17.04609481,294.980036,299.2069793,0.006289430832,-0.006620319154,-0.001378786535,0.00923507543,,,,
1350,7.702,2.7,baseline — trained fixed gait,0.5,0,0,0,0,0,FL,1,0,-53.84578665,-47.33612924,348.4492977,355.748494,0.03759211412,0.01300287227,-0.000888857763,0.03978733215,,,,
1350,7.702,2.7,baseline — trained fixed gait,0.5,0,0,0,0,0,FR,0,0,0,0,0,0,0.2818918895,0.3527024545,-0.5867601631,0.740371223,,,,
1350,7.702,2.7,baseline — trained fixed gait,0.5,0,0,0,0,0,RL,0,0,0,0,0,0,0.8729255545,-0.1002058244,-0.1823365804,0.8973777686,,,,
1350,7.702,2.7,baseline — trained fixed gait,0.5,0,0,0,0,0,RR,1,0,47.39749141,16.4805548,295.6243347,299.8530943,0.006289313427,-0.006589871236,-0.001341827034,0.009207734036,,,,
1351,7.704,2.702,baseline — trained fixed gait,0.5,0,0,0,0,0,FL,1,0,-53.43294654,-47.51910323,348.2184828,355.484538,0.03767463422,0.01295829337,-0.0007274100781,0.03984751631,,,,
1351,7.704,2.702,baseline — trained fixed gait,0.5,0,0,0,0,0,FR,0,0,0,0,0,0,0.2388326115,0.3609613336,-0.6461267712,0.7776978237,,,,
1351,7.704,2.702,baseline — trained fixed gait,0.5,0,0,0,0,0,RL,0,0,0,0,0,0,0.8408921643,-0.1054910318,-0.2222285445,0.8761355579,,,,
1351,7.704,2.702,baseline — trained fixed gait,0.5,0,0,0,0,0,RR,1,0,47.73013848,16.42037936,294.8177747,299.1075313,0.006324051695,-0.006508286415,-0.001391721207,0.009180866507,,,,
1352,7.706,2.704,baseline — trained fixed gait,0.5,0,0,0,0,0,FL,1,0,-53.02445245,-47.69282105,348.0118909,355.2442455,0.03768444006,0.01293135381,-0.0005811612145,0.03984563567,,,,
1352,7.706,2.704,baseline — trained fixed gait,0.5,0,0,0,0,0,FR,0,0,0,0,0,0,0.2095701997,0.3706020736,-0.6770027328,0.7997488767,,,,
1352,7.706,2.704,baseline — trained fixed gait,0.5,0,0,0,0,0,RL,0,0,0,0,0,0,0.8182991207,-0.1139353212,-0.2437977854,0.8614128328,,,,
1352,7.706,2.704,baseline — trained fixed gait,0.5,0,0,0,0,0,RR,1,0,48.05770216,16.31100838,294.0011731,298.349261,0.00634200207,-0.006455308375,-0.001397634462,0.009156712214,,,,
1353,7.708,2.706,baseline — trained fixed gait,0.5,0,0,0,0,0,FL,1,0,-52.62041575,-47.85684969,347.8274718,355.0255432,0.03764981657,0.01291312084,-0.0004547746915,0.03980532876,,,,
1353,7.708,2.706,baseline — trained fixed gait,0.5,0,0,0,0,0,FR,0,0,0,0,0,0,0.1909860044,0.3809235306,-0.6868151746,0.80826572,,,,
1353,7.708,2.706,baseline — trained fixed gait,0.5,0,0,0,0,0,RL,0,0,0,0,0,0,0.8027491171,-0.1244608698,-0.2517480599,0.8504550187,,,,
1353,7.708,2.706,baseline — trained fixed gait,0.5,0,0,0,0,0,RR,1,0,48.37969306,16.16057714,293.1720295,297.5762051,0.006350458182,-0.006412172009,-0.001379600896,0.009129488903,,,,
1354,7.71,2.708,baseline — trained fixed gait,0.5,0,0,0,0,0,FL,1,0,-52.2204969,-48.01175403,347.6622367,354.8255059,0.03758960931,0.01289914997,-0.0003485648303,0.03974277664,,,,
1354,7.71,2.708,baseline — trained fixed gait,0.5,0,0,0,0,0,FR,0,0,0,0,0,0,0.1805674335,0.3914054662,-0.6814458475,0.8063319913,,,,
1354,7.71,2.708,baseline — trained fixed gait,0.5,0,0,0,0,0,RL,0,0,0,0,0,0,0.7923447473,-0.1362351238,-0.249797961,0.8418843322,,,,
1354,7.71,2.708,baseline — trained fixed gait,0.5,0,0,0,0,0,RR,1,0,48.69607446,15.97657287,292.3281893,296.7866722,0.006353483699,-0.006369562813,-0.001350663833,0.009097383048,,,,
1355,7.712,2.71,baseline — trained fixed gait,0.5,0,0,0,0,0,FL,1,0,-52.32963112,-47.3618093,345.797352,352.9268195,0.03751482526,0.01288696808,-0.0002616702339,0.03966742406,,,,
1355,7.712,2.71,baseline — trained fixed gait,0.5,0,0,0,0,0,FR,0,0,0,0,0,0,0.1762929826,0.4016682718,-0.6655022514,0.7970632741,,,,
1355,7.712,2.71,baseline — trained fixed gait,0.5,0,0,0,0,0,RL,0,0,0,0,0,0,0.7855908882,-0.148621767,-0.2408606249,0.8350181518,,,,
1355,7.712,2.71,baseline — trained fixed gait,0.5,0,0,0,0,0,RR,1,0,48.25914008,15.21600235,292.0899034,296.4405219,0.006353257776,-0.006323408711,-0.001318990784,0.009060304564,,,,
1356,7.714,2.712,baseline — trained fixed gait,0.5,0,0,0,0,0,FL,1,0,-51.88724464,-47.56644425,345.5190529,352.6163194,0.03748477674,0.01278593451,-8.030615399e-05,0.03960549277,,,,
1356,7.714,2.712,baseline — trained fixed gait,0.5,0,0,0,0,0,FR,0,0,0,0,0,0,0.1328400187,0.4082794599,-0.7305670092,0.847388189,,,,
1356,7.714,2.712,baseline — trained fixed gait,0.5,0,0,0,0,0,RL,0,0,0,0,0,0,0.7505513021,-0.1546230188,-0.2853121704,0.8177032283,,,,
1356,7.714,2.712,baseline — trained fixed gait,0.5,0,0,0,0,0,RR,1,0,48.586056,15.12409998,291.0658117,295.4803716,0.006476317746,-0.006207547763,-0.001332319286,0.00906925661,,,,
1357,7.716,2.714,baseline — trained fixed gait,0.5,0,0,0,0,0,FL,1,0,-51.45915804,-47.76062093,345.2860418,352.35149,0.03742125815,0.0127284921,4.128774225e-05,0.03952678557,,,,
1357,7.716,2.714,baseline — trained fixed gait,0.5,0,0,0,0,0,FR,0,0,0,0,0,0,0.1054649098,0.4164738694,-0.7630369776,0.8756704633,,,,
1357,7.716,2.714,baseline — trained fixed gait,0.5,0,0,0,0,0,RL,0,0,0,0,0,0,0.7265475354,-0.1641168158,-0.3085598027,0.8062349547,,,,
1357,7.716,2.714,baseline — trained fixed gait,0.5,0,0,0,0,0,RR,1,0,48.9074365,14.97889088,290.0360813,294.5118554,0.006547000034,-0.006129662768,-0.001321955807,0.009065513899,,,,
1358,7.718,2.716,baseline — trained fixed gait,0.5,0,0,0,0,0,FL,1,0,-51.042068,-47.94360865,345.0911408,352.1246623,0.03733790002,0.01269488381,0.0001172747643,0.03943719825,,,,
1358,7.718,2.716,baseline — trained fixed gait,0.5,0,0,0,0,0,FR,0,0,0,0,0,0,0.09047541026,0.4254808928,-0.7715393323,0.8857159428,,,,
1358,7.718,2.716,baseline — trained fixed gait,0.5,0,0,0,0,0,RL,0,0,0,0,0,0,0.7108082944,-0.1758773286,-0.3161089466,0.7975626196,,,,
1358,7.718,2.716,baseline — trained fixed gait,0.5,0,0,0,0,0,RR,1,0,49.22228374,14.78969214,288.9988084,293.5334384,0.006585102284,-0.00606707311,-0.001302349347,0.00904815241,,,,
1359,7.72,2.718,baseline — trained fixed gait,0.5,0,0,0,0,0,FL,1,0,-50.6332963,-48.11591411,344.9278048,351.9290588,0.03724394572,0.0126741378,0.0001592160349,0.03934171592,,,,
1359,7.72,2.718,baseline — trained fixed gait,0.5,0,0,0,0,0,FR,0,0,0,0,0,0,0.08489563964,0.434731743,-0.7628854078,0.8821525398,,,,
1359,7.72,2.718,baseline — trained fixed gait,0.5,0,0,0,0,0,RL,0,0,0,0,0,0,0.7011370855,-0.1889608668,-0.3123040799,0.7904639524,,,,
1359,7.72,2.718,baseline — trained fixed gait,0.5,0,0,0,0,0,RR,1,0,49.53020383,14.56496418,287.9517518,292.5433141,0.006603959193,-0.006008096019,-0.001281086475,0.009019461035,,,,
1360,7.722,2.72,baseline — trained fixed gait,0.5,0,0,0,0,0,FL,1,0,-50.3529683,-45.70828253,335.4320087,342.256192,0.03714454399,0.01265999853,0.0001756721905,0.03924313407,,,,
1360,7.722,2.72,baseline — trained fixed gait,0.5,0,0,0,0,0,FR,0,0,0,0,0,0,0.08632983492,0.4438133533,-0.7423916769,0.8692344533,,,,
1360,7.722,2.72,baseline — trained fixed gait,0.5,0,0,0,0,0,RL,0,0,0,0,0,0,0.6957997175,-0.2026490975,-0.3005408511,0.7845563757,,,,
1360,7.722,2.72,baseline — trained fixed gait,0.5,0,0,0,0,0,RR,1,0,44.21492224,12.24590823,285.2639789,288.9298518,0.006611426319,-0.005947393905,-0.001262500503,0.008982001991,,,,
1361,7.724,2.722,baseline — trained fixed gait,0.5,0,0,0,0,0,FL,1,0,-49.85252055,-45.93521033,335.1603149,341.9470047,0.03699042805,0.01233212197,0.0007872280897,0.03899990677,,,,
1361,7.724,2.722,baseline — trained fixed gait,0.5,0,0,0,0,0,FR,0,0,0,0,0,0,0.04171096413,0.4486534711,-0.813929703,0.9303285995,,,,
1361,7.724,2.722,baseline — trained fixed gait,0.5,0,0,0,0,0,RL,0,0,0,0,0,0,0.6570882844,-0.209357015,-0.3480512214,0.7724862626,,,,
1361,7.724,2.722,baseline — trained fixed gait,0.5,0,0,0,0,0,RR,1,0,44.64494477,12.1860343,283.9219082,287.6687687,0.007349980314,-0.005737747581,0.0008138694695,0.009359825929,,,,
1362,7.726,2.724,baseline — trained fixed gait,0.5,0,0,0,0,0,FL,1,0,-49.38859972,-46.1558451,334.9817761,341.7343795,0.03683397744,0.01214636607,0.001108308985,0.03880083055,,,,
1362,7.726,2.724,baseline — trained fixed gait,0.5,0,0,0,0,0,FR,0,0,0,0,0,0,0.01584341793,0.4551938162,-0.8484441171,0.9629692851,,,,
1362,7.726,2.724,baseline — trained fixed gait,0.5,0,0,0,0,0,RL,0,0,0,0,0,0,0.6308229185,-0.2198506126,-0.3720438924,0.7646492688,,,,
1362,7.726,2.724,baseline — trained fixed gait,0.5,0,0,0,0,0,RR,1,0,45.04448732,12.05978499,282.6175955,286.4387361,0.007780121188,-0.005603669073,0.002182051666,0.009833246781,,,,
1363,7.728,2.726,baseline — trained fixed gait,0.5,0,0,0,0,0,FL,1,0,-48.950229,-46.36722147,334.8771339,341.5973346,0.03667923825,0.01204218456,0.001239140938,0.03862533104,,,,
1363,7.728,2.726,baseline — trained fixed gait,0.5,0,0,0,0,0,FR,0,0,0,0,0,0,0.00434145029,0.4626131532,-0.8558940413,0.9729256845,,,,
1363,7.728,2.726,baseline — trained fixed gait,0.5,0,0,0,0,0,RL,0,0,0,0,0,0,0.6139094423,-0.232772115,-0.3787040931,0.7579475253,,,,
1363,7.728,2.726,baseline — trained fixed gait,0.5,0,0,0,0,0,RR,1,0,45.41667503,11.87983045,281.344669,285.2343379,0.008020385089,-0.005507493627,0.003049536752,0.01019601576,,,,
1364,7.73,2.728,baseline — trained fixed gait,0.5,0,0,0,0,0,FL,1,0,-48.52956185,-46.56893441,334.831214,341.5197299,0.03652875154,0.01198467492,0.001247866368,0.0384647799,,,,
1364,7.73,2.728,baseline — trained fixed gait,0.5,0,0,0,0,0,FR,0,0,0,0,0,0,0.003672314727,0.470310592,-0.844114989,0.9662999811,,,,
1364,7.73,2.728,baseline — trained fixed gait,0.5,0,0,0,0,0,RL,0,0,0,0,0,0,0.6038932527,-0.2470797395,-0.3729017564,0.7515258999,,,,
1364,7.73,2.728,baseline — trained fixed gait,0.5,0,0,0,0,0,RR,1,0,45.76474701,11.65691594,280.0933468,284.0467896,0.00815080515,-0.005427610473,0.003573923678,0.01042437099,,,,
1365,7.732,2.73,baseline — trained fixed gait,0.5,0,0,0,0,0,FL,1,0,-48.29369599,-46.9020043,324.9685954,331.8684485,0.03638259354,0.01195344269,0.001179776267,0.03831409371,,,,
1365,7.732,2.73,baseline — trained fixed gait,0.5,0,0,0,0,0,FR,1,1,-106.2730867,-73.7054674,216.9277274,252.55515,0.01099319963,0.4778536652,-0.8191975671,0.9484459024,0.003672314727,0.470310592,-0.844114989,0.9662999811
1365,7.732,2.73,baseline — trained fixed gait,0.5,0,0,0,0,0,RL,0,0,0,0,0,0,0.5988339781,-0.2619834961,-0.358432685,0.7454605793,,,,
1365,7.732,2.73,baseline — trained fixed gait,0.5,0,0,0,0,0,RR,1,0,42.4394487,9.067917397,274.1907907,277.6038971,0.008217319259,-0.005353191287,0.003865601732,0.0105415307,,,,
1366,7.734,2.732,baseline — trained fixed gait,0.5,0,0,0,0,0,FL,1,0,-47.88391109,-45.02440799,325.3600075,331.9325244,0.0360259851,0.01194685698,0.001723034707,0.03799431329,,,,
1366,7.734,2.732,baseline — trained fixed gait,0.5,0,0,0,0,0,FR,1,0,-80.29165301,-40.17283784,187.7545441,208.1162543,0.02700268214,0.2859804575,-0.4648887427,0.5464755347,,,,
1366,7.734,2.732,baseline — trained fixed gait,0.5,0,0,0,0,0,RL,0,0,0,0,0,0,0.5583376691,-0.2733184387,-0.4071264469,0.7430988261,,,,
1366,7.734,2.732,baseline — trained fixed gait,0.5,0,0,0,0,0,RR,1,0,42.65416029,8.522304214,272.6843286,276.1317623,0.008831175668,-0.004947194555,0.004337804111,0.01101276269,,,,
1367,7.736,2.734,baseline — trained fixed gait,0.5,0,0,0,0,0,FL,1,0,-47.51372464,-43.58945366,325.5090154,331.8338645,0.03580344582,0.01176191702,0.001920231797,0.03773482099,,,,
1367,7.736,2.734,baseline — trained fixed gait,0.5,0,0,0,0,0,FR,1,0,-61.95264141,-19.28883178,168.0985615,180.1868896,0.02992446417,0.1695617751,-0.2408438828,0.2960615561,,,,
1367,7.736,2.734,baseline — trained fixed gait,0.5,0,0,0,0,0,RL,0,0,0,0,0,0,0.5315001708,-0.2836261209,-0.4304083433,0.7403968868,,,,
1367,7.736,2.734,baseline — trained fixed gait,0.5,0,0,0,0,0,RR,1,0,42.86188828,8.299759889,271.1730969,274.665025,0.009219479566,-0.004656680869,0.004554825527,0.01128848598,,,,
1368,7.738,2.736,baseline — trained fixed gait,0.5,0,0,0,0,0,FL,1,0,-47.16782606,-42.54056194,325.4868861,331.6266217,0.03566626768,0.01148439807,0.001923945612,0.0375190034,,,,
1368,7.738,2.736,baseline — trained fixed gait,0.5,0,0,0,0,0,FR,1,0,-50.30782005,-6.808333864,153.6766429,161.8448045,0.02826655351,0.09902615089,-0.100672846,0.1440145775,,,,
1368,7.738,2.736,baseline — trained fixed gait,0.5,0,0,0,0,0,RL,0,0,0,0,0,0,0.5147984128,-0.2939473321,-0.4355858883,0.7356340843,,,,
1368,7.738,2.736,baseline — trained fixed gait,0.5,0,0,0,0,0,RR,1,0,43.05783017,8.261108464,269.6533346,273.1943329,0.009472437612,-0.00445543473,0.004616301644,0.0114406387,,,,
1369,7.74,2.738,baseline — trained fixed gait,0.5,0,0,0,0,0,FL,1,0,-46.84158124,-41.6358098,325.3348776,331.3162491,0.03558100677,0.01118487109,0.001824055365,0.0373421553,,,,
1369,7.74,2.738,baseline — trained fixed gait,0.5,0,0,0,0,0,FR,1,0,-41.63645282,1.482994082,145.1260187,150.9879292,0.02602647863,0.0564243804,-0.01412672893,0.06372325136,,,,
1369,7.74,2.738,baseline — trained fixed gait,0.5,0,0,0,0,0,RL,0,0,0,0,0,0,0.5055009686,-0.3047632533,-0.4282020213,0.7292248219,,,,
1369,7.74,2.738,baseline — trained fixed gait,0.5,0,0,0,0,0,RR,1,0,43.25218406,8.326642012,268.1096208,271.7036127,0.00963617411,-0.004320404138,0.004578111973,0.01151003269,,,,
1370,7.742,2.74,baseline — trained fixed gait,0.5,0,0,0,0,0,FL,1,0,-43.06745013,-39.59987287,333.849807,338.9375293,0.03553212621,0.01088832245,0.001675402046,0.03720073294,,,,
1370,7.742,2.74,baseline — trained fixed gait,0.5,0,0,0,0,0,FR,1,0,-42.19533941,20.73069078,223.7534222,228.6390215,0.02398413322,0.03059056199,0.03707780347,0.05371949962,,,,
1370,7.742,2.74,baseline — trained fixed gait,0.5,0,0,0,0,0,RL,0,0,0,0,0,0,0.5014946876,-0.316015529,-0.4124463048,0.7221320451,,,,
1370,7.742,2.74,baseline — trained fixed gait,0.5,0,0,0,0,0,RR,1,0,37.01457418,8.445195331,268.2217349,270.8953656,0.009740974469,-0.004235510656,0.00448028556,0.01152818688,,,,
1371,7.744,2.742,baseline — trained fixed gait,0.5,0,0,0,0,0,FL,1,0,-42.81019193,-38.64034661,332.713257,337.6742518,0.03528911384,0.01046205296,0.0009525801999,0.03681960777,,,,
1371,7.744,2.742,baseline — trained fixed gait,0.5,0,0,0,0,0,FR,1,0,-38.7808354,24.20473067,219.8059295,224.5093959,0.02396795979,0.01323282743,0.05961981008,0.06560558339,,,,
1371,7.744,2.742,baseline — trained fixed gait,0.5,0,0,0,0,0,RL,0,0,0,0,0,0,0.4631244494,-0.3266292279,-0.4543740201,0.7263791423,,,,
1371,7.744,2.742,baseline — trained fixed gait,0.5,0,0,0,0,0,RR,1,0,37.0454489,8.73031682,266.7615837,269.4630332,0.01068601141,-0.004190340634,0.004226922846,0.01223178937,,,,
1372,7.746,2.744,baseline — trained fixed gait,0.5,0,0,0,0,0,FL,1,0,-42.56626934,-37.75749589,331.4409377,336.2894749,0.03521942923,0.01009041409,0.0005401267873,0.03664036556,,,,
1372,7.746,2.744,baseline — trained fixed gait,0.5,0,0,0,0,0,FR,1,0,-36.43402199,26.46444539,216.8635432,221.4895058,0.02406692342,0.00279573918,0.07019010934,0.07425418783,,,,
1372,7.746,2.744,baseline — trained fixed gait,0.5,0,0,0,0,0,RL,0,0,0,0,0,0,0.4375002987,-0.3408255556,-0.4745501882,0.7299085229,,,,
1372,7.746,2.744,baseline — trained fixed gait,0.5,0,0,0,0,0,RR,1,0,37.09616223,8.980984212,265.2673458,267.9991568,0.0112568032,-0.004174898714,0.004005462864,0.01265658447,,,,
1373,7.748,2.746,baseline — trained fixed gait,0.5,0,0,0,0,0,FL,1,0,-42.33589702,-36.92830722,330.0476938,334.7947255,0.03525742581,0.009764544856,0.0003352426523,0.0365861285,,,,
1373,7.748,2.746,baseline — trained fixed gait,0.5,0,0,0,0,0,FR,1,0,-34.80948765,27.97198609,214.5517631,219.1497011,0.02436723832,-0.003461971089,0.0732938244,0.07731579556,,,,
1373,7.748,2.746,baseline — trained fixed gait,0.5,0,0,0,0,0,RL,0,0,0,0,0,0,0.4215321283,-0.3575654683,-0.4790672584,0.7314696421,,,,
1373,7.748,2.746,baseline — trained fixed gait,0.5,0,0,0,0,0,RR,1,0,37.15338593,9.192916207,263.7516588,266.5142047,0.0115984499,-0.004173755469,0.003809480215,0.01290179888,,,,
1374,7.75,2.748,baseline — trained fixed gait,0.5,0,0,0,0,0,FL,1,0,-42.11877193,-36.13632202,328.5450582,333.1991596,0.03535827182,0.009473772804,0.0002655489589,0.03660642394,,,,
1374,7.75,2.748,baseline — trained fixed gait,0.5,0,0,0,0,0,FR,1,0,-33.66341691,29.00872464,212.6342778,217.228147,0.02482895477,-0.00718921653,0.07184472396,0.07635329849,,,,
1374,7.75,2.748,baseline — trained fixed gait,0.5,0,0,0,0,0,RL,0,0,0,0,0,0,0.4127815631,-0.3760134465,-0.4726426845,0.7315502976,,,,
1374,7.75,2.748,baseline — trained fixed gait,0.5,0,0,0,0,0,RR,1,0,37.20871927,9.365685355,262.2209058,265.0132228,0.01180361941,-0.004177228269,0.003637068084,0.01303851723,,,,
1375,7.752,2.75,baseline — trained fixed gait,0.5,0,0,0,0,0,FL,1,0,-36.86226521,-30.20788513,317.2732601,320.8327672,0.03549549864,0.009209609326,0.0002826841206,0.03667188621,,,,
1375,7.752,2.75,baseline — trained fixed gait,0.5,0,0,0,0,0,FR,1,0,-34.68611529,42.27686151,269.2406528,274.7380366,0.0254193602,-0.009383789649,0.0677749401,0.07299069726,,,,
1375,7.752,2.75,baseline — trained fixed gait,0.5,0,0,0,0,0,RL,0,0,0,0,0,0,0.4093322711,-0.3955102962,-0.4588887224,0.7311362131,,,,
1375,7.752,2.75,baseline — trained fixed gait,0.5,0,0,0,0,0,RR,1,0,30.92153726,13.60963358,267.2914598,269.4180545,0.01192747515,-0.004180326755,0.003485264211,0.01311056299,,,,
1376,7.754,2.752,baseline — trained fixed gait,0.5,0,0,0,0,0,FL,1,0,-36.56266055,-29.36626571,314.7452831,318.2197338,0.03511449778,0.008307613504,0.001009573085,0.03609797272,,,,
1376,7.754,2.752,baseline — trained fixed gait,0.5,0,0,0,0,0,FR,1,0,-34.34792806,42.64619512,267.6873383,273.230652,0.02667591959,-0.01219519263,0.05835554174,0.06531230099,,,,
1376,7.754,2.752,baseline — trained fixed gait,0.5,0,0,0,0,0,RL,0,0,0,0,0,0,0.3435045959,-0.4178691736,-0.5418658173,0.7656556782,,,,
1376,7.754,2.752,baseline — trained fixed gait,0.5,0,0,0,0,0,RR,1,0,30.83769341,13.87086399,265.8065274,267.948641,0.01291461048,-0.004742963795,0.002883078993,0.01405684936,,,,
1377,7.756,2.754,baseline — trained fixed gait,0.5,0,0,0,0,0,FL,1,0,-36.33779055,-28.55718664,312.1818937,315.5843511,0.0350052295,0.007692064348,0.001524258099,0.03587279344,,,,
1377,7.756,2.754,baseline — trained fixed gait,0.5,0,0,0,0,0,FR,1,0,-33.98715105,42.85294033,265.9699765,271.5355029,0.02783764461,-0.01374788026,0.05017020228,0.05899989716,,,,
1377,7.756,2.754,baseline — trained fixed gait,0.5,0,0,0,0,0,RL,0,0,0,0,0,0,0.2975842789,-0.4450795827,-0.5909659178,0.7974289649,,,,
1377,7.756,2.754,baseline — trained fixed gait,0.5,0,0,0,0,0,RR,1,0,30.78387934,14.03944844,264.27946,266.4364583,0.01351382482,-0.005067589042,0.002513617655,0.01464998955,,,,
1378,7.758,2.756,baseline — trained fixed gait,0.5,0,0,0,0,0,FL,1,0,-36.16954231,-27.76386519,309.5668762,312.9068852,0.03506415219,0.007250140858,0.001897945942,0.03585612235,,,,
1378,7.758,2.756,baseline — trained fixed gait,0.5,0,0,0,0,0,FR,1,0,-33.59864101,42.963665,264.0996989,269.6727576,0.02889312236,-0.01454970289,0.04302408618,0.05382915907,,,,
1378,7.758,2.756,baseline — trained fixed gait,0.5,0,0,0,0,0,RL,0,0,0,0,0,0,0.2670538602,-0.4754791412,-0.6150393606,0.8219924532,,,,
1378,7.758,2.756,baseline — trained fixed gait,0.5,0,0,0,0,0,RR,1,0,30.74404099,14.13715479,262.7218821,264.8921337,0.01387907586,-0.005242394448,0.002297893789,0.01501305306,,,,
1379,7.76,2.758,baseline — trained fixed gait,0.5,0,0,0,0,0,FL,1,0,-36.04547326,-26.97550714,306.8911348,310.1759545,0.03522406436,0.006912723186,0.00217498411,0.03596179929,,,,
1379,7.76,2.758,baseline — trained fixed gait,0.5,0,0,0,0,0,FR,1,0,-33.18370544,43.01729121,262.0823441,267.654256,0.02986049475,-0.01490874796,0.03678479699,0.04966931852,,,,
1379,7.76,2.758,baseline — trained fixed gait,0.5,0,0,0,0,0,RL,0,0,0,0,0,0,0.2483271643,-0.5077892753,-0.6210271191,0.839756519,,,,
1379,7.76,2.758,baseline — trained fixed gait,0.5,0,0,0,0,0,RR,1,0,30.70793286,14.17985981,261.1397788,263.321153,0.01410643238,-0.005321824538,0.002182393028,0.01523404379,,,,
1380,7.762,2.76,baseline — trained fixed gait,0.5,0,0,0,0,0,FL,1,0,-29.63482122,-19.50635412,286.9212328,289.1064066,0.03544399395,0.006638351554,0.002384634182,0.0361390495,,,,
1380,7.762,2.76,baseline — trained fixed gait,0.5,0,0,0,0,0,FR,1,0,-30.78100448,51.46589939,289.8891906,296.0269445,0.03075126724,-0.01500728255,0.03133632971,0.04639854013,,,,
1380,7.762,2.76,baseline — trained fixed gait,0.5,0,0,0,0,0,RL,0,0,0,0,0,0,0.2385576353,-0.5410368146,-0.6143134704,0.852649764,,,,
1380,7.762,2.76,baseline — trained fixed gait,0.5,0,0,0,0,0,RR,1,0,26.00043183,21.66266207,260.7836453,262.9703463,0.01425274177,-0.005340607181,0.00212911479,0.01536866496,,,,
1381,7.764,2.762,baseline — trained fixed gait,0.5,0,0,0,0,0,FL,1,0,-29.3998534,-18.84970239,283.216517,285.361627,0.03496231565,0.005531278744,0.003696317769,0.03558962384,,,,
1381,7.764,2.762,baseline — trained fixed gait,0.5,0,0,0,0,0,FR,1,0,-30.48510398,51.00876537,287.8881943,293.9572216,0.03133491532,-0.01601262469,0.02458245745,0.04292526391,,,,
1381,7.764,2.762,baseline — trained fixed gait,0.5,0,0,0,0,0,RL,0,0,0,0,0,0,0.1581976311,-0.5799253211,-0.7178393713,0.9362869387,,,,
1381,7.764,2.762,baseline — trained fixed gait,0.5,0,0,0,0,0,RR,1,0,25.90702054,21.71289172,259.283423,261.4775646,0.01497470055,-0.006362790109,0.002004182943,0.01639339818,,,,
1382,7.766,2.764,baseline — trained fixed gait,0.5,0,0,0,0,0,FL,1,0,-29.27661709,-18.19645209,279.5516787,281.6689053,0.03483252088,0.004834433813,0.004498840693,0.03545300874,,,,
1382,7.766,2.764,baseline — trained fixed gait,0.5,0,0,0,0,0,FR,1,0,-30.11518294,50.55658601,285.6648917,291.6630299,0.03196972598,-0.01643297528,0.01934048392,0.04081862778,,,,
1382,7.766,2.764,baseline — trained fixed gait,0.5,0,0,0,0,0,RL,0,0,0,0,0,0,0.1036906338,-0.6234386499,-0.7781084034,1.002437123,,,,
1382,7.766,2.764,baseline — trained fixed gait,0.5,0,0,0,0,0,RR,1,0,25.82196036,21.64973748,257.7733162,259.9664734,0.01540281736,-0.0069126299,0.001936563023,0.01699357265,,,,
1383,7.768,2.766,baseline — trained fixed gait,0.5,0,0,0,0,0,FL,1,0,-29.2363374,-17.53018983,275.8958369,277.9938557,0.03492057363,0.004380032836,0.004960814444,0.0355420994,,,,
1383,7.768,2.766,baseline — trained fixed gait,0.5,0,0,0,0,0,FR,1,0,-29.68627995,50.12678592,283.2483141,289.177415,0.03260351072,-0.01651569793,0.01519282979,0.03958003621,,,,
1383,7.768,2.766,baseline — trained fixed gait,0.5,0,0,0,0,0,RL,0,0,0,0,0,0,0.06921317125,-0.6696045529,-0.8064475159,1.050484801,,,,
1383,7.768,2.766,baseline — trained fixed gait,0.5,0,0,0,0,0,RR,1,0,25.73726774,21.51090337,256.253151,258.4391675,0.01565695987,-0.007172835351,0.001898995957,0.01732616937,,,,
1384,7.77,2.768,baseline — trained fixed gait,0.5,0,0,0,0,0,FL,1,0,-29.25929199,-16.84180987,272.2301601,274.3155351,0.03514017573,0.004067073492,0.005192793695,0.03575385495,,,,
1384,7.77,2.768,baseline — trained fixed gait,0.5,0,0,0,0,0,FR,1,0,-29.21183946,49.72568519,280.6606309,286.5246326,0.03321533271,-0.0164079477,0.01185620781,0.03889792717,,,,
1384,7.77,2.768,baseline — trained fixed gait,0.5,0,0,0,0,0,RL,0,0,0,0,0,0,0.05013280958,-0.7169306738,-0.8117388293,1.084169183,,,,
1384,7.77,2.768,baseline — trained fixed gait,0.5,0,0,0,0,0,RR,1,0,25.64824756,21.32204791,254.7206908,256.8951005,0.01581138732,-0.007255418608,0.001876115992,0.01749745351,,,,
1385,7.772,2.77,baseline — trained fixed gait,0.5,0,0,0,0,0,FL,1,0,-23.46599193,-10.48251599,242.6016028,243.9591638,0.03543820541,0.003835634783,0.005269243535,0.03603253286,,,,
1385,7.772,2.77,baseline — trained fixed gait,0.5,0,0,0,0,0,FR,1,0,-25.23318749,51.08500096,288.1075393,293.687496,0.03379471384,-0.01619495333,0.009130796183,0.03857111142,,,,
1385,7.772,2.77,baseline — trained fixed gait,0.5,0,0,0,0,0,RL,0,0,0,0,0,0,0.04275899363,-0.7643035969,-0.8008659593,1.107869399,,,,
1385,7.772,2.77,baseline — trained fixed gait,0.5,0,0,0,0,0,RR,1,0,20.50131301,28.10339713,235.8209118,238.3728324,0.01590966886,-0.007230116912,0.001858326571,0.01757400158,,,,
1386,7.774,2.772,baseline — trained fixed gait,0.5,0,0,0,0,0,FL,1,0,-27.67317801,-9.133683861,237.9521399,239.7299519,0.03502892366,0.002893708626,0.006972052952,0.03583306524,,,,
1386,7.774,2.772,baseline — trained fixed gait,0.5,0,0,0,0,0,FR,1,0,-24.79142426,50.28528123,285.6631901,291.1128345,0.03372436641,-0.01614762197,0.006251937582,0.03790996318,,,,
1386,7.774,2.772,baseline — trained fixed gait,0.5,0,0,0,0,0,RL,0,0,0,0,0,0,-0.04374709144,-0.815029791,-0.9097307635,1.22221006,,,,
1386,7.774,2.772,baseline — trained fixed gait,0.5,0,0,0,0,0,RR,1,0,20.4535902,27.9509998,234.3623643,236.9078418,0.01653769908,-0.008146989854,0.003022712363,0.0186816949,,,,
1387,7.776,2.774,baseline — trained fixed gait,0.5,0,0,0,0,0,FL,1,0,-27.38105522,-8.781394521,233.2864158,235.0518812,0.03537191977,0.00269423678,0.01181170795,0.03738914367,,,,
1387,7.776,2.774,baseline — trained fixed gait,0.5,0,0,0,0,0,FR,1,0,-24.33636895,49.46201838,283.0603559,288.3780768,0.03383418027,-0.01594287832,0.00401550752,0.03761716928,,,,
1387,7.776,2.774,baseline — trained fixed gait,0.5,0,0,0,0,0,RL,0,0,0,0,0,0,-0.09978775513,-0.8698376083,-0.969413456,1.306268544,,,,
1387,7.776,2.774,baseline — trained fixed gait,0.5,0,0,0,0,0,RR,1,0,20.37818999,27.78188018,232.9773981,235.5112981,0.01687736275,-0.008599367259,0.00359736951,0.01928044496,,,,
1388,7.778,2.776,baseline — trained fixed gait,0.5,0,0,0,0,0,FL,1,0,-27.2627797,-8.347233588,228.8269026,230.5963721,0.03571961029,0.002590210411,0.01480313065,0.03875219254,,,,
1388,7.778,2.776,baseline — trained fixed gait,0.5,0,0,0,0,0,FR,1,0,-23.86254564,48.73525862,280.3207474,285.5245488,0.03404837927,-0.01564568071,0.002245806253,0.03753828847,,,,
1388,7.778,2.776,baseline — trained fixed gait,0.5,0,0,0,0,0,RL,0,0,0,0,0,0,-0.1323103076,-0.9266882292,-0.9930852146,1.36472537,,,,
1388,7.778,2.776,baseline — trained fixed gait,0.5,0,0,0,0,0,RR,1,0,20.27266455,27.53727109,231.6506134,234.1608185,0.01704518648,-0.008782784411,0.003776014268,0.01954313096,,,,
1389,7.78,2.778,baseline — trained fixed gait,0.5,0,0,0,0,0,FL,1,0,-27.27144644,-7.840033763,224.5132716,226.2993749,0.03607868998,0.002527944081,0.0165361998,0.0397681817,,,,
1389,7.78,2.778,baseline — trained fixed gait,0.5,0,0,0,0,0,FR,1,0,-23.37027005,48.09151639,277.4533835,282.5585665,0.03431278269,-0.01530648554,0.0008188753858,0.0375809275,,,,
1389,7.78,2.778,baseline — trained fixed gait,0.5,0,0,0,0,0,RL,0,0,0,0,0,0,-0.1468224879,-0.9839522132,-0.9910507879,1.404243734,,,,
1389,7.78,2.778,baseline — trained fixed gait,0.5,0,0,0,0,0,RR,1,0,20.14272304,27.24820896,230.3636044,232.8424025,0.01711933966,-0.008802059926,0.003701742113,0.01960231986,,,,
1390,7.782,2.78,baseline — trained fixed gait,0.5,0,0,0,0,0,FL,1,0,-26.85747097,-4.720502569,166.5008105,168.7190765,0.03646111271,0.002482600899,0.01742394303,0.04048666247,,,,
1390,7.782,2.78,baseline — trained fixed gait,0.5,0,0,0,0,0,FR,1,0,-18.1771392,44.60199721,271.1169001,275.3617985,0.03459624039,-0.01495437602,-0.0003571997611,0.03769165429,,,,
1390,7.782,2.78,baseline — trained fixed gait,0.5,0,0,0,0,0,RL,0,0,0,0,0,0,-0.147718183,-1.040440124,-0.9712495576,1.430965414,,,,
1390,7.782,2.78,baseline — trained fixed gait,0.5,0,0,0,0,0,RR,1,0,10.80951376,29.86316205,179.44069,182.2295674,0.01714480051,-0.008722344592,0.003475394158,0.01954742551,,,,
1391,7.784,2.782,baseline — trained fixed gait,0.5,0,0,0,0,0,FL,1,0,-27.1292418,-5.219103066,162.895472,165.2215772,0.03657140757,0.00208591739,0.02135050099,0.04239885371,,,,
1391,7.784,2.782,baseline — trained fixed gait,0.5,0,0,0,0,0,FR,1,0,-17.65279301,38.52273724,267.1007166,270.4411492,0.03400226183,-0.01423442006,-0.001053980966,0.03687659692,,,,
1391,7.784,2.782,baseline — trained fixed gait,0.5,0,0,0,0,0,RL,1,1,-81.21844293,172.4821196,255.1198942,318.4849721,-0.2429798853,-1.091142521,-1.084771137,1.557677645,-0.147718183,-1.040440124,-0.9712495576,1.430965414
1391,7.784,2.782,baseline — trained fixed gait,0.5,0,0,0,0,0,RR,1,0,11.49030908,36.71904192,179.6339701,183.7081339,0.01815481881,-0.00908090724,0.006684158051,0.02137143634,,,,
1392,7.786,2.784,baseline — trained fixed gait,0.5,0,0,0,0,0,FL,1,0,-27.23892102,-4.069580578,158.8164022,161.1867548,0.03671835455,0.002038733123,0.02312286063,0.04344031166,,,,
1392,7.786,2.784,baseline — trained fixed gait,0.5,0,0,0,0,0,FR,1,0,-17.16882978,41.35958582,264.6287009,268.3910084,0.03400786717,-0.01282474278,-0.001972828493,0.03639919105,,,,
1392,7.786,2.784,baseline — trained fixed gait,0.5,0,0,0,0,0,RL,1,0,-72.57282677,130.6669066,225.3384872,270.4035678,-0.1058366832,-0.7174567199,-0.6396325304,0.9669929278,,,,
1392,7.786,2.784,baseline — trained fixed gait,0.5,0,0,0,0,0,RR,1,0,11.14830046,34.63682678,180.5290728,184.1595518,0.01804497803,-0.01016459668,0.008188934696,0.02227103296,,,,
1393,7.788,2.786,baseline — trained fixed gait,0.5,0,0,0,0,0,FL,1,0,-27.39601618,-3.144046846,154.5687519,157.0093175,0.036997853,0.00184832438,0.02357443524,0.04390912691,,,,
1393,7.788,2.786,baseline — trained fixed gait,0.5,0,0,0,0,0,FR,1,0,-16.76463991,43.53329089,262.4566733,266.5702645,0.03400488815,-0.01223636935,-0.00272889817,0.03624235144,,,,
1393,7.788,2.786,baseline — trained fixed gait,0.5,0,0,0,0,0,RL,1,0,-54.37663449,87.69395926,194.7152867,220.3658135,-0.04637165899,-0.4428477932,-0.3513323468,0.5671850814,,,,
1393,7.788,2.786,baseline — trained fixed gait,0.5,0,0,0,0,0,RR,1,0,9.414562661,32.58258071,180.9313102,184.0825835,0.01795072382,-0.01086629794,0.008390095668,0.02259864203,,,,
1394,7.79,2.788,baseline — trained fixed gait,0.5,0,0,0,0,0,FL,1,0,-27.62538965,-2.592601718,150.2876516,152.8275563,0.03738532474,0.001610922162,0.02322364215,0.04404083481,,,,
1394,7.79,2.788,baseline — trained fixed gait,0.5,0,0,0,0,0,FR,1,0,-16.39062076,44.58473897,260.3966589,264.6939201,0.03387420782,-0.01212044696,-0.003443829625,0.03614176466,,,,
1394,7.79,2.788,baseline — trained fixed gait,0.5,0,0,0,0,0,RL,1,0,-41.77420094,59.47289809,174.4636291,188.9964745,-0.01484822686,-0.2704867383,-0.1721813984,0.3209828335,,,,
1394,7.79,2.788,baseline — trained fixed gait,0.5,0,0,0,0,0,RR,1,0,9.197956676,30.62542391,180.6598803,183.4680118,0.01798846839,-0.01134884421,0.009146435965,0.02315250636,,,,
1395,7.792,2.79,baseline — trained fixed gait,0.5,0,0,0,0,0,FL,1,0,-34.49127962,1.453178377,29.953715,45.70541696,0.03784892386,0.00140543906,0.02240645196,0.04400642437,,,,
1395,7.792,2.79,baseline — trained fixed gait,0.5,0,0,0,0,0,FR,1,0,-14.01500061,33.74534566,248.2567244,250.9314045,0.0336672696,-0.01216831718,-0.00413657263,0.03603698404,,,,
1395,7.792,2.79,baseline — trained fixed gait,0.5,0,0,0,0,0,RL,1,0,-21.48831231,23.75887631,236.3342523,238.4955148,0.001900453309,-0.1645730494,-0.06138218251,0.1756578283,,,,
1395,7.792,2.79,baseline — trained fixed gait,0.5,0,0,0,0,0,RR,1,0,-6.205795697,25.95065435,122.0478165,124.9304521,0.01804326923,-0.01143557183,0.009158225745,0.02324230983,,,,
1396,7.794,2.792,baseline — trained fixed gait,0.5,0,0,0,0,0,FL,1,0,-33.97199897,0.3827268568,28.62893819,44.42813631,0.05051978263,-0.006774225533,0.04104722171,0.06544473225,,,,
1396,7.794,2.792,baseline — trained fixed gait,0.5,0,0,0,0,0,FR,1,0,-13.62971669,33.71755283,246.9803136,249.6435816,0.03280447819,-0.01081099005,-0.003987460413,0.03476939941,,,,
1396,7.794,2.792,baseline — trained fixed gait,0.5,0,0,0,0,0,RL,1,0,-15.56069899,12.71384649,227.1758061,228.0627636,0.009387523521,-0.09840844888,0.0008638299409,0.09885896323,,,,
1396,7.794,2.792,baseline — trained fixed gait,0.5,0,0,0,0,0,RR,1,0,-6.134697594,24.93577771,119.8814896,122.600975,0.02041126826,-0.01084837735,0.01314631444,0.02659196771,,,,
1397,7.796,2.794,baseline — trained fixed gait,0.5,0,0,0,0,0,FL,1,0,-33.43211673,0,27.86009728,43.51886315,0.06335397775,-0.01638800465,0.0566009606,0.08652145361,,,,
1397,7.796,2.794,baseline — trained fixed gait,0.5,0,0,0,0,0,FR,1,0,-13.31060244,33.46691821,245.8394291,248.4637431,0.03208593094,-0.01002815647,-0.00419953132,0.03387782386,,,,
1397,7.796,2.794,baseline — trained fixed gait,0.5,0,0,0,0,0,RL,1,0,-13.18961704,7.057563996,219.1612279,219.6711611,0.01320804277,-0.05861531233,0.03722182378,0.07068006365,,,,
1397,7.796,2.794,baseline — trained fixed gait,0.5,0,0,0,0,0,RR,1,0,-6.114534995,24.12924996,117.7153506,120.3183777,0.02187952235,-0.01042111403,0.01497252853,0.02848665875,,,,
1398,7.798,2.796,baseline — trained fixed gait,0.5,0,0,0,0,0,FL,1,0,-32.84966402,0,27.37472002,42.76067963,0.07739787951,-0.02541940266,0.07020689029,0.1075434109,,,,
1398,7.798,2.796,baseline — trained fixed gait,0.5,0,0,0,0,0,FR,1,0,-13.02527958,33.15161119,244.8127931,247.3903614,0.03146925742,-0.00955100727,-0.004621373203,0.03320983277,,,,
1398,7.798,2.796,baseline — trained fixed gait,0.5,0,0,0,0,0,RL,1,0,-10.17600814,2.862040054,214.3012467,214.5618017,0.01538681765,-0.03468151217,0.0581585372,0.06944045574,,,,
1398,7.798,2.796,baseline — trained fixed gait,0.5,0,0,0,0,0,RR,1,0,-6.143013672,23.31312687,115.5344206,118.0230522,0.02281707865,-0.01013088586,0.01541428134,0.02934031349,,,,
1399,7.8,2.798,baseline — trained fixed gait,0.5,0,0,0,0,0,FL,1,0,-32.44744067,0,27.03953389,42.23710216,0.09310805572,-0.03276612595,0.08237818289,0.1285647466,,,,
1399,7.8,2.798,baseline — trained fixed gait,0.5,0,0,0,0,0,FR,1,0,-12.7725958,32.76471881,243.8915146,246.4137515,0.0309143201,-0.009243425985,-0.005150953356,0.03267519597,,,,
1399,7.8,2.798,baseline — trained fixed gait,0.5,0,0,0,0,0,RL,1,0,-8.042740812,0.3215347944,210.5887115,210.7424838,0.01655959279,-0.0202906394,0.06808938485,0.07295268665,,,,
1399,7.8,2.798,baseline — trained fixed gait,0.5,0,0,0,0,0,RR,1,0,-6.2139357,22.56561687,113.3559649,115.7471159,0.02345864441,-0.009924229293,0.01501588765,0.02956814514,,,,
1400,7.802,2.8,baseline — trained fixed gait,0.5,0,0,0,0,0,FL,1,0,-49.32574764,0,41.1047897,64.20773408,0.1093851207,-0.03848236021,0.09297476035,0.1486280685,,,,
1400,7.802,2.8,baseline — trained fixed gait,0.5,0,0,0,0,0,FR,1,0,-11.64466527,19.44630451,232.6010793,233.7028435,0.03040005558,-0.009022809599,-0.00571933295,0.03222243383,,,,
1400,7.802,2.8,baseline — trained fixed gait,0.5,0,0,0,0,0,RL,1,0,7.615672056,-17.38019182,249.2727721,249.9939688,0.01723850086,-0.01165141984,0.07112252677,0.07410354452,,,,
1400,7.802,2.8,baseline — trained fixed gait,0.5,0,0,0,0,0,RR,1,0,-25.94062852,0,21.61719043,33.76713091,0.02393232889,-0.00977533076,0.01414444992,0.02946826974,,,,
1401,7.804,2.802,baseline — trained fixed gait,0.5,0,0,0,0,0,FL,0,0,0,0,0,0,0.3149569538,-0.07367258581,0.337072805,0.4671655044,,,,
1401,7.804,2.802,baseline — trained fixed gait,0.5,0,0,0,0,0,FR,1,0,-13.25480838,18.97842454,231.8267749,232.9796646,0.0296486804,-0.007112588998,-0.005479681645,0.03097838089,,,,
1401,7.804,2.802,baseline — trained fixed gait,0.5,0,0,0,0,0,RL,1,0,8.352774981,-18.3874585,248.4453071,249.2647951,0.01557893652,-0.004355104261,0.06724286254,0.06916120848,,,,
1401,7.804,2.802,baseline — trained fixed gait,0.5,0,0,0,0,0,RR,1,0,-24.34125397,0,20.28437831,31.68521182,0.07202666098,-0.02105989471,0.07506333721,0.1061407728,,,,
1402,7.806,2.804,baseline — trained fixed gait,0.5,0,0,0,0,0,FL,0,0,0,0,0,0,0.6451430144,-0.07962886414,0.5111802859,0.8269555911,,,,
1402,7.806,2.804,baseline — trained fixed gait,0.5,0,0,0,0,0,FR,1,0,-13.07895981,18.21130554,231.3758695,232.4596822,0.02903369678,-0.006162237075,-0.003962990069,0.02994384752,,,,
1402,7.806,2.804,baseline — trained fixed gait,0.5,0,0,0,0,0,RL,1,0,8.961929816,-18.8030224,247.6261294,248.5006435,0.01462491449,-4.280442186e-05,0.06211868361,0.06381708869,,,,
1402,7.806,2.804,baseline — trained fixed gait,0.5,0,0,0,0,0,RR,1,0,-22.76784846,0,18.97320705,29.63709684,0.110955857,-0.03594728315,0.1194207034,0.1669272709,,,,
1403,7.808,2.806,baseline — trained fixed gait,0.5,0,0,0,0,0,FL,0,0,0,0,0,0,0.8946011035,-0.06732495866,0.6207333919,1.09094167,,,,
1403,7.808,2.806,baseline — trained fixed gait,0.5,0,0,0,0,0,FR,1,0,-12.99180105,17.55921071,231.0517856,232.0819691,0.02848352166,-0.005527238755,-0.003227289592,0.02919377969,,,,
1403,7.808,2.806,baseline — trained fixed gait,0.5,0,0,0,0,0,RL,1,0,9.363457026,-19.01568108,247.1300537,248.0373639,0.01409976207,0.002471013981,0.0564971417,0.05828238346,,,,
1403,7.808,2.806,baseline — trained fixed gait,0.5,0,0,0,0,0,RR,0,0,0,0,0,0,0.1437501523,-0.05373250903,0.1510135793,0.2153053412,,,,
1404,7.81,2.808,baseline — trained fixed gait,0.5,0,0,0,0,0,FL,0,0,0,0,0,0,1.082581801,-0.0425747942,0.683273778,1.280882127,,,,
1404,7.81,2.808,baseline — trained fixed gait,0.5,0,0,0,0,0,FR,1,0,-12.86480393,16.93762305,230.7021386,231.6805192,0.02798675954,-0.005109385728,-0.002986328469,0.02860564088,,,,
1404,7.81,2.808,baseline — trained fixed gait,0.5,0,0,0,0,0,RL,1,0,9.670988857,-19.1800044,246.7467634,247.6799666,0.01382186868,0.003924107324,0.05080205731,0.0527948075,,,,
1404,7.81,2.808,baseline — trained fixed gait,0.5,0,0,0,0,0,RR,0,0,0,0,0,0,0.2576120638,-0.08029830728,0.1759488228,0.322133174,,,,
1405,7.812,2.81,baseline — trained fixed gait,0.5,0,0,0,0,0,FL,0,0,0,0,0,0,1.224002157,-0.009872819391,0.7118734909,1.415995276,,,,
1405,7.812,2.81,baseline — trained fixed gait,0.5,0,0,0,0,0,FR,1,0,-6.236224187,6.149074361,206.6982274,206.8836843,0.02753280213,-0.004813822519,-0.003048324332,0.02811619394,,,,
1405,7.812,2.81,baseline — trained fixed gait,0.5,0,0,0,0,0,RL,1,0,21.05672323,-24.41958454,256.0121442,258.0347258,0.01369418514,0.004757320639,0.04529053667,0.0475541325,,,,
1405,7.812,2.81,baseline — trained fixed gait,0.5,0,0,0,0,0,RR,0,0,0,0,0,0,0.3566475203,-0.1073129122,0.1899057121,0.4180642227,,,,
1406,7.814,2.812,baseline — trained fixed gait,0.5,0,0,0,0,0,FL,0,0,0,0,0,0,1.451038774,0.007796327979,0.8212112514,1.667321872,,,,
1406,7.814,2.812,baseline — trained fixed gait,0.5,0,0,0,0,0,FR,1,0,-6.03290917,5.611814081,206.5127526,206.6770559,0.02605811098,-0.00312955298,-0.001558359162,0.02629159054,,,,
1406,7.814,2.812,baseline — trained fixed gait,0.5,0,0,0,0,0,RL,1,0,21.35236444,-23.68916028,256.0059151,257.9847444,0.01209568819,0.005852164692,0.03947387374,0.04169820395,,,,
1406,7.814,2.812,baseline — trained fixed gait,0.5,0,0,0,0,0,RR,0,0,0,0,0,0,0.653307689,-0.1022211933,0.3821441248,0.7637370235,,,,
1407,7.816,2.814,baseline — trained fixed gait,0.5,0,0,0,0,0,FL,0,0,0,0,0,0,1.612049427,0.03885741083,0.8803395275,1.837174716,,,,
1407,7.816,2.814,baseline — trained fixed gait,0.5,0,0,0,0,0,FR,1,0,-5.897673028,5.179088913,206.4242607,206.5734274,0.02501429907,-0.002131505456,-0.0009814388151,0.02512412577,,,,
1407,7.816,2.814,baseline — trained fixed gait,0.5,0,0,0,0,0,RL,1,0,21.57291184,-23.15642421,256.0204103,257.9691086,0.01116812153,0.006355517078,0.03433792508,0.03666350548,,,,
1407,7.816,2.814,baseline — trained fixed gait,0.5,0,0,0,0,0,RR,0,0,0,0,0,0,0.8732124539,-0.1092333667,0.5059513902,1.015095428,,,,
1408,7.818,2.816,baseline — trained fixed gait,0.5,0,0,0,0,0,FL,0,0,0,0,0,0,1.72375509,0.07816291322,0.9031062941,1.947573369,,,,
1408,7.818,2.816,baseline — trained fixed gait,0.5,0,0,0,0,0,FR,1,0,-5.808043631,4.819566161,206.414442,206.5523746,0.02424880622,-0.001546378798,-0.0009673618498,0.02431731234,,,,
1408,7.818,2.816,baseline — trained fixed gait,0.5,0,0,0,0,0,RL,1,0,21.75009696,-22.79985061,256.0457571,257.9773821,0.01064399088,0.006553680926,0.02982123144,0.03233498292,,,,
1408,7.818,2.816,baseline — trained fixed gait,0.5,0,0,0,0,0,RR,0,0,0,0,0,0,1.03439444,-0.1244603533,0.5794017826,1.192127788,,,,
1409,7.82,2.818,baseline — trained fixed gait,0.5,0,0,0,0,0,FL,0,0,0,0,0,0,1.798865787,0.1218501056,0.8999713118,2.015121319,,,,
1409,7.82,2.818,baseline — trained fixed gait,0.5,0,0,0,0,0,FR,1,0,-5.749249322,4.512180534,206.4745507,206.603857,0.02365710754,-0.001209123675,-0.001286542307,0.0237228984,,,,
1409,7.82,2.818,baseline — trained fixed gait,0.5,0,0,0,0,0,RL,1,0,21.90136054,-22.5903714,256.085013,258.0107136,0.01035113955,0.006604450493,0.02584957864,0.02861757453,,,,
1409,7.82,2.818,baseline — trained fixed gait,0.5,0,0,0,0,0,RR,0,0,0,0,0,0,1.151012343,-0.1449540031,0.6160322566,1.313520772,,,,
1410,7.822,2.82,baseline — trained fixed gait,0.5,0,0,0,0,0,FL,0,0,0,0,0,0,1.847071183,0.1671828732,0.878705151,2.052253593,,,,
1410,7.822,2.82,baseline — trained fixed gait,0.5,0,0,0,0,0,FR,1,0,0.5128114385,0.2595444755,197.8352855,197.8361204,0.02317566953,-0.001020272567,-0.001781544887,0.02326642466,,,,
1410,7.822,2.82,baseline — trained fixed gait,0.5,0,0,0,0,0,RL,1,0,29.70566673,-22.11976609,247.5515665,250.3067893,0.01018767235,0.006593040479,0.0223573587,0.02543832421,,,,
1410,7.822,2.82,baseline — trained fixed gait,0.5,0,0,0,0,0,RR,0,0,0,0,0,0,1.234044548,-0.1684230391,0.6260427397,1.393973378,,,,
1411,7.824,2.822,baseline — trained fixed gait,0.5,0,0,0,0,0,FL,0,0,0,0,0,0,1.934614477,0.1934635061,0.8970365054,2.141222967,,,,
1411,7.824,2.822,baseline — trained fixed gait,0.5,0,0,0,0,0,FR,1,0,0.6391983319,-0.01402050697,197.8777926,197.8788255,0.02185161799,-0.0002994659721,-0.001705228042,0.02192009789,,,,
1411,7.824,2.822,baseline — trained fixed gait,0.5,0,0,0,0,0,RL,1,0,29.95271339,-21.7748623,247.7786883,250.530613,0.008952316539,0.006503980031,0.01986830618,0.02274192863,,,,
1411,7.824,2.822,baseline — trained fixed gait,0.5,0,0,0,0,0,RR,0,0,0,0,0,0,1.386532788,-0.1768850123,0.6988190082,1.562725019,,,,
1412,7.826,2.824,baseline — trained fixed gait,0.5,0,0,0,0,0,FL,0,0,0,0,0,0,1.989255177,0.2237467127,0.8910326803,2.191149924,,,,
1412,7.826,2.824,baseline — trained fixed gait,0.5,0,0,0,0,0,FR,1,0,0.7072674262,-0.2403178944,198.0012663,198.0026754,0.0209479456,0.0001105591881,-0.001936671056,0.0210375698,,,,
1412,7.826,2.824,baseline — trained fixed gait,0.5,0,0,0,0,0,RL,1,0,30.12003539,-21.6028518,248.0880995,250.8417925,0.00819382201,0.006398559174,0.01747374676,0.02033253807,,,,
1412,7.826,2.824,baseline — trained fixed gait,0.5,0,0,0,0,0,RR,0,0,0,0,0,0,1.491403554,-0.1910984214,0.7317125717,1.67218613,,,,
1413,7.828,2.826,baseline — trained fixed gait,0.5,0,0,0,0,0,FL,0,0,0,0,0,0,2.019765554,0.2555041363,0.8680034744,2.213179904,,,,
1413,7.828,2.826,baseline — trained fixed gait,0.5,0,0,0,0,0,FR,1,0,0.7370933361,-0.4277961878,198.1915437,198.193376,0.02030698738,0.0003360171267,-0.00233073651,0.02044306671,,,,
1413,7.828,2.826,baseline — trained fixed gait,0.5,0,0,0,0,0,RL,1,0,30.23560014,-21.56228121,248.4639033,251.2238738,0.007727198918,0.006311432655,0.01523679719,0.01821273659,,,,
1413,7.828,2.826,baseline — trained fixed gait,0.5,0,0,0,0,0,RR,0,0,0,0,0,0,1.560699015,-0.2085479277,0.7358315051,1.738022341,,,,
1414,7.83,2.828,baseline — trained fixed gait,0.5,0,0,0,0,0,FL,0,0,0,0,0,0,2.032748529,0.2869594348,0.8334908069,2.215653227,,,,
1414,7.83,2.828,baseline — trained fixed gait,0.5,0,0,0,0,0,FR,1,0,0.7419450828,-0.586052348,198.439506,198.4417584,0.01982890918,0.0004513161746,-0.002794564388,0.02002995046,,,,
1414,7.83,2.828,baseline — trained fixed gait,0.5,0,0,0,0,0,RL,1,0,30.32465263,-21.62370427,248.8798598,251.6512542,0.007431683095,0.006253687895,0.01317933453,0.01637172515,,,,
1414,7.83,2.828,baseline — trained fixed gait,0.5,0,0,0,0,0,RR,0,0,0,0,0,0,1.603704041,-0.2274264581,0.7194629468,1.772347702,,,,
1415,7.832,2.83,baseline — trained fixed gait,0.5,0,0,0,0,0,FL,0,0,0,0,0,0,2.033142745,0.3168898526,0.791679792,2.204732522,,,,
1415,7.832,2.83,baseline — trained fixed gait,0.5,0,0,0,0,0,FR,1,0,7.125623212,-1.356021183,199.5339423,199.6657392,0.01945386097,0.0005010183475,-0.003267333608,0.01973269355,,,,
1415,7.832,2.83,baseline — trained fixed gait,0.5,0,0,0,0,0,RL,1,0,37.96115007,-21.54693341,244.2551705,248.1247823,0.007227582717,0.006232886891,0.01127178577,0.0147695628,,,,
1415,7.832,2.83,baseline — trained fixed gait,0.5,0,0,0,0,0,RR,0,0,0,0,0,0,1.627440632,-0.2464043339,0.6889448257,1.784355088,,,,
1416,7.834,2.832,baseline — trained fixed gait,0.5,0,0,0,0,0,FL,0,0,0,0,0,0,2.074516864,0.3312060377,0.7849136083,2.242633949,,,,
1416,7.834,2.832,baseline — trained fixed gait,0.5,0,0,0,0,0,FR,1,0,7.188125628,-1.499496027,199.7112378,199.8461812,0.01822912146,0.0006444580661,-0.00380265686,0.01863267009,,,,
1416,7.834,2.832,baseline — trained fixed gait,0.5,0,0,0,0,0,RL,1,0,38.1365133,-21.56755979,244.8004033,248.6901501,0.005984790526,0.006219667995,0.009824685865,0.01307770775,,,,
1416,7.834,2.832,baseline — trained fixed gait,0.5,0,0,0,0,0,RR,0,0,0,0,0,0,1.696405461,-0.2559508319,0.6956437787,1.851275934,,,,
1417,7.836,2.834,baseline — trained fixed gait,0.5,0,0,0,0,0,FL,0,0,0,0,0,0,2.096390011,0.3465551014,0.7640563983,2.258037577,,,,
1417,7.836,2.834,baseline — trained fixed gait,0.5,0,0,0,0,0,FR,1,0,7.205457515,-1.62172486,199.9402366,200.0766024,0.01743576928,0.0007142833954,-0.004240102663,0.01795813804,,,,
1417,7.836,2.834,baseline — trained fixed gait,0.5,0,0,0,0,0,RL,1,0,38.23264532,-21.68407017,245.4556402,249.3599915,0.005170785703,0.006233026773,0.008316829113,0.01160850094,,,,
1417,7.836,2.834,baseline — trained fixed gait,0.5,0,0,0,0,0,RR,0,0,0,0,0,0,1.739478053,-0.2671392357,0.6815435406,1.887233124,,,,
1418,7.838,2.836,baseline — trained fixed gait,0.5,0,0,0,0,0,FL,0,0,0,0,0,0,2.103960037,0.3615936038,0.7336971529,2.257367777,,,,
1418,7.838,2.836,baseline — trained fixed gait,0.5,0,0,0,0,0,FR,1,0,7.196000779,-1.723949289,200.2082987,200.3449957,0.01690659619,0.0007402798249,-0.00458956713,0.01753411348,,,,
1418,7.838,2.836,baseline — trained fixed gait,0.5,0,0,0,0,0,RL,1,0,38.27430799,-21.87723064,246.207431,250.1232396,0.004615987358,0.006279793493,0.006817883428,0.01035503163,,,,
1418,7.838,2.836,baseline — trained fixed gait,0.5,0,0,0,0,0,RR,0,0,0,0,0,0,1.763458227,-0.2786735953,0.6529449637,1.900994744,,,,
1419,7.84,2.838,baseline — trained fixed gait,0.5,0,0,0,0,0,FL,0,0,0,0,0,0,2.101141553,0.3754082653,0.6973094769,2.24543263,,,,
1419,7.84,2.838,baseline — trained fixed gait,0.5,0,0,0,0,0,FR,1,0,7.170257909,-1.807010619,200.5092807,200.6455819,0.01653975839,0.0007399251284,-0.004863963294,0.0172559913,,,,
1419,7.84,2.838,baseline — trained fixed gait,0.5,0,0,0,0,0,RL,1,0,38.27803177,-22.13050425,247.0493679,250.9748137,0.004213839944,0.006357124786,0.005373993543,0.009330020858,,,,
1419,7.84,2.838,baseline — trained fixed gait,0.5,0,0,0,0,0,RR,0,0,0,0,0,0,1.773499216,-0.2896388957,0.6146278777,1.899199197,,,,
1420,7.842,2.84,baseline — trained fixed gait,0.5,0,0,0,0,0,FL,0,0,0,0,0,0,2.090863666,0.3874096457,0.6575003793,2.225781627,,,,
1420,7.842,2.84,baseline — trained fixed gait,0.5,0,0,0,0,0,FR,1,0,9.17882725,-1.377655457,205.2068325,205.4166325,0.01627442332,0.0007234452076,-0.005075440002,0.01706283442,,,,
1420,7.842,2.84,baseline — trained fixed gait,0.5,0,0,0,0,0,RL,1,0,43.12429466,-21.37088379,240.1984223,244.9728588,0.003903395407,0.006459339716,0.004020635725,0.008551320185,,,,
1420,7.842,2.84,baseline — trained fixed gait,0.5,0,0,0,0,0,RR,0,0,0,0,0,0,1.773482925,-0.2994124756,0.5701996451,1.886800771,,,,
1421,7.844,2.842,baseline — trained fixed gait,0.5,0,0,0,0,0,FL,0,0,0,0,0,0,2.122391689,0.3902705082,0.6549802998,2.255184415,,,,
1421,7.844,2.842,baseline — trained fixed gait,0.5,0,0,0,0,0,FR,1,0,9.125624704,-1.414991368,205.5170794,205.7244495,0.01581314288,0.0006419553476,-0.005594668391,0.01678594379,,,,
1421,7.844,2.842,baseline — trained fixed gait,0.5,0,0,0,0,0,RL,1,0,43.18490368,-21.53284327,241.2586631,246.0372772,0.002880430596,0.00644357076,0.003335571796,0.00780656927,,,,
1421,7.844,2.842,baseline — trained fixed gait,0.5,0,0,0,0,0,RR,0,0,0,0,0,0,1.815215573,-0.303807449,0.5613604835,1.924170506,,,,
1422,7.846,2.844,baseline — trained fixed gait,0.5,0,0,0,0,0,FL,0,0,0,0,0,0,2.138356053,0.3938196202,0.6407408627,2.266761865,,,,
1422,7.846,2.844,baseline — trained fixed gait,0.5,0,0,0,0,0,FR,1,0,9.070560695,-1.441773089,205.8316547,206.0364624,0.0155171979,0.0005747957176,-0.005895841487,0.01660947824,,,,
1422,7.846,2.844,baseline — trained fixed gait,0.5,0,0,0,0,0,RL,1,0,43.17844418,-21.77009918,242.4424773,247.2178595,0.002179173017,0.006479819641,0.002515868551,0.007284672414,,,,
1422,7.846,2.844,baseline — trained fixed gait,0.5,0,0,0,0,0,RR,0,0,0,0,0,0,1.839747014,-0.3087281629,0.5390674306,1.941797066,,,,
1423,7.848,2.846,baseline — trained fixed gait,0.5,0,0,0,0,0,FL,0,0,0,0,0,0,2.142701087,0.3970963074,0.6184918316,2.265256183,,,,
1423,7.848,2.846,baseline — trained fixed gait,0.5,0,0,0,0,0,FR,1,0,9.016153579,-1.456772019,206.1514537,206.3536651,0.01532163042,0.0005158590694,-0.006048426043,0.01648034972,,,,
1423,7.848,2.846,baseline — trained fixed gait,0.5,0,0,0,0,0,RL,1,0,43.12749526,-22.06779895,243.7311459,248.4991753,0.001681557098,0.006555689063,0.00165882974,0.006968242925,,,,
1423,7.848,2.846,baseline — trained fixed gait,0.5,0,0,0,0,0,RR,0,0,0,0,0,0,1.851511283,-0.3133634895,0.5076143307,1.94524112,,,,
1424,7.85,2.848,baseline — trained fixed gait,0.5,0,0,0,0,0,FL,0,0,0,0,0,0,2.138428702,0.399453214,0.5910550562,2.254281763,,,,
1424,7.85,2.848,baseline — trained fixed gait,0.5,0,0,0,0,0,FR,1,0,8.962672617,-1.459579734,206.4790802,206.6786647,0.01518806185,0.0004615631278,-0.006104169485,0.01637532132,,,,
1424,7.85,2.848,baseline — trained fixed gait,0.5,0,0,0,0,0,RL,1,0,43.04723815,-22.41346938,245.1126721,249.8712676,0.001312569672,0.006659894382,0.0008235181919,0.006837778479,,,,
1424,7.85,2.848,baseline — trained fixed gait,0.5,0,0,0,0,0,RR,0,0,0,0,0,0,1.85387966,-0.3171536226,0.4702589974,1.938710844,,,,
1425,7.852,2.85,baseline — trained fixed gait,0.5,0,0,0,0,0,FL,0,0,0,0,0,0,2.127809944,0.400479616,0.5605581107,2.236556388,,,,
1425,7.852,2.85,baseline — trained fixed gait,0.5,0,0,0,0,0,FR,1,0,5.627039743,0.4704757794,215.933463,216.0072808,0.01509400081,0.0004098275096,-0.006100473973,0.0162853493,,,,
1425,7.852,2.85,baseline — trained fixed gait,0.5,0,0,0,0,0,RL,1,0,45.00305994,-21.96169728,241.5914658,246.7266258,0.001027742148,0.00678361639,4.671562151e-05,0.006861187041,,,,
1425,7.852,2.85,baseline — trained fixed gait,0.5,0,0,0,0,0,RR,0,0,0,0,0,0,1.849400589,-0.3197306526,0.429453437,1.925341653,,,,
1426,7.854,2.852,baseline — trained fixed gait,0.5,0,0,0,0,0,FL,0,0,0,0,0,0,2.147373528,0.3972064123,0.5583589966,2.254052078,,,,
1426,7.854,2.852,baseline — trained fixed gait,0.5,0,0,0,0,0,FR,1,0,5.435090836,0.5135903782,216.4032924,216.4721436,0.01557717496,7.567868264e-05,-0.006777724127,0.0169879855,,,,
1426,7.854,2.852,baseline — trained fixed gait,0.5,0,0,0,0,0,RL,1,0,44.95324067,-22.23432445,243.1401232,248.2584914,0.000445132221,0.006813365455,-0.0002856412933,0.006833862924,,,,
1426,7.854,2.852,baseline — trained fixed gait,0.5,0,0,0,0,0,RR,0,0,0,0,0,0,1.87860171,-0.3207085863,0.4201308605,1.951539987,,,,
1427,7.856,2.854,baseline — trained fixed gait,0.5,0,0,0,0,0,FL,0,0,0,0,0,0,2.155263723,0.3942476011,0.5472496299,2.258334573,,,,
1427,7.856,2.854,baseline — trained fixed gait,0.5,0,0,0,0,0,FR,1,0,5.297318613,0.5554149634,216.8247027,216.8901145,0.01586953182,-0.0001422034641,-0.007093749306,0.0173834272,,,,
1427,7.856,2.854,baseline — trained fixed gait,0.5,0,0,0,0,0,RL,1,0,44.86848483,-22.56562394,244.7806916,249.8799217,2.970338461e-05,0.00688286959,-0.00070560572,0.00691900683,,,,
1427,7.856,2.854,baseline — trained fixed gait,0.5,0,0,0,0,0,RR,0,0,0,0,0,0,1.894948401,-0.3217811363,0.4008281946,1.963424504,,,,
1428,7.858,2.856,baseline — trained fixed gait,0.5,0,0,0,0,0,FL,0,0,0,0,0,0,2.154295616,0.3909603712,0.5300290771,2.252725113,,,,
1428,7.858,2.856,baseline — trained fixed gait,0.5,0,0,0,0,0,FR,1,0,5.196215677,0.600498523,217.2153101,217.2782829,0.01604302193,-0.0002913596715,-0.007176456754,0.01757739954,,,,
1428,7.858,2.856,baseline — trained fixed gait,0.5,0,0,0,0,0,RL,1,0,44.7611917,-22.94424987,246.5015248,251.5810101,-0.0002760753725,0.006981594454,-0.001152208858,0.007081416807,,,,
1428,7.858,2.856,baseline — trained fixed gait,0.5,0,0,0,0,0,RR,0,0,0,0,0,0,1.901603417,-0.3223923635,0.3747513624,1.964808127,,,,
1429,7.86,2.858,baseline — trained fixed gait,0.5,0,0,0,0,0,FL,0,0,0,0,0,0,2.146628814,0.3869201339,0.5088321639,2.239784058,,,,
1429,7.86,2.858,baseline — trained fixed gait,0.5,0,0,0,0,0,FR,1,0,5.1190115,0.6510732244,217.5882772,217.6494579,0.01614474223,-0.0003998924801,-0.007117028898,0.01764836298,,,,
1429,7.86,2.858,baseline — trained fixed gait,0.5,0,0,0,0,0,RL,1,0,44.63991357,-23.36070182,248.2942187,253.3544223,-0.0005091667148,0.007100773058,-0.001588815198,0.007294145769,,,,
1429,7.86,2.858,baseline — trained fixed gait,0.5,0,0,0,0,0,RR,0,0,0,0,0,0,1.900989831,-0.3221642593,0.3443384374,1.958601824,,,,
1430,7.862,2.86,baseline — trained fixed gait,0.5,0,0,0,0,0,FL,0,0,0,0,0,0,2.1339114,0.3818672322,0.4852712588,2.221460925,,,,
1430,7.862,2.86,baseline — trained fixed gait,0.5,0,0,0,0,0,FR,1,0,-1.410200892,2.85237231,227.0316627,227.0539596,0.01620385646,-0.0004843581505,-0.006980253796,0.01765002861,,,,
1430,7.862,2.86,baseline — trained fixed gait,0.5,0,0,0,0,0,RL,1,0,45.38611944,-23.22704022,247.1324338,252.3367493,-0.000691898898,0.007233757538,-0.001993649349,0.007535290965,,,,
1430,7.862,2.86,baseline — trained fixed gait,0.5,0,0,0,0,0,RR,0,0,0,0,0,0,1.89495438,-0.320854638,0.311426429,1.946994151,,,,
1431,7.864,2.862,baseline — trained fixed gait,0.5,0,0,0,0,0,FL,0,0,0,0,0,0,2.134860735,0.3752995284,0.476786569,2.219415583,,,,
1431,7.864,2.862,baseline — trained fixed gait,0.5,0,0,0,0,0,FR,1,0,-1.656498364,2.958912738,227.5880417,227.6133034,0.01724978249,-0.0008739127466,-0.007502062778,0.01883081691,,,,
1431,7.864,2.862,baseline — trained fixed gait,0.5,0,0,0,0,0,RL,1,0,45.29132881,-23.55893044,249.0352262,254.2142238,-0.001003479174,0.007300432835,-0.002131430096,0.007671133181,,,,
1431,7.864,2.862,baseline — trained fixed gait,0.5,0,0,0,0,0,RR,0,0,0,0,0,0,1.914080547,-0.3173815112,0.3073637103,1.964410297,,,,
1432,7.866,2.864,baseline — trained fixed gait,0.5,0,0,0,0,0,FL,0,0,0,0,0,0,2.128842847,0.3684809656,0.4634666541,2.209649617,,,,
1432,7.866,2.864,baseline — trained fixed gait,0.5,0,0,0,0,0,FR,1,0,-1.820471299,3.056884314,228.0732554,228.101005,0.01788111588,-0.001126979673,-0.007685638667,0.01949547203,,,,
1432,7.866,2.864,baseline — trained fixed gait,0.5,0,0,0,0,0,RL,1,0,45.18146036,-23.94985861,250.9997311,256.155861,-0.001230370474,0.00739025297,-0.002328133802,0.007845371722,,,,
1432,7.866,2.864,baseline — trained fixed gait,0.5,0,0,0,0,0,RR,0,0,0,0,0,0,1.922577277,-0.3140543044,0.2944534047,1.97018687,,,,
1433,7.868,2.866,baseline — trained fixed gait,0.5,0,0,0,0,0,FL,0,0,0,0,0,0,2.117468668,0.3611113982,0.4469628557,2.19404895,,,,
1433,7.868,2.866,baseline — trained fixed gait,0.5,0,0,0,0,0,FR,1,0,-1.930639242,3.15274646,228.5146078,228.5445102,0.01825732201,-0.001298810146,-0.007659717758,0.01984157229,,,,
1433,7.868,2.866,baseline — trained fixed gait,0.5,0,0,0,0,0,RL,1,0,45.06337062,-24.37807999,253.0178048,258.1530703,-0.001399555206,0.007499906484,-0.002547733829,0.008043525328,,,,
1433,7.868,2.866,baseline — trained fixed gait,0.5,0,0,0,0,0,RR,0,0,0,0,0,0,1.922977513,-0.3104296533,0.2754118752,1.967247007,,,,
1434,7.87,2.868,baseline — trained fixed gait,0.5,0,0,0,0,0,FL,0,0,0,0,0,0,2.101978278,0.3530089709,0.4285251524,2.174065735,,,,
1434,7.87,2.868,baseline — trained fixed gait,0.5,0,0,0,0,0,FR,1,0,-4.044244958,2.309744795,227.7278361,227.7754556,0.01847988369,-0.00142236495,-0.007513090144,0.01999939366,,,,
1434,7.87,2.868,baseline — trained fixed gait,0.5,0,0,0,0,0,RL,1,0,44.94443781,-24.79516173,255.0717113,260.185281,-0.001528283377,0.007623770405,-0.002767878917,0.008253404084,,,,
1434,7.87,2.868,baseline — trained fixed gait,0.5,0,0,0,0,0,RR,0,0,0,0,0,0,1.917237649,-0.3062084457,0.2523187783,1.957863269,,,,
1435,7.872,2.87,baseline — trained fixed gait,0.5,0,0,0,0,0,FL,0,0,0,0,0,0,2.083309559,0.3442519262,0.409086133,2.150822999,,,,
1435,7.872,2.87,baseline — trained fixed gait,0.5,0,0,0,0,0,FR,1,0,-12.4629604,5.014905014,239.8922885,240.2681518,0.01891367763,-0.001613605517,-0.005742161281,0.01983187688,,,,
1435,7.872,2.87,baseline — trained fixed gait,0.5,0,0,0,0,0,RL,1,0,45.04130716,-24.81669506,255.0087903,260.1424049,-0.001625431967,0.007751670016,-0.002974766159,0.008460475803,,,,
1435,7.872,2.87,baseline — trained fixed gait,0.5,0,0,0,0,0,RR,0,0,0,0,0,0,1.906875039,-0.3012538862,0.2267496278,1.943795697,,,,
1436,7.874,2.872,baseline — trained fixed gait,0.5,0,0,0,0,0,FL,0,0,0,0,0,0,2.064311919,0.3354626809,0.3908508232,2.127600356,,,,
1436,7.874,2.872,baseline — trained fixed gait,0.5,0,0,0,0,0,FR,1,0,-12.69216647,5.188031283,240.4909477,240.8815117,0.02044295854,-0.00213284562,-0.005346458267,0.02123789538,,,,
1436,7.874,2.872,baseline — trained fixed gait,0.5,0,0,0,0,0,RL,1,0,44.94155566,-25.2372972,257.1438042,262.2586521,-0.001764551185,0.007831640394,-0.00300122585,0.008570623592,,,,
1436,7.874,2.872,baseline — trained fixed gait,0.5,0,0,0,0,0,RR,0,0,0,0,0,0,1.912179933,-0.295534956,0.2230272726,1.947694579,,,,
1437,7.876,2.874,baseline — trained fixed gait,0.5,0,0,0,0,0,FL,0,0,0,0,0,0,2.043125299,0.3258398152,0.3725476682,2.102218908,,,,
1437,7.876,2.874,baseline — trained fixed gait,0.5,0,0,0,0,0,FR,1,0,-12.82777205,5.342674342,241.0135136,241.4137727,0.0213466464,-0.002467415619,-0.004913281249,0.02204331611,,,,
1437,7.876,2.874,baseline — trained fixed gait,0.5,0,0,0,0,0,RL,1,0,44.83879685,-25.68869839,259.3146986,264.4135773,-0.001867486959,0.007936292993,-0.003081167906,0.008715839012,,,,
1437,7.876,2.874,baseline — trained fixed gait,0.5,0,0,0,0,0,RR,0,0,0,0,0,0,1.909514836,-0.2897925269,0.2122628485,1.943008527,,,,
1438,7.878,2.876,baseline — trained fixed gait,0.5,0,0,0,0,0,FL,0,0,0,0,0,0,2.020209405,0.3154101449,0.3545584663,2.075196691,,,,
1438,7.878,2.876,baseline — trained fixed gait,0.5,0,0,0,0,0,FR,1,0,-12.9066691,5.486699614,241.4950656,241.9019485,0.02187285262,-0.002692464717,-0.004493346793,0.02249135864,,,,
1438,7.878,2.876,baseline — trained fixed gait,0.5,0,0,0,0,0,RL,1,0,44.73642601,-26.16447098,261.5164316,266.6022719,-0.001943503528,0.008057781668,-0.003188161553,0.008880845988,,,,
1438,7.878,2.876,baseline — trained fixed gait,0.5,0,0,0,0,0,RR,0,0,0,0,0,0,1.900768727,-0.2837287067,0.1965965693,1.931857641,,,,
1439,7.88,2.878,baseline — trained fixed gait,0.5,0,0,0,0,0,FL,0,0,0,0,0,0,1.995915157,0.3042310782,0.3371416287,2.046924117,,,,
1439,7.88,2.878,baseline — trained fixed gait,0.5,0,0,0,0,0,FR,1,0,-12.95226998,5.624745677,241.9572811,242.3689851,0.02217609967,-0.002852573696,-0.004111557582,0.02273370799,,,,
1439,7.88,2.878,baseline — trained fixed gait,0.5,0,0,0,0,0,RL,1,0,44.63696095,-26.65929606,263.7443536,268.8201265,-0.001998576238,0.008190219712,-0.003305064768,0.009055244836,,,,
1439,7.88,2.878,baseline — trained fixed gait,0.5,0,0,0,0,0,RR,0,0,0,0,0,0,1.887406986,-0.27714521,0.177672675,1.915902445,,,,
1440,7.882,2.88,baseline — trained fixed gait,0.5,0,0,0,0,0,FL,0,0,0,0,0,0,1.970510298,0.2923804557,0.3204610132,2.017694829,,,,
1440,7.882,2.88,baseline — trained fixed gait,0.5,0,0,0,0,0,FR,1,0,-21.23679095,8.696127444,256.9277966,257.9506088,0.02234889326,-0.002974199168,-0.003780656818,0.02286071426,,,,
1440,7.882,2.88,baseline — trained fixed gait,0.5,0,0,0,0,0,RL,1,0,44.17901626,-27.22881746,266.5601702,271.5649431,-0.002036487077,0.008329237868,-0.003421185747,0.009231900941,,,,
1440,7.882,2.88,baseline — trained fixed gait,0.5,0,0,0,0,0,RR,0,0,0,0,0,0,1.870561407,-0.2699196171,0.156742584,1.896424218,,,,
1441,7.884,2.882,baseline — trained fixed gait,0.5,0,0,0,0,0,FL,0,0,0,0,0,0,1.938034302,0.280639897,0.2976061697,1.980733486,,,,
1441,7.884,2.882,baseline — trained fixed gait,0.5,0,0,0,0,0,FR,1,0,-21.49249217,8.882651748,257.5750914,258.6228073,0.02371334754,-0.003489877085,-0.004565639879,0.02439973691,,,,
1441,7.884,2.882,baseline — trained fixed gait,0.5,0,0,0,0,0,RL,1,0,44.08488105,-27.68917625,268.8191328,273.8136107,-0.002016601585,0.008484900977,-0.003568343972,0.009423019964,,,,
1441,7.884,2.882,baseline — trained fixed gait,0.5,0,0,0,0,0,RR,0,0,0,0,0,0,1.860695367,-0.2613026195,0.1476110012,1.884742772,,,,
1442,7.886,2.884,baseline — trained fixed gait,0.5,0,0,0,0,0,FL,0,0,0,0,0,0,1.906365761,0.2679088008,0.2777543509,1.94503291,,,,
1442,7.886,2.884,baseline — trained fixed gait,0.5,0,0,0,0,0,FR,1,0,-21.64450194,9.052234516,258.1336835,259.1976581,0.02453376189,-0.003817211374,-0.00489192941,0.02530627488,,,,
1442,7.886,2.884,baseline — trained fixed gait,0.5,0,0,0,0,0,RL,1,0,44.00224709,-28.16408746,271.0825613,276.0709485,-0.002003304424,0.008630708161,-0.003685921032,0.009596268328,,,,
1442,7.886,2.884,baseline — trained fixed gait,0.5,0,0,0,0,0,RR,0,0,0,0,0,0,1.846170149,-0.2525053743,0.1344921246,1.868205372,,,,
1443,7.888,2.886,baseline — trained fixed gait,0.5,0,0,0,0,0,FL,0,0,0,0,0,0,1.875270253,0.2544128299,0.2604195791,1.910283425,,,,
1443,7.888,2.886,baseline — trained fixed gait,0.5,0,0,0,0,0,FR,1,0,-21.72770616,9.211811358,258.6363676,259.7108417,0.02501673709,-0.004032879816,-0.004930650274,0.02581496788,,,,
1443,7.888,2.886,baseline — trained fixed gait,0.5,0,0,0,0,0,RL,1,0,43.9306174,-28.65046229,273.3482128,278.3343198,-0.001990070005,0.008770577811,-0.003779297555,0.009755332069,,,,
1443,7.888,2.886,baseline — trained fixed gait,0.5,0,0,0,0,0,RR,0,0,0,0,0,0,1.828114921,-0.2433831377,0.1187133816,1.848061791,,,,
1444,7.89,2.888,baseline — trained fixed gait,0.5,0,0,0,0,0,FL,0,0,0,0,0,0,1.844562659,0.2403490344,0.2451850218,1.876244855,,,,
1444,7.89,2.888,baseline — trained fixed gait,0.5,0,0,0,0,0,FR,1,0,-21.76615872,9.365130896,259.1050697,260.1862957,0.02529545422,-0.004182567136,-0.004798963582,0.02608416998,,,,
1444,7.89,2.888,baseline — trained fixed gait,0.5,0,0,0,0,0,RL,1,0,43.86976532,-29.14553641,275.6133943,280.6007158,-0.001973066684,0.008906401514,-0.003853282723,0.009902765665,,,,
1444,7.89,2.888,baseline — trained fixed gait,0.5,0,0,0,0,0,RR,0,0,0,0,0,0,1.807405139,-0.2338474534,0.101287696,1.825282763,,,,
1445,7.892,2.89,baseline — trained fixed gait,0.5,0,0,0,0,0,FL,0,0,0,0,0,0,1.814098986,0.2258893724,0.2316941566,1.84273257,,,,
1445,7.892,2.89,baseline — trained fixed gait,0.5,0,0,0,0,0,FR,1,0,-29.9787484,12.1577439,272.6186759,274.5313799,0.02545126686,-0.004293504046,-0.004579079718,0.02621391105,,,,
1445,7.892,2.89,baseline — trained fixed gait,0.5,0,0,0,0,0,RL,1,0,43.53009214,-29.75972486,279.0914812,284.0291623,-0.001950342131,0.009038881181,-0.003912269827,0.01004047124,,,,
1445,7.892,2.89,baseline — trained fixed gait,0.5,0,0,0,0,0,RR,0,0,0,0,0,0,1.78471681,-0.223852064,0.08297869835,1.80061359,,,,
1446,7.894,2.892,baseline — trained fixed gait,0.5,0,0,0,0,0,FL,0,0,0,0,0,0,1.770140764,0.2135450779,0.2021178799,1.794394456,,,,
1446,7.894,2.892,baseline — trained fixed gait,0.5,0,0,0,0,0,FR,1,0,-30.1871723,12.35884017,273.2288708,275.1690792,0.02675963269,-0.004753556192,-0.005260234083,0.02768292435,,,,
1446,7.894,2.892,baseline — trained fixed gait,0.5,0,0,0,0,0,RL,1,0,43.48496061,-30.2331306,281.3207441,286.2627203,-0.001877292376,0.009188352267,-0.004044588517,0.01021316505,,,,
1446,7.894,2.892,baseline — trained fixed gait,0.5,0,0,0,0,0,RR,0,0,0,0,0,0,1.763258937,-0.2129908894,0.06880293483,1.777408518,,,,
1447,7.896,2.894,baseline — trained fixed gait,0.5,0,0,0,0,0,FL,0,0,0,0,0,0,1.729787997,0.1998648449,0.1789875454,1.750471083,,,,
1447,7.896,2.894,baseline — trained fixed gait,0.5,0,0,0,0,0,FR,1,0,-30.29354855,12.54274727,273.7506347,275.7071446,0.02753696002,-0.005044445497,-0.005491173606,0.02852864499,,,,
1447,7.896,2.894,baseline — trained fixed gait,0.5,0,0,0,0,0,RL,1,0,43.45597157,-30.70831665,283.5318749,288.4817954,-0.001815283524,0.009323902163,-0.004126196327,0.01035644253,,,,
1447,7.896,2.894,baseline — trained fixed gait,0.5,0,0,0,0,0,RR,0,0,0,0,0,0,1.73994135,-0.2018233876,0.05359108146,1.752427055,,,,
1448,7.898,2.896,baseline — trained fixed gait,0.5,0,0,0,0,0,FL,0,0,0,0,0,0,1.69218025,0.1852770205,0.1608992931,1.709880158,,,,
1448,7.898,2.896,baseline — trained fixed gait,0.5,0,0,0,0,0,FR,1,0,-30.33242447,12.71529423,274.2173873,276.1827477,0.02798502155,-0.0052353871,-0.005448460395,0.02898717699,,,,
1448,7.898,2.896,baseline — trained fixed gait,0.5,0,0,0,0,0,RL,1,0,43.44163352,-31.18426154,285.7232737,290.6844042,-0.001757176032,0.009449621104,-0.004174167349,0.01047886824,,,,
1448,7.898,2.896,baseline — trained fixed gait,0.5,0,0,0,0,0,RR,0,0,0,0,0,0,1.715250996,-0.1903363471,0.03789479316,1.726195215,,,,
1449,7.9,2.898,baseline — trained fixed gait,0.5,0,0,0,0,0,FL,0,0,0,0,0,0,1.656644037,0.1701255949,0.1467150998,1.671806659,,,,
1449,7.9,2.898,baseline — trained fixed gait,0.5,0,0,0,0,0,FR,1,0,-30.32752486,12.87967638,274.6515349,276.6208785,0.02823426285,-0.00536756466,-0.005250494083,0.0292156129,,,,
1449,7.9,2.898,baseline — trained fixed gait,0.5,0,0,0,0,0,RL,1,0,43.44097693,-31.65994155,287.8929277,292.8682438,-0.001698776072,0.009567912575,-0.004200825681,0.01058667689,,,,
1449,7.9,2.898,baseline — trained fixed gait,0.5,0,0,0,0,0,RR,0,0,0,0,0,0,1.689563179,-0.1785354014,0.02212047875,1.699113869,,,,
1450,7.902,2.9,baseline — trained fixed gait,0.5,0,0,0,0,0,FL,0,0,0,0,0,0,1.622655882,0.1546860206,0.1355172632,1.635635902,,,,
1450,7.902,2.9,baseline — trained fixed gait,0.5,0,0,0,0,0,FR,1,0,-37.53076645,15.28698313,286.1473176,289.0026603,0.02836487752,-0.005465496929,-0.00497791265,0.02931241286,,,,
1450,7.902,2.9,baseline — trained fixed gait,0.5,0,0,0,0,0,RL,1,0,43.0499979,-32.20526474,291.5937073,296.5086365,-0.00163773707,0.009680123901,-0.00421494327,0.01068422801,,,,
1450,7.902,2.9,baseline — trained fixed gait,0.5,0,0,0,0,0,RR,0,0,0,0,0,0,1.663166245,-0.1664393726,0.006560654261,1.671486484,,,,
1451,7.904,2.902,baseline — trained fixed gait,0.5,0,0,0,0,0,FL,0,0,0,0,0,0,1.574443856,0.1414586319,0.1054817612,1.584301235,,,,
1451,7.904,2.902,baseline — trained fixed gait,0.5,0,0,0,0,0,FR,1,0,-37.65571057,15.48547653,286.6884471,289.5652227,0.02948003829,-0.005855565174,-0.005460295089,0.03054791521,,,,
1451,7.904,2.902,baseline — trained fixed gait,0.5,0,0,0,0,0,RL,1,0,43.06953364,-32.67019444,293.6615651,298.5957822,-0.001502914926,0.009801366476,-0.004331296827,0.01082061321,,,,
1451,7.904,2.902,baseline — trained fixed gait,0.5,0,0,0,0,0,RR,0,0,0,0,0,0,1.633326099,-0.1536732889,-0.01364343118,1.640596162,,,,
1452,7.906,2.904,baseline — trained fixed gait,0.5,0,0,0,0,0,FL,0,0,0,0,0,0,1.531028797,0.1269172788,0.08337209278,1.538540893,,,,
1452,7.906,2.904,baseline — trained fixed gait,0.5,0,0,0,0,0,FR,1,0,-37.69421145,15.66761117,287.1571239,290.0440336,0.0301329553,-0.006102253867,-0.00557976598,0.03124686041,,,,
1452,7.906,2.904,baseline — trained fixed gait,0.5,0,0,0,0,0,RL,1,0,43.10801086,-33.12611847,295.6922557,300.6485496,-0.001391310023,0.009911720449,-0.004390971048,0.01092971054,,,,
1452,7.906,2.904,baseline — trained fixed gait,0.5,0,0,0,0,0,RR,0,0,0,0,0,0,1.604201748,-0.1404617164,-0.03157582537,1.610648868,,,,
1453,7.908,2.906,baseline — trained fixed gait,0.5,0,0,0,0,0,FL,0,0,0,0,0,0,1.491299729,0.1115709103,0.06732085162,1.496981979,,,,
1453,7.908,2.906,baseline — trained fixed gait,0.5,0,0,0,0,0,FR,1,0,-37.67620163,15.8413193,287.5844011,290.4741491,0.03050000654,-0.006264707819,-0.005485457661,0.03161624913,,,,
1453,7.908,2.906,baseline — trained fixed gait,0.5,0,0,0,0,0,RL,1,0,43.16310094,-33.57229716,297.6848262,302.6655054,-0.001292052037,0.01001276026,-0.00441569392,0.01101921591,,,,
1453,7.908,2.906,baseline — trained fixed gait,0.5,0,0,0,0,0,RR,0,0,0,0,0,0,1.575676112,-0.1269165139,-0.0475352749,1.581493792,,,,
1454,7.91,2.908,baseline — trained fixed gait,0.5,0,0,0,0,0,FL,0,0,0,0,0,0,1.454388962,0.0958052,0.05583387663,1.458610061,,,,
1454,7.91,2.908,baseline — trained fixed gait,0.5,0,0,0,0,0,FR,1,0,-37.62173945,16.00218081,287.9879384,290.8754334,0.0306950992,-0.006378451235,-0.005274651272,0.03179144069,,,,
1454,7.91,2.908,baseline — trained fixed gait,0.5,0,0,0,0,0,RL,1,0,43.23304068,-34.01292942,299.6384087,304.6459439,-0.0011984692,0.01010569228,-0.00442035197,0.01109508253,,,,
1454,7.91,2.908,baseline — trained fixed gait,0.5,0,0,0,0,0,RR,0,0,0,0,0,0,1.547655001,-0.1132264825,-0.06179018218,1.553021013,,,,
1455,7.912,2.91,baseline — trained fixed gait,0.5,0,0,0,0,0,FL,0,0,0,0,0,0,1.419621173,0.07994603726,0.0477239577,1.422671157,,,,
1455,7.912,2.91,baseline — trained fixed gait,0.5,0,0,0,0,0,FR,1,0,-43.619251,17.77318797,297.188865,300.8982332,0.03078808643,-0.006463428084,-0.00501253339,0.03185604589,,,,
1455,7.912,2.91,baseline — trained fixed gait,0.5,0,0,0,0,0,RL,1,0,44.10184134,-34.13636353,301.434316,306.5500132,-0.001106827992,0.01019182029,-0.004415133954,0.01116206418,,,,
1455,7.912,2.91,baseline — trained fixed gait,0.5,0,0,0,0,0,RR,0,0,0,0,0,0,1.520059673,-0.09937152714,-0.07455921905,1.525127924,,,,
1456,7.914,2.912,baseline — trained fixed gait,0.5,0,0,0,0,0,FL,0,0,0,0,0,0,1.365539354,0.06735072469,0.01291776032,1.367260296,,,,
1456,7.914,2.912,baseline — trained fixed gait,0.5,0,0,0,0,0,FR,1,0,-43.65617754,17.9763456,297.6358919,301.3571552,0.0317011589,-0.006758484059,-0.00534937205,0.03285203744,,,,
1456,7.914,2.912,baseline — trained fixed gait,0.5,0,0,0,0,0,RL,1,0,44.21729682,-34.58416362,303.2578977,308.40977,-0.001118124925,0.01024139188,-0.004397293207,0.01120145073,,,,
1456,7.914,2.912,baseline — trained fixed gait,0.5,0,0,0,0,0,RR,0,0,0,0,0,0,1.482214819,-0.08526670966,-0.1055948957,1.488415756,,,,
1457,7.916,2.914,baseline — trained fixed gait,0.5,0,0,0,0,0,FL,0,0,0,0,0,0,1.317880257,0.05310921268,-0.01157918724,1.319000773,,,,
1457,7.916,2.914,baseline — trained fixed gait,0.5,0,0,0,0,0,FR,1,0,-43.62565063,18.16462396,298.031489,301.7547339,0.03223054497,-0.006949743345,-0.005408844551,0.03341201223,,,,
1457,7.916,2.914,baseline — trained fixed gait,0.5,0,0,0,0,0,RL,1,0,44.33925499,-35.01234215,305.046642,310.2342461,-0.001088811983,0.01030439478,-0.00438213825,0.01125029773,,,,
1457,7.916,2.914,baseline — trained fixed gait,0.5,0,0,0,0,0,RR,0,0,0,0,0,0,1.448219535,-0.07041102028,-0.1294662011,1.455698812,,,,
1458,7.918,2.916,baseline — trained fixed gait,0.5,0,0,0,0,0,FL,0,0,0,0,0,0,1.275215648,0.03786960783,-0.02825795244,1.276090737,,,,
1458,7.918,2.916,baseline — trained fixed gait,0.5,0,0,0,0,0,FR,1,0,-43.55145773,18.34133205,298.4001875,302.1188604,0.03252273425,-0.007080348037,-0.00530890899,0.0337052531,,,,
1458,7.918,2.916,baseline — trained fixed gait,0.5,0,0,0,0,0,RL,1,0,44.46955594,-35.4231038,306.7952022,312.0186433,-0.001033268913,0.01037119482,-0.004371669017,0.0113022483,,,,
1458,7.918,2.916,baseline — trained fixed gait,0.5,0,0,0,0,0,RR,0,0,0,0,0,0,1.417216802,-0.05508270056,-0.1476818627,1.425954943,,,,
1459,7.92,2.918,baseline — trained fixed gait,0.5,0,0,0,0,0,FL,0,0,0,0,0,0,1.236424036,0.02213431298,-0.03910409064,1.237240257,,,,
1459,7.92,2.918,baseline — trained fixed gait,0.5,0,0,0,0,0,FR,1,0,-43.44955658,18.50830444,298.7573899,302.4671872,0.03267266693,-0.007175602536,-0.005124518323,0.03384158868,,,,
1459,7.92,2.918,baseline — trained fixed gait,0.5,0,0,0,0,0,RL,1,0,44.60942013,-35.8183468,308.4994166,313.759214,-0.0009608934449,0.01043650995,-0.004367190816,0.01135413633,,,,
1459,7.92,2.918,baseline — trained fixed gait,0.5,0,0,0,0,0,RR,0,0,0,0,0,0,1.388527331,-0.03949973898,-0.1614658894,1.398441852,,,,
1460,7.922,2.92,baseline — trained fixed gait,0.5,0,0,0,0,0,FL,0,0,0,0,0,0,1.200629151,0.00628902066,-0.04568758646,1.201514572,,,,
1460,7.922,2.92,baseline — trained fixed gait,0.5,0,0,0,0,0,FR,1,0,-48.21573985,20.07550696,307.9416424,312.3393006,0.03273779135,-0.007250449432,-0.004905221609,0.03388795063,,,,
1460,7.922,2.92,baseline — trained fixed gait,0.5,0,0,0,0,0,RL,1,0,45.20892712,-35.18691988,307.1623026,312.4590318,-0.0008773935416,0.01049768902,-0.004368945251,0.01140434026,,,,
1460,7.922,2.92,baseline — trained fixed gait,0.5,0,0,0,0,0,RR,0,0,0,0,0,0,1.361615194,-0.02383192913,-0.1718064925,1.372618435,,,,
1461,7.924,2.922,baseline — trained fixed gait,0.5,0,0,0,0,0,FL,0,0,0,0,0,0,1.142057358,-0.006284487583,-0.08736438258,1.145411297,,,,
1461,7.924,2.922,baseline — trained fixed gait,0.5,0,0,0,0,0,FR,1,0,-48.18672801,20.27634244,308.292429,312.6936401,0.03347340174,-0.007509422352,-0.005287073872,0.03471041916,,,,
1461,7.924,2.922,baseline — trained fixed gait,0.5,0,0,0,0,0,RL,1,0,45.39260576,-35.6236261,308.7387536,314.0846213,-0.0008621576139,0.01043637636,-0.004169207752,0.01127136019,,,,
1461,7.924,2.922,baseline — trained fixed gait,0.5,0,0,0,0,0,RR,0,0,0,0,0,0,1.317728914,-0.009066171866,-0.2132981031,1.334911146,,,,
1462,7.926,2.924,baseline — trained fixed gait,0.5,0,0,0,0,0,FL,0,0,0,0,0,0,1.09176773,-0.02088024405,-0.1156161743,1.098070972,,,,
1462,7.926,2.924,baseline — trained fixed gait,0.5,0,0,0,0,0,FR,1,0,-48.10293194,20.46401483,308.6047832,313.0009268,0.03389817361,-0.007677512398,-0.005393388335,0.0351727026,,,,
1462,7.926,2.924,baseline — trained fixed gait,0.5,0,0,0,0,0,RL,1,0,45.57495267,-36.02801853,310.2858392,315.6776781,-0.0008175699104,0.01043353386,-0.004070221841,0.01122914757,,,,
1462,7.926,2.924,baseline — trained fixed gait,0.5,0,0,0,0,0,RR,0,0,0,0,0,0,1.280675163,0.006826516066,-0.2424153613,1.303434188,,,,
1463,7.928,2.926,baseline — trained fixed gait,0.5,0,0,0,0,0,FL,0,0,0,0,0,0,1.047955056,-0.0367730397,-0.1337167073,1.057091393,,,,
1463,7.928,2.926,baseline — trained fixed gait,0.5,0,0,0,0,0,FR,1,0,-47.98389194,20.63952768,308.8990685,313.2843413,0.03412980108,-0.007792788135,-0.005338572145,0.03541286801,,,,
1463,7.928,2.926,baseline — trained fixed gait,0.5,0,0,0,0,0,RL,1,0,45.75987061,-36.40663379,311.7951225,317.2311573,-0.0007533826171,0.0104587127,-0.004038351841,0.01123657164,,,,
1463,7.928,2.926,baseline — trained fixed gait,0.5,0,0,0,0,0,RR,0,0,0,0,0,0,1.248888958,0.02338159837,-0.2619829951,1.27628579,,,,
1464,7.93,2.928,baseline — trained fixed gait,0.5,0,0,0,0,0,FL,0,0,0,0,0,0,1.009196929,-0.0533278178,-0.144274681,1.020851351,,,,
1464,7.93,2.928,baseline — trained fixed gait,0.5,0,0,0,0,0,FR,1,0,-47.84247354,20.80441286,309.1880029,313.5585225,0.03424474102,-0.007877328006,-0.005195953346,0.03552115588,,,,
1464,7.93,2.928,baseline — trained fixed gait,0.5,0,0,0,0,0,RL,1,0,45.95008672,-36.76251278,313.2600238,318.7392905,-0.0006761232315,0.01049525253,-0.00404992356,0.01126984246,,,,
1464,7.93,2.928,baseline — trained fixed gait,0.5,0,0,0,0,0,RR,0,0,0,0,0,0,1.221132879,0.04025360915,-0.2742695977,1.25220193,,,,
1465,7.932,2.93,baseline — trained fixed gait,0.5,0,0,0,0,0,FL,0,0,0,0,0,0,0.974375353,-0.0700594201,-0.1493484444,0.9882411693,,,,
1465,7.932,2.93,baseline — trained fixed gait,0.5,0,0,0,0,0,FR,1,0,-50.56327546,22.17558526,318.688127,323.4355016,0.03428951429,-0.007944125371,-0.005013691422,0.03555301703,,,,
1465,7.932,2.93,baseline — trained fixed gait,0.5,0,0,0,0,0,RL,1,0,46.26680339,-36.08429707,311.8057518,317.2783012,-0.0005899264396,0.01053407299,-0.004088411939,0.01131502626,,,,
1465,7.932,2.93,baseline — trained fixed gait,0.5,0,0,0,0,0,RR,0,0,0,0,0,0,1.196431058,0.05717985928,-0.2810850618,1.230335574,,,,
1466,7.934,2.932,baseline — trained fixed gait,0.5,0,0,0,0,0,FL,0,0,0,0,0,0,0.9140756811,-0.08309596894,-0.1962321778,0.9385874272,,,,
1466,7.934,2.932,baseline — trained fixed gait,0.5,0,0,0,0,0,FR,1,0,-50.46075793,22.37610955,318.8957125,323.6378437,0.03475642707,-0.008165720752,-0.005450595437,0.03611643959,,,,
1466,7.934,2.932,baseline — trained fixed gait,0.5,0,0,0,0,0,RL,1,0,46.48852354,-36.49718527,313.1429876,318.6718658,-0.0005270720171,0.01045490644,-0.003945147313,0.01118691472,,,,
1466,7.934,2.932,baseline — trained fixed gait,0.5,0,0,0,0,0,RR,0,0,0,0,0,0,1.147279829,0.07362863349,-0.3323596889,1.196718491,,,,
1467,7.936,2.934,baseline — trained fixed gait,0.5,0,0,0,0,0,FL,0,0,0,0,0,0,0.8636985499,-0.09870981173,-0.2267327513,0.898402222,,,,
1467,7.936,2.934,baseline — trained fixed gait,0.5,0,0,0,0,0,FR,1,0,-50.31930129,22.56063088,319.0784008,323.8086472,0.0350242385,-0.008308222792,-0.005595243013,0.03642843111,,,,
1467,7.936,2.934,baseline — trained fixed gait,0.5,0,0,0,0,0,RL,1,0,46.70869899,-36.87014051,314.4493446,320.0304675,-0.0004540920603,0.01043577348,-0.003900422982,0.01115010615,,,,
1467,7.936,2.934,baseline — trained fixed gait,0.5,0,0,0,0,0,RR,0,0,0,0,0,0,1.107813712,0.09144684192,-0.3659430982,1.170268387,,,,
1468,7.938,2.936,baseline — trained fixed gait,0.5,0,0,0,0,0,FL,0,0,0,0,0,0,0.8211003228,-0.115906384,-0.2449019675,0.8646484856,,,,
1468,7.938,2.936,baseline — trained fixed gait,0.5,0,0,0,0,0,FR,1,0,-50.1526258,22.73147978,319.25131,323.9651293,0.03516659848,-0.008404653065,-0.005567266934,0.03658308766,,,,
1468,7.938,2.936,baseline — trained fixed gait,0.5,0,0,0,0,0,RL,1,0,46.93083942,-37.20820041,315.7158245,321.3462863,-0.0003735240793,0.0104442562,-0.003918360371,0.01116134203,,,,
1468,7.938,2.936,baseline — trained fixed gait,0.5,0,0,0,0,0,RR,0,0,0,0,0,0,1.075806728,0.1100275334,-0.3860322725,1.148253931,,,,
1469,7.94,2.938,baseline — trained fixed gait,0.5,0,0,0,0,0,FL,0,0,0,0,0,0,0.7845834099,-0.13391888,-0.2539577565,0.8354639044,,,,
1469,7.94,2.938,baseline — trained fixed gait,0.5,0,0,0,0,0,FR,1,0,-49.96992937,22.89008431,319.4242572,324.1185059,0.03523203047,-0.008474291641,-0.005444144755,0.03664353015,,,,
1469,7.94,2.938,baseline — trained fixed gait,0.5,0,0,0,0,0,RL,1,0,47.15748626,-37.51631381,316.9351554,322.6130732,-0.0002871810498,0.01046258943,-0.003974185872,0.01119564218,,,,
1469,7.94,2.938,baseline — trained fixed gait,0.5,0,0,0,0,0,RR,0,0,0,0,0,0,1.049495366,0.1289098002,-0.39598265,1.129097214,,,,
1470,7.942,2.94,baseline — trained fixed gait,0.5,0,0,0,0,0,FL,0,0,0,0,0,0,0.7528071687,-0.1521628263,-0.2564327593,0.8097097746,,,,
1470,7.942,2.94,baseline — trained fixed gait,0.5,0,0,0,0,0,FR,1,0,-52.74249627,24.10142291,324.6896291,329.8272347,0.03525051293,-0.008528450831,-0.005276052791,0.03664928196,,,,
1470,7.942,2.94,baseline — trained fixed gait,0.5,0,0,0,0,0,RL,1,0,47.16482139,-36.0381691,312.3283717,317.9186717,-0.0001965679895,0.01048141332,-0.004051235065,0.01123882422,,,,
1470,7.942,2.94,baseline — trained fixed gait,0.5,0,0,0,0,0,RR,0,0,0,0,0,0,1.027485885,0.1477476111,-0.3984563279,1.111901095,,,,
1471,7.944,2.942,baseline — trained fixed gait,0.5,0,0,0,0,0,FL,0,0,0,0,0,0,0.6904866827,-0.1658640615,-0.3083622778,0.7741899252,,,,
1471,7.944,2.942,baseline — trained fixed gait,0.5,0,0,0,0,0,FR,1,0,-52.46235259,24.35975702,324.6330314,329.7458131,0.03551854019,-0.00892746359,-0.004258688525,0.03687007908,,,,
1471,7.944,2.942,baseline — trained fixed gait,0.5,0,0,0,0,0,RL,1,0,47.42997134,-36.43937871,313.4226993,319.0787034,-0.0001036605569,0.01029087486,-0.003743400601,0.01095106839,,,,
1471,7.944,2.942,baseline — trained fixed gait,0.5,0,0,0,0,0,RR,0,0,0,0,0,0,0.9737216723,0.1654629026,-0.4604018344,1.089716347,,,,
1472,7.946,2.944,baseline — trained fixed gait,0.5,0,0,0,0,0,FL,0,0,0,0,0,0,0.6398205553,-0.1826324736,-0.3408672591,0.7476064819,,,,
1472,7.946,2.944,baseline — trained fixed gait,0.5,0,0,0,0,0,FR,1,0,-52.19204858,24.58196415,324.609959,329.6966915,0.03565132079,-0.009179613378,-0.00348266446,0.03697851982,,,,
1472,7.946,2.944,baseline — trained fixed gait,0.5,0,0,0,0,0,RL,1,0,47.68654751,-36.7910131,314.4980818,320.2134115,-1.79209481e-05,0.0102055156,-0.003619881567,0.01082850001,,,,
1472,7.946,2.944,baseline — trained fixed gait,0.5,0,0,0,0,0,RR,0,0,0,0,0,0,0.9326744011,0.1848671637,-0.4987100478,1.073670861,,,,
1473,7.948,2.946,baseline — trained fixed gait,0.5,0,0,0,0,0,FL,0,0,0,0,0,0,0.5983107149,-0.2012897261,-0.3588090877,0.7261110293,,,,
1473,7.948,2.946,baseline — trained fixed gait,0.5,0,0,0,0,0,FR,1,0,-51.93221693,24.77708248,324.6217708,329.6818968,0.0357058694,-0.009345127824,-0.002897324614,0.03702208819,,,,
1473,7.948,2.946,baseline — trained fixed gait,0.5,0,0,0,0,0,RL,1,0,47.93971599,-37.09925612,315.5424406,321.3123138,6.479774184e-05,0.01017230983,-0.003613982234,0.01079541355,,,,
1473,7.948,2.946,baseline — trained fixed gait,0.5,0,0,0,0,0,RR,0,0,0,0,0,0,0.9014147925,0.2051827144,-0.5191371191,1.060260309,,,,
1474,7.95,2.948,baseline — trained fixed gait,0.5,0,0,0,0,0,FL,0,0,0,0,0,0,0.5639716493,-0.2209286559,-0.3660416507,0.7077146192,,,,
1474,7.95,2.948,baseline — trained fixed gait,0.5,0,0,0,0,0,FR,1,0,-51.68188293,24.95082445,324.6661347,329.6993474,0.03571735289,-0.009459116067,-0.002457760644,0.03703032219,,,,
1474,7.95,2.948,baseline — trained fixed gait,0.5,0,0,0,0,0,RL,1,0,48.19325175,-37.37055849,316.5458668,322.3669244,0.0001473648048,0.01016203579,-0.003679311087,0.0108086085,,,,
1474,7.95,2.948,baseline — trained fixed gait,0.5,0,0,0,0,0,RR,0,0,0,0,0,0,0.8776176626,0.2258230034,-0.5262714891,1.047936291,,,,
1475,7.952,2.95,baseline — trained fixed gait,0.5,0,0,0,0,0,FL,0,0,0,0,0,0,0.5352284203,-0.2408590321,-0.3655911396,0.6914762589,,,,
1475,7.952,2.95,baseline — trained fixed gait,0.5,0,0,0,0,0,FR,1,0,-49.93950289,24.56944306,326.9814733,331.6843309,0.03570420043,-0.009542286846,-0.002129919077,0.03701866721,,,,
1475,7.952,2.95,baseline — trained fixed gait,0.5,0,0,0,0,0,RL,1,0,48.07385634,-34.95465724,307.9696541,313.6530433,0.0002309443898,0.01015898128,-0.003784852597,0.01084358543,,,,
1475,7.952,2.95,baseline — trained fixed gait,0.5,0,0,0,0,0,RR,0,0,0,0,0,0,0.8594399141,0.2463510301,-0.523739336,1.036160551,,,,
1476,7.954,2.952,baseline — trained fixed gait,0.5,0,0,0,0,0,FL,0,0,0,0,0,0,0.4712135884,-0.2563487705,-0.4234819327,0.6834426716,,,,
1476,7.954,2.952,baseline — trained fixed gait,0.5,0,0,0,0,0,FR,1,0,-49.64552879,24.75862192,326.8130402,331.4882066,0.03554614849,-0.009544842509,-0.002036950513,0.03686165838,,,,
1476,7.954,2.952,baseline — trained fixed gait,0.5,0,0,0,0,0,RL,1,0,48.37005906,-35.36821409,308.8824487,314.6409705,0.0003117673865,0.009839973068,-0.003260833472,0.01037088732,,,,
1476,7.954,2.952,baseline — trained fixed gait,0.5,0,0,0,0,0,RR,0,0,0,0,0,0,0.7986079883,0.2648638407,-0.6002919983,1.033575375,,,,
1477,7.956,2.954,baseline — trained fixed gait,0.5,0,0,0,0,0,FL,0,0,0,0,0,0,0.4209180393,-0.2754277986,-0.4583848589,0.6805506204,,,,
1477,7.956,2.954,baseline — trained fixed gait,0.5,0,0,0,0,0,FR,1,0,-49.37183566,24.93600857,326.689191,331.338513,0.03544222474,-0.009558444241,-0.001927564365,0.03675908942,,,,
1477,7.956,2.954,baseline — trained fixed gait,0.5,0,0,0,0,0,RL,1,0,48.6460603,-35.72274382,309.7989115,315.623065,0.0003834762985,0.009682887558,-0.003042318175,0.01015682359,,,,
1477,7.956,2.954,baseline — trained fixed gait,0.5,0,0,0,0,0,RR,0,0,0,0,0,0,0.7543316287,0.2855105042,-0.6457333251,1.033200843,,,,
1478,7.958,2.956,baseline — trained fixed gait,0.5,0,0,0,0,0,FL,0,0,0,0,0,0,0.381407329,-0.2967077998,-0.476118744,0.67837757,,,,
1478,7.958,2.956,baseline — trained fixed gait,0.5,0,0,0,0,0,FR,1,0,-49.11309685,25.10081674,326.6033998,331.2279095,0.03537251164,-0.009578527588,-0.001816392492,0.03669144385,,,,
1478,7.958,2.956,baseline — trained fixed gait,0.5,0,0,0,0,0,RL,1,0,48.91042051,-36.02481894,310.7019058,316.5844138,0.000450423581,0.009608859927,-0.003018956648,0.01008202211,,,,
1478,7.958,2.956,baseline — trained fixed gait,0.5,0,0,0,0,0,RR,0,0,0,0,0,0,0.7228141875,0.3073103715,-0.6677826254,1.030938237,,,,
1479,7.96,2.958,baseline — trained fixed gait,0.5,0,0,0,0,0,FL,0,0,0,0,0,0,0.350341501,-0.3191207011,-0.4812876197,0.6754368675,,,,
1479,7.96,2.958,baseline — trained fixed gait,0.5,0,0,0,0,0,FR,1,0,-48.86492665,25.25312116,326.5513367,331.1514407,0.03532181042,-0.009602424199,-0.001713986402,0.03664388887,,,,
1479,7.96,2.958,baseline — trained fixed gait,0.5,0,0,0,0,0,RL,1,0,49.16926272,-36.28220543,311.577429,317.5130062,0.0005168225549,0.009574292145,-0.003113633878,0.01008111559,,,,
1479,7.96,2.958,baseline — trained fixed gait,0.5,0,0,0,0,0,RR,0,0,0,0,0,0,0.7010355354,0.3295268836,-0.6725802394,1.025866935,,,,
1480,7.962,2.96,baseline — trained fixed gait,0.5,0,0,0,0,0,FL,0,0,0,0,0,0,0.3258570317,-0.3418548421,-0.4774982359,0.6716041271,,,,
1480,7.962,2.96,baseline — trained fixed gait,0.5,0,0,0,0,0,FR,1,0,-45.47775519,24.87872122,325.7002477,329.7996791,0.03528071512,-0.009628446824,-0.001625527482,0.03660707837,,,,
1480,7.962,2.96,baseline — trained fixed gait,0.5,0,0,0,0,0,RL,1,0,47.87167165,-33.03511713,300.6328701,306.2076722,0.0005847841034,0.009555490344,-0.003274586411,0.01011791897,,,,
1480,7.962,2.96,baseline — trained fixed gait,0.5,0,0,0,0,0,RR,0,0,0,0,0,0,0.6865932546,0.3516136367,-0.6649640875,1.018439829,,,,
1481,7.964,2.962,baseline — trained fixed gait,0.5,0,0,0,0,0,FL,0,0,0,0,0,0,0.2556842708,-0.3587192694,-0.5500931765,0.704738578,,,,
1481,7.964,2.962,baseline — trained fixed gait,0.5,0,0,0,0,0,FR,1,0,-45.1335429,25.0509401,325.3707979,329.4400437,0.03488121168,-0.009599671805,-0.001498921749,0.0362091065,,,,
1481,7.964,2.962,baseline — trained fixed gait,0.5,0,0,0,0,0,RL,1,0,48.16537798,-33.50768937,301.3947561,307.0528748,0.0008060238183,0.009122043854,-0.002669932883,0.009538862619,,,,
1481,7.964,2.962,baseline — trained fixed gait,0.5,0,0,0,0,0,RR,0,0,0,0,0,0,0.617749841,0.3714379988,-0.7571761685,1.045417048,,,,
1482,7.966,2.964,baseline — trained fixed gait,0.5,0,0,0,0,0,FL,0,0,0,0,0,0,0.2030466337,-0.3802442141,-0.5929710217,0.7330949668,,,,
1482,7.966,2.964,baseline — trained fixed gait,0.5,0,0,0,0,0,FR,1,0,-44.83035972,25.21175199,325.1139276,329.1571958,0.03463413836,-0.009589648586,-0.001399346744,0.03596446957,,,,
1482,7.966,2.964,baseline — trained fixed gait,0.5,0,0,0,0,0,RL,1,0,48.43694668,-33.90521331,302.1777583,307.9076142,0.0009537968941,0.008905677753,-0.002444405875,0.009284177122,,,,
1482,7.966,2.964,baseline — trained fixed gait,0.5,0,0,0,0,0,RR,0,0,0,0,0,0,0.5699017773,0.3939272265,-0.8098495707,1.065749981,,,,
1483,7.968,2.966,baseline — trained fixed gait,0.5,0,0,0,0,0,FL,0,0,0,0,0,0,0.1641717072,-0.404660568,-0.613692673,0.7532072899,,,,
1483,7.968,2.966,baseline — trained fixed gait,0.5,0,0,0,0,0,FR,1,0,-44.56187123,25.32548574,324.9127913,328.9307869,0.03448070295,-0.009590593111,-0.001323817972,0.03581411519,,,,
1483,7.968,2.966,baseline — trained fixed gait,0.5,0,0,0,0,0,RL,1,0,46.70655224,-34.72920741,302.0014362,307.5589168,0.0010585428,0.008801785448,-0.002458480769,0.009199786282,,,,
1483,7.968,2.966,baseline — trained fixed gait,0.5,0,0,0,0,0,RR,0,0,0,0,0,0,0.5382504669,0.417870867,-0.832984314,1.076193521,,,,
1484,7.97,2.968,baseline — trained fixed gait,0.5,0,0,0,0,0,FL,0,0,0,0,0,0,0.1361318714,-0.4305425635,-0.6182838941,0.7656198529,,,,
1484,7.97,2.968,baseline — trained fixed gait,0.5,0,0,0,0,0,FR,1,0,-44.30722285,25.46954363,324.7567114,328.7533258,0.03438446068,-0.009592010614,-0.00127084125,0.03571992219,,,,
1484,7.97,2.968,baseline — trained fixed gait,0.5,0,0,0,0,0,RL,1,0,47.00886205,-35.05038656,302.7122225,308.3391839,0.001321864461,0.008878169583,-0.001602187317,0.009117906832,,,,
1484,7.97,2.968,baseline — trained fixed gait,0.5,0,0,0,0,0,RR,0,0,0,0,0,0,0.518959725,0.4422412803,-0.8345417543,1.07766251,,,,
1485,7.972,2.97,baseline — trained fixed gait,0.5,0,0,0,0,0,FL,0,0,0,0,0,0,0.1164357932,-0.4569379818,-0.6113569586,0.7720796228,,,,
1485,7.972,2.97,baseline — trained fixed gait,0.5,0,0,0,0,0,FR,1,0,-40.70973465,25.97829409,317.7890295,321.4374302,0.03431723032,-0.009600398793,-0.001238819708,0.03565634064,,,,
1485,7.972,2.97,baseline — trained fixed gait,0.5,0,0,0,0,0,RL,1,0,44.48723551,-30.6379963,288.7141612,293.7237952,0.001498921206,0.008923936219,-0.00117893838,0.009125420436,,,,
1485,7.972,2.97,baseline — trained fixed gait,0.5,0,0,0,0,0,RR,0,0,0,0,0,0,0.5089826492,0.466495627,-0.8207426612,1.072520407,,,,
1486,7.974,2.972,baseline — trained fixed gait,0.5,0,0,0,0,0,FL,0,0,0,0,0,0,0.04609250217,-0.4758847281,-0.6883688927,0.8381184437,,,,
1486,7.974,2.972,baseline — trained fixed gait,0.5,0,0,0,0,0,FR,1,0,-40.31924837,26.14154532,317.3751593,320.9922334,0.0338201421,-0.009681326078,-0.0007731787222,0.03518704153,,,,
1486,7.974,2.972,baseline — trained fixed gait,0.5,0,0,0,0,0,RL,1,0,44.80357917,-31.22339406,289.2850215,294.3944373,0.001946031813,0.008378072508,-4.363165487e-05,0.008601223314,,,,
1486,7.974,2.972,baseline — trained fixed gait,0.5,0,0,0,0,0,RR,0,0,0,0,0,0,0.4309788192,0.4886063434,-0.929444618,1.135053391,,,,
1487,7.976,2.974,baseline — trained fixed gait,0.5,0,0,0,0,0,FL,0,0,0,0,0,0,-0.003783816012,-0.5000542077,-0.7311451297,0.88580005,,,,
1487,7.976,2.974,baseline — trained fixed gait,0.5,0,0,0,0,0,FR,1,0,-39.99370898,26.28768959,317.0758917,320.6675232,0.03350345349,-0.009730519686,-0.0005172035512,0.03489171691,,,,
1487,7.976,2.974,baseline — trained fixed gait,0.5,0,0,0,0,0,RL,1,0,45.08569621,-31.70867744,289.9116102,295.1048999,0.002219341558,0.008103606677,0.0004609385213,0.008414652842,,,,
1487,7.976,2.974,baseline — trained fixed gait,0.5,0,0,0,0,0,RR,0,0,0,0,0,0,0.3791977922,0.5138825795,-0.9891722729,1.177424332,,,,
1488,7.978,2.976,baseline — trained fixed gait,0.5,0,0,0,0,0,FL,0,0,0,0,0,0,-0.03760245954,-0.5273674761,-0.7486500433,0.9165191145,,,,
1488,7.978,2.976,baseline — trained fixed gait,0.5,0,0,0,0,0,FR,1,0,-39.78726568,26.76687646,317.1571814,320.7618586,0.0332991873,-0.009760962245,-0.0004015040955,0.03470264348,,,,
1488,7.978,2.976,baseline — trained fixed gait,0.5,0,0,0,0,0,RL,1,0,45.56002309,-35.39851132,290.9575797,296.6227967,0.002390566327,0.00796929706,0.0005619770509,0.008339083954,,,,
1488,7.978,2.976,baseline — trained fixed gait,0.5,0,0,0,0,0,RR,1,1,-167.1761501,-95.23623134,261.1504189,324.372234,0.3476448661,0.540883492,-1.012577656,1.199468805,0.3791977922,0.5138825795,-0.9891722729,1.177424332
1489,7.98,2.978,baseline — trained fixed gait,0.5,0,0,0,0,0,FL,0,0,0,0,0,0,-0.05907977676,-0.5618118906,-0.7474252048,0.9368924471,,,,
1489,7.98,2.978,baseline — trained fixed gait,0.5,0,0,0,0,0,FR,1,0,-39.65884758,26.96829049,317.3343832,320.9380371,0.03314243397,-0.009892001885,-0.0003857897712,0.03458932588,,,,
1489,7.98,2.978,baseline — trained fixed gait,0.5,0,0,0,0,0,RL,1,0,45.60398786,-33.16965961,292.3259035,297.7152731,0.002250160955,0.008227558036,0.0004834616033,0.008543399246,,,,
1489,7.98,2.978,baseline — trained fixed gait,0.5,0,0,0,0,0,RR,1,0,-127.0148705,-63.12109723,219.0196387,260.9341917,0.2541157246,0.3376593361,-0.58186131,0.7191322638,,,,
1490,7.982,2.98,baseline — trained fixed gait,0.5,0,0,0,0,0,FL,0,0,0,0,0,0,-0.0709624291,-0.5897380944,-0.7335362179,0.9438760879,,,,
1490,7.982,2.98,baseline — trained fixed gait,0.5,0,0,0,0,0,FR,1,0,-35.56862953,32.86706658,300.8206726,304.6940244,0.0330480628,-0.00998185564,-0.0004458903327,0.03452550818,,,,
1490,7.982,2.98,baseline — trained fixed gait,0.5,0,0,0,0,0,RL,1,0,33.80569863,-23.23845095,280.357503,283.3428671,0.002323392689,0.008279289078,0.0001966047035,0.008601362371,,,,
1490,7.982,2.98,baseline — trained fixed gait,0.5,0,0,0,0,0,RR,1,0,-95.10937264,-31.19568467,259.4490163,278.087676,0.16885704,0.203281926,-0.3103094847,0.4075882944,,,,
1491,7.984,2.982,baseline — trained fixed gait,0.5,0,0,0,0,0,FL,0,0,0,0,0,0,-0.1392046205,-0.6057101545,-0.8166063897,1.026210852,,,,
1491,7.984,2.982,baseline — trained fixed gait,0.5,0,0,0,0,0,FR,1,0,-35.02156542,33.50797473,300.5076102,304.3913899,0.03235082013,-0.01079305446,0.0005384841564,0.03410799837,,,,
1491,7.984,2.982,baseline — trained fixed gait,0.5,0,0,0,0,0,RL,1,0,34.18619224,-21.64200277,279.6596988,282.5714408,0.00421422861,0.007161521943,0.002237623438,0.008605467911,,,,
1491,7.984,2.982,baseline — trained fixed gait,0.5,0,0,0,0,0,RR,1,0,-70.84540703,-15.37346377,235.7169576,246.6128529,0.1120256816,0.1209179408,-0.1461768818,0.2203147351,,,,
1492,7.986,2.984,baseline — trained fixed gait,0.5,0,0,0,0,0,FL,0,0,0,0,0,0,-0.1847499767,-0.6253322054,-0.8619048911,1.080764989,,,,
1492,7.986,2.984,baseline — trained fixed gait,0.5,0,0,0,0,0,FR,1,0,-34.49541884,34.11710453,300.2556053,304.1501919,0.03185001768,-0.01131684728,0.001016164518,0.03381607974,,,,
1492,7.986,2.984,baseline — trained fixed gait,0.5,0,0,0,0,0,RL,1,0,34.64119427,-20.3053759,278.5039065,281.3836288,0.005471910705,0.006344065501,0.003447017032,0.009059299104,,,,
1492,7.986,2.984,baseline — trained fixed gait,0.5,0,0,0,0,0,RR,1,0,-55.38929313,-5.639429411,220.3397027,227.2649589,0.07779270922,0.07097195633,-0.04416668751,0.1141902819,,,,
1493,7.988,2.986,baseline — trained fixed gait,0.5,0,0,0,0,0,FL,0,0,0,0,0,0,-0.2129962052,-0.6478068258,-0.879958229,1.113259876,,,,
1493,7.988,2.986,baseline — trained fixed gait,0.5,0,0,0,0,0,FR,1,0,-33.98444226,34.69373749,300.0598706,303.9646751,0.03146707172,-0.01166900049,0.001170874658,0.03358144015,,,,
1493,7.988,2.986,baseline — trained fixed gait,0.5,0,0,0,0,0,RL,1,0,35.15837556,-19.15932294,277.1570875,280.0343589,0.006322460101,0.005715709849,0.004125777849,0.009469154327,,,,
1493,7.988,2.986,baseline — trained fixed gait,0.5,0,0,0,0,0,RR,1,0,-45.09534269,0.4350052885,209.6051283,214.4017,0.05659154811,0.0407309457,0.01763366019,0.07192050631,,,,
1494,7.99,2.988,baseline — trained fixed gait,0.5,0,0,0,0,0,FL,0,0,0,0,0,0,-0.2283059754,-0.6723776671,-0.8788257011,1.129845104,,,,
1494,7.99,2.988,baseline — trained fixed gait,0.5,0,0,0,0,0,FR,1,0,-33.48359148,35.23335883,299.9139555,303.8271238,0.03115223213,-0.01191828598,0.001122396725,0.03337314612,,,,
1494,7.99,2.988,baseline — trained fixed gait,0.5,0,0,0,0,0,RL,1,0,35.70401801,-18.12371702,275.5928009,278.4863335,0.006921748511,0.005220025805,0.004472674894,0.009755208484,,,,
1494,7.99,2.988,baseline — trained fixed gait,0.5,0,0,0,0,0,RR,1,0,-38.13650821,4.246407259,201.8238463,205.4392615,0.04358317147,0.02246198708,0.05319788523,0.0723467255,,,,
1495,7.992,2.99,baseline — trained fixed gait,0.5,0,0,0,0,0,FL,0,0,0,0,0,0,-0.2340800459,-0.698319745,-0.8647235942,1.135865674,,,,
1495,7.992,2.99,baseline — trained fixed gait,0.5,0,0,0,0,0,FR,1,0,-26.81300161,44.70271644,283.6249613,288.3754299,0.03087599315,-0.01210455912,0.0009504810065,0.03317756348,,,,
1495,7.992,2.99,baseline — trained fixed gait,0.5,0,0,0,0,0,RL,1,0,23.35528556,-11.92963877,265.4228346,266.7153291,0.007366697074,0.004817632799,0.0046221081,0.009941916056,,,,
1495,7.992,2.99,baseline — trained fixed gait,0.5,0,0,0,0,0,RR,1,0,-21.74617492,10.43717709,258.3025717,259.4263852,0.03575423255,0.01146890462,0.07179830694,0.08102405691,,,,
1496,7.994,2.992,baseline — trained fixed gait,0.5,0,0,0,0,0,FL,0,0,0,0,0,0,-0.3067881249,-0.7273854683,-0.9519109718,1.236666111,,,,
1496,7.994,2.992,baseline — trained fixed gait,0.5,0,0,0,0,0,FR,1,0,-26.08586425,45.26480674,283.230276,288.0082712,0.02975167534,-0.01340315155,0.001753185048,0.03267843808,,,,
1496,7.994,2.992,baseline — trained fixed gait,0.5,0,0,0,0,0,RL,1,0,23.8615791,-11.09450425,262.8155503,264.1296584,0.00961427525,0.003728075016,0.005221527384,0.01155842464,,,,
1496,7.994,2.992,baseline — trained fixed gait,0.5,0,0,0,0,0,RR,1,0,-18.3981311,11.52351835,253.5686198,254.4962232,0.02995895921,0.004450764255,0.07541014603,0.0812652365,,,,
1497,7.996,2.994,baseline — trained fixed gait,0.5,0,0,0,0,0,FL,0,0,0,0,0,0,-0.3545556902,-0.7623951721,-0.9989155269,1.305675444,,,,
1497,7.996,2.994,baseline — trained fixed gait,0.5,0,0,0,0,0,FR,1,0,-25.44625398,45.71613028,282.9876087,287.7837089,0.02897084986,-0.01418629356,0.002042367598,0.03232231941,,,,
1497,7.996,2.994,baseline — trained fixed gait,0.5,0,0,0,0,0,RL,1,0,24.42409511,-10.28187313,260.0141289,261.3610541,0.01108154648,0.002994942409,0.005547750766,0.01274942708,,,,
1497,7.996,2.994,baseline — trained fixed gait,0.5,0,0,0,0,0,RR,1,0,-15.89519998,12.07387827,249.3456399,250.143327,0.02677808824,0.0003766977486,0.07425670081,0.07893836536,,,,
1498,7.998,2.996,baseline — trained fixed gait,0.5,0,0,0,0,0,FL,0,0,0,0,0,0,-0.3832986262,-0.8012396571,-1.016874525,1.350161703,,,,
1498,7.998,2.996,baseline — trained fixed gait,0.5,0,0,0,0,0,FR,1,0,-24.86427805,46.09301189,282.8546172,287.6621848,0.0284067969,-0.01465825671,0.002005399006,0.03202861573,,,,
1498,7.998,2.996,baseline — trained fixed gait,0.5,0,0,0,0,0,RL,1,0,25.01306774,-9.462552943,257.0589695,258.4463334,0.01206907803,0.002470764744,0.005701025604,0.0135745724,,,,
1498,7.998,2.996,baseline — trained fixed gait,0.5,0,0,0,0,0,RR,1,0,-13.92826833,12.31946738,245.5366397,246.2397356,0.025186164,-0.001912427924,0.07032314064,0.07472177961,,,,
1499,8,2.998,baseline — trained fixed gait,0.5,0,0,0,0,0,FL,0,0,0,0,0,0,-0.3976622465,-0.842269294,-1.014466207,1.377205326,,,,
1499,8,2.998,baseline — trained fixed gait,0.5,0,0,0,0,0,FR,1,0,-24.31939143,46.41782767,282.8021244,287.6162184,0.02797585099,-0.0149426253,0.00176619271,0.03176554306,,,,
1499,8,2.998,baseline — trained fixed gait,0.5,0,0,0,0,0,RL,1,0,25.61033249,-8.632655804,253.972912,255.406836,0.01277034701,0.002070376002,0.005757058175,0.01416022381,,,,
1499,8,2.998,baseline — trained fixed gait,0.5,0,0,0,0,0,RR,1,0,-12.29587092,12.37291618,241.8858968,242.5140502,0.02455477693,-0.003126562198,0.06489280752,0.06945350193,,,,
1500,8.002,3,baseline — trained fixed gait,0.5,0,0,0,0,0,FL,0,0,0,0,0,0,-0.4014375134,-0.8842981955,-0.9982341297,1.392697653,,,,
1500,8.002,3,baseline — trained fixed gait,0.5,0,0,0,0,0,FR,1,0,-21.68970784,54.22566483,265.8674821,272.2065102,0.02762654795,-0.01511339095,0.001409717789,0.03152186609,,,,
1500,8.002,3,baseline — trained fixed gait,0.5,0,0,0,0,0,RL,1,0,12.9495842,-1.331995064,229.2066135,229.5759953,0.01329934472,0.001743660394,0.00576287756,0.01459875609,,,,
1500,8.002,3,baseline — trained fixed gait,0.5,0,0,0,0,0,RR,1,0,6.763842551,12.90410667,263.4365094,263.8390797,0.02449507871,-0.003694225273,0.05879631479,0.06380174617,,,,
1501,8.004,3.002,baseline — trained fixed gait,0.5,0,0,0,0,0,FL,0,0,0,0,0,0,-0.4947600803,-0.9230076175,-1.107053652,1.523908917,,,,
1501,8.004,3.002,baseline — trained fixed gait,0.5,0,0,0,0,0,FR,1,0,-21.05125989,54.59653941,265.6578236,272.0257652,0.02700973315,-0.01619957089,0.002101031693,0.03156526756,,,,
1501,8.004,3.002,baseline — trained fixed gait,0.5,0,0,0,0,0,RL,1,0,13.4690662,-0.7165250756,225.6837188,226.0864217,0.01550517322,0.00052914713,0.007196539367,0.01710206339,,,,
1501,8.004,3.002,baseline — trained fixed gait,0.5,0,0,0,0,0,RR,1,0,8.126289996,12.31812313,260.1968971,260.6150379,0.02235796785,-0.003945667447,0.05092418948,0.05575589738,,,,
